{"stats":{"minecraft:used":{"minecraft:stone_shovel":310,"minecraft:stone_pickaxe":163,"minecraft:oak_planks":3,"minecraft:chest":1,"minecraft:shield":15,"minecraft:wooden_pickaxe":27,"minecraft:iron_sword":27,"minecraft:cooked_chicken":2,"minecraft:rotten_flesh":5,"minecraft:white_wool":1,"minecraft:crafting_table":5,"minecraft:cobblestone_wall":1,"minecraft:oak_log":1,"minecraft:stone_axe":100,"minecraft:fishing_rod":25,"minecraft:cobblestone":5,"minecraft:purple_bed":2,"minecraft:furnace":2,"minecraft:cooked_beef":5},"minecraft:picked_up":{"minecraft:birch_log":6,"minecraft:fishing_rod":2,"minecraft:crafting_table":7,"minecraft:purple_dye":5,"minecraft:azure_bluet":1,"minecraft:cooked_beef":10,"minecraft:chicken":2,"minecraft:clay_ball":8,"minecraft:salmon":1,"minecraft:leather":30,"minecraft:wooden_pickaxe":5,"minecraft:birch_planks":2,"minecraft:oak_log":24,"minecraft:shield":2,"minecraft:yellow_bed":1,"minecraft:cobblestone_wall":1,"minecraft:string":3,"minecraft:cornflower":2,"minecraft:dirt":224,"minecraft:wheat_seeds":16,"minecraft:iron_ingot":8,"minecraft:beef":5,"minecraft:stone_pickaxe":8,"minecraft:iron_pickaxe":2,"minecraft:poppy":6,"minecraft:sugar_cane":60,"minecraft:iron_sword":2,"minecraft:birch_sapling":1,"minecraft:oak_planks":21,"minecraft:egg":15,"minecraft:furnace":5,"minecraft:stick":6,"minecraft:raw_iron":4,"minecraft:sweet_berries":8,"minecraft:copper_ingot":3,"minecraft:oak_fence":1,"minecraft:torch":4,"minecraft:dandelion":4,"minecraft:sand":38,"minecraft:spruce_log":4,"minecraft:purple_bed":1,"minecraft:rotten_flesh":21,"minecraft:stone_axe":8,"minecraft:oak_sapling":7,"minecraft:mutton":2,"minecraft:coal":258,"minecraft:white_wool":6,"minecraft:cobblestone":154,"minecraft:oxeye_daisy":1},"minecraft:killed":{"minecraft:spider":1,"minecraft:iron_golem":1,"minecraft:sheep":1,"minecraft:zombie":1,"minecraft:chicken":2,"minecraft:drowned":2,"minecraft:cow":3},"minecraft:custom":{"minecraft:interact_with_furnace":19,"minecraft:mob_kills":11,"minecraft:interact_with_crafting_table":17,"minecraft:time_since_death":6435,"minecraft:sleep_in_bed":2,"minecraft:time_since_rest":6471,"minecraft:sprint_one_cm":136788,"minecraft:damage_taken":2630,"minecraft:walk_one_cm":108165,"minecraft:damage_blocked_by_shield":1260,"minecraft:damage_dealt":2532,"minecraft:swim_one_cm":26477,"minecraft:fly_one_cm":280333,"minecraft:open_chest":6,"minecraft:play_time":94345,"minecraft:deaths":7,"minecraft:sneak_time":1,"minecraft:walk_under_water_one_cm":4828,"minecraft:jump":1200,"minecraft:walk_on_water_one_cm":17930,"minecraft:total_world_time":94345,"minecraft:fish_caught":1,"minecraft:fall_one_cm":30635},"minecraft:mined":{"minecraft:oak_fence":1,"minecraft:clay":2,"minecraft:crafting_table":3,"minecraft:cornflower":1,"minecraft:short_grass":61,"minecraft:grass_block":202,"minecraft:poppy":1,"minecraft:cobblestone":2,"minecraft:tall_grass":16,"minecraft:spruce_leaves":3,"minecraft:oak_planks":4,"minecraft:sugar_cane":4,"minecraft:oxeye_daisy":1,"minecraft:purple_bed":1,"minecraft:furnace":1,"minecraft:birch_log":6,"minecraft:iron_ore":2,"minecraft:sweet_berry_bush":3,"minecraft:spruce_log":5,"minecraft:birch_leaves":3,"minecraft:yellow_bed":2,"minecraft:oak_log":22,"minecraft:coal_ore":68,"minecraft:sand":38,"minecraft:dirt":31,"minecraft:stone":102,"minecraft:white_wool":1,"minecraft:oak_leaves":2},"minecraft:killed_by":{"minecraft:zombie":4,"minecraft:iron_golem":2},"minecraft:crafted":{"minecraft:cooked_beef":5,"minecraft:red_dye":1,"minecraft:oak_planks":24,"minecraft:stone_shovel":2,"minecraft:fishing_rod":1,"minecraft:crafting_table":3,"minecraft:purple_bed":1,"minecraft:wooden_pickaxe":2,"minecraft:cooked_chicken":2,"minecraft:iron_sword":1,"minecraft:furnace":1,"minecraft:birch_planks":24,"minecraft:stone_axe":2,"minecraft:air":0,"minecraft:blue_dye":1,"minecraft:purple_dye":2,"minecraft:shield":1,"minecraft:stick":28,"minecraft:iron_ingot":2,"minecraft:iron_pickaxe":1,"minecraft:stone_pickaxe":2,"minecraft:chest":1},"minecraft:broken":{"minecraft:stone_shovel":2}},"DataVersion":3953}