{"stats":{"minecraft:dropped":{"minecraft:diamond":2,"minecraft:dirt":957,"minecraft:sand":35,"minecraft:birch_log":1,"minecraft:white_wool":1,"minecraft:stone_axe":2,"minecraft:sugar_cane":1,"minecraft:cooked_chicken":8,"minecraft:birch_sapling":1,"minecraft:rotten_flesh":2,"minecraft:oak_planks":32,"minecraft:white_bed":1,"minecraft:poppy":3,"minecraft:spruce_slab":4,"minecraft:egg":5,"minecraft:water_bucket":1,"minecraft:oak_slab":4,"minecraft:oak_fence":2,"minecraft:lead":2,"minecraft:activator_rail":1,"minecraft:stick":1,"minecraft:iron_axe":1,"minecraft:dandelion":2,"minecraft:cobblestone_wall":1,"minecraft:stone_shovel":1,"minecraft:stone":63,"minecraft:spider_eye":2,"minecraft:wooden_pickaxe":3},"minecraft:broken":{"minecraft:iron_shovel":6,"minecraft:golden_shovel":1,"minecraft:golden_leggings":1,"minecraft:stone_pickaxe":3,"minecraft:stone_axe":4,"minecraft:stone_shovel":15,"minecraft:stone_hoe":1,"minecraft:shield":2,"minecraft:iron_axe":2,"minecraft:iron_pickaxe":3},"minecraft:crafted":{"minecraft:oak_planks":212,"minecraft:barrel":2,"minecraft:purple_bed":1,"minecraft:oak_pressure_plate":2,"minecraft:cooked_chicken":14,"minecraft:stone":80,"minecraft:lever":2,"minecraft:cooked_mutton":41,"minecraft:bow":3,"minecraft:iron_boots":1,"minecraft:chest":1,"minecraft:stone_hoe":3,"minecraft:item_frame":1,"minecraft:oak_slab":6,"minecraft:cooked_porkchop":12,"minecraft:crafting_table":8,"minecraft:spruce_planks":28,"minecraft:iron_helmet":1,"minecraft:wooden_pickaxe":3,"minecraft:baked_potato":43,"minecraft:hay_block":1,"minecraft:birch_planks":28,"minecraft:painting":1,"minecraft:iron_chestplate":2,"minecraft:wooden_hoe":1,"minecraft:purple_dye":2,"minecraft:shield":5,"minecraft:stick":108,"minecraft:iron_ingot":75,"minecraft:iron_pickaxe":5,"minecraft:shears":1,"minecraft:purple_wool":1,"minecraft:oak_door":6,"minecraft:stone_shovel":16,"minecraft:fishing_rod":2,"minecraft:furnace":7,"minecraft:flint_and_steel":1,"minecraft:iron_axe":4,"minecraft:spruce_slab":6,"minecraft:stone_pickaxe":4,"minecraft:cooked_beef":20,"minecraft:red_dye":1,"minecraft:cooked_cod":3,"minecraft:iron_sword":1,"minecraft:blue_bed":1,"minecraft:cooked_salmon":4,"minecraft:bucket":2,"minecraft:stone_axe":5,"minecraft:bread":12,"minecraft:air":0,"minecraft:blue_dye":2,"minecraft:iron_shovel":7,"minecraft:iron_leggings":2,"minecraft:white_bed":1,"minecraft:torch":28},"minecraft:picked_up":{"minecraft:iron_chestplate":2,"minecraft:wheat":141,"minecraft:lead":3,"minecraft:oak_stairs":56,"minecraft:golden_shovel":3,"minecraft:string":151,"minecraft:activator_rail":2,"minecraft:bucket":1,"minecraft:spruce_planks":4,"minecraft:cobblestone_slab":7,"minecraft:iron_pickaxe":18,"minecraft:furnace":22,"minecraft:stick":114,"minecraft:oak_fence":8,"minecraft:torch":24,"minecraft:porkchop":20,"minecraft:diorite":496,"minecraft:rotten_flesh":35,"minecraft:cod":4,"minecraft:cobblestone":2228,"minecraft:birch_log":10,"minecraft:magma_block":7,"minecraft:feather":15,"minecraft:cooked_beef":17,"minecraft:water_bucket":1,"minecraft:andesite":9,"minecraft:golden_leggings":1,"minecraft:potato":404,"minecraft:flint":4,"minecraft:lapis_lazuli":58,"minecraft:dirt":7411,"minecraft:bone":33,"minecraft:bow":6,"minecraft:wheat_seeds":520,"minecraft:raw_gold":8,"minecraft:powered_rail":6,"minecraft:oak_planks":266,"minecraft:stone_hoe":1,"minecraft:sand":788,"minecraft:stripped_spruce_log":53,"minecraft:mossy_cobblestone":3,"minecraft:dispenser":1,"minecraft:lever":3,"minecraft:granite":2,"minecraft:bread":10,"minecraft:emerald":10,"minecraft:oak_sapling":96,"minecraft:netherrack":1,"minecraft:fishing_rod":4,"minecraft:crafting_table":16,"minecraft:azure_bluet":2,"minecraft:purple_wool":3,"minecraft:chicken":17,"minecraft:ladder":28,"minecraft:clay_ball":48,"minecraft:wooden_pickaxe":7,"minecraft:shield":23,"minecraft:cornflower":3,"minecraft:iron_axe":1,"minecraft:flint_and_steel":4,"minecraft:white_carpet":2,"minecraft:iron_shovel":4,"minecraft:beef":33,"minecraft:poppy":9,"minecraft:light_gray_wool":3,"minecraft:spruce_slab":5,"minecraft:sugar_cane":199,"minecraft:birch_sapling":2,"minecraft:egg":185,"minecraft:raw_iron":150,"minecraft:stone":335,"minecraft:oak_door":11,"minecraft:copper_ingot":20,"minecraft:carrot":300,"minecraft:arrow":16,"minecraft:stone_shovel":6,"minecraft:shears":8,"minecraft:hay_block":1,"minecraft:mutton":54,"minecraft:white_wool":36,"minecraft:oxeye_daisy":2,"minecraft:stripped_oak_log":176,"minecraft:purple_dye":5,"minecraft:salmon":5,"minecraft:leather":90,"minecraft:birch_planks":2,"minecraft:oak_log":319,"minecraft:yellow_bed":4,"minecraft:cobblestone_wall":3,"minecraft:wooden_hoe":2,"minecraft:apple":5,"minecraft:kelp":45,"minecraft:iron_ingot":54,"minecraft:stone_pickaxe":27,"minecraft:cooked_chicken":8,"minecraft:iron_sword":17,"minecraft:oak_slab":4,"minecraft:sweet_berries":8,"minecraft:dandelion":24,"minecraft:gravel":74,"minecraft:lava_bucket":1,"minecraft:spruce_sapling":35,"minecraft:white_bed":7,"minecraft:spruce_log":341,"minecraft:spider_eye":3,"minecraft:purple_bed":2,"minecraft:stone_axe":26,"minecraft:painting":16,"minecraft:baked_potato":50,"minecraft:coal":492},"minecraft:used":{"minecraft:iron_shovel":1638,"minecraft:dispenser":1,"minecraft:poppy":3,"minecraft:shield":118,"minecraft:chest":1,"minecraft:stone":32,"minecraft:iron_sword":245,"minecraft:rotten_flesh":5,"minecraft:mutton":2,"minecraft:carrot":113,"minecraft:stripped_spruce_log":33,"minecraft:lava_bucket":1,"minecraft:iron_helmet":1,"minecraft:item_frame":1,"minecraft:bow":9,"minecraft:hay_block":2,"minecraft:furnace":18,"minecraft:oak_sapling":55,"minecraft:cooked_cod":3,"minecraft:egg":9,"minecraft:potato":158,"minecraft:diorite":91,"minecraft:stone_pickaxe":446,"minecraft:oak_planks":118,"minecraft:wooden_pickaxe":42,"minecraft:blue_bed":1,"minecraft:white_wool":2,"minecraft:sand":13,"minecraft:lever":5,"minecraft:bread":11,"minecraft:string":5,"minecraft:oak_pressure_plate":2,"minecraft:gravel":4,"minecraft:andesite":6,"minecraft:purple_wool":1,"minecraft:oak_fence":3,"minecraft:flint_and_steel":57,"minecraft:stone_shovel":2098,"minecraft:stone_hoe":227,"minecraft:cooked_salmon":4,"minecraft:cooked_chicken":10,"minecraft:oak_door":12,"minecraft:torch":35,"minecraft:dirt":2207,"minecraft:cobblestone_wall":1,"minecraft:golden_shovel":21,"minecraft:granite":2,"minecraft:iron_axe":537,"minecraft:oak_stairs":2,"minecraft:iron_boots":1,"minecraft:barrel":2,"minecraft:cooked_beef":25,"minecraft:wheat_seeds":145,"minecraft:cooked_mutton":7,"minecraft:water_bucket":3,"minecraft:baked_potato":18,"minecraft:salmon":1,"minecraft:crafting_table":13,"minecraft:white_bed":6,"minecraft:painting":17,"minecraft:spruce_log":45,"minecraft:oak_log":143,"minecraft:wooden_hoe":14,"minecraft:iron_pickaxe":899,"minecraft:spruce_sapling":29,"minecraft:stone_axe":509,"minecraft:fishing_rod":47,"minecraft:cobblestone":641,"minecraft:purple_bed":3,"minecraft:cooked_porkchop":2,"minecraft:porkchop":2,"minecraft:bucket":6,"minecraft:yellow_bed":1,"minecraft:stripped_oak_log":114,"minecraft:dandelion":2},"minecraft:custom":{"minecraft:interact_with_crafting_table":98,"minecraft:open_barrel":25,"minecraft:leave_game":3,"minecraft:time_since_death":238139,"minecraft:sprint_one_cm":1342683,"minecraft:damage_blocked_by_shield":7125,"minecraft:drop":115,"minecraft:play_time":718517,"minecraft:deaths":26,"minecraft:jump":7273,"minecraft:walk_on_water_one_cm":208886,"minecraft:interact_with_furnace":118,"minecraft:sleep_in_bed":8,"minecraft:damage_dealt":14366,"minecraft:interact_with_smoker":2,"minecraft:use_cauldron":1,"minecraft:inspect_dispenser":3,"minecraft:horse_one_cm":69807,"minecraft:mob_kills":90,"minecraft:inspect_hopper":2,"minecraft:climb_one_cm":5421,"minecraft:walk_one_cm":1252560,"minecraft:sneak_time":719,"minecraft:walk_under_water_one_cm":170849,"minecraft:total_world_time":718517,"minecraft:time_since_rest":37268,"minecraft:damage_taken":11806,"minecraft:damage_absorbed":20,"minecraft:swim_one_cm":478403,"minecraft:fly_one_cm":1583453,"minecraft:open_chest":87,"minecraft:fish_caught":6,"minecraft:fall_one_cm":144598},"minecraft:killed":{"minecraft:spider":2,"minecraft:skeleton":6,"minecraft:chicken":17,"minecraft:pig":8,"minecraft:salmon":3,"minecraft:iron_golem":5,"minecraft:sheep":28,"minecraft:zombie":2,"minecraft:cow":10,"minecraft:drowned":9},"minecraft:killed_by":{"minecraft:zombie_villager":1,"minecraft:zombified_piglin":1,"minecraft:creeper":3,"minecraft:zombie":6,"minecraft:player":2,"minecraft:spider":1,"minecraft:iron_golem":2,"minecraft:skeleton":7},"minecraft:mined":{"minecraft:spruce_planks":4,"minecraft:white_bed":6,"minecraft:oak_sapling":1,"minecraft:granite":2,"minecraft:grass_block":2299,"minecraft:oxeye_daisy":1,"minecraft:tall_seagrass":3,"minecraft:magma_block":7,"minecraft:iron_ore":89,"minecraft:fire":20,"minecraft:azure_bluet":1,"minecraft:dirt_path":1,"minecraft:spruce_slab":1,"minecraft:kelp_plant":3,"minecraft:clay":14,"minecraft:torch":5,"minecraft:poppy":1,"minecraft:cobblestone":230,"minecraft:oak_planks":28,"minecraft:sugar_cane":12,"minecraft:wall_torch":1,"minecraft:birch_log":7,"minecraft:wheat":84,"minecraft:oak_log":237,"minecraft:sand":210,"minecraft:dirt":1365,"minecraft:dispenser":1,"minecraft:netherrack":2,"minecraft:oak_leaves":75,"minecraft:mossy_cobblestone":1,"minecraft:oak_door":7,"minecraft:lever":3,"minecraft:spruce_leaves":56,"minecraft:kelp":1,"minecraft:hay_block":1,"minecraft:furnace":12,"minecraft:carrots":85,"minecraft:andesite":5,"minecraft:stripped_spruce_log":53,"minecraft:potatoes":93,"minecraft:stripped_oak_log":174,"minecraft:stone":464,"minecraft:white_wool":1,"minecraft:glass_pane":4,"minecraft:dandelion":2,"minecraft:oak_fence":1,"minecraft:cornflower":2,"minecraft:crafting_table":7,"minecraft:short_grass":154,"minecraft:emerald_ore":2,"minecraft:tall_grass":47,"minecraft:lapis_ore":4,"minecraft:diorite":292,"minecraft:purple_bed":2,"minecraft:cobblestone_wall":1,"minecraft:sweet_berry_bush":3,"minecraft:spruce_log":97,"minecraft:birch_leaves":4,"minecraft:yellow_bed":2,"minecraft:coal_ore":146,"minecraft:gravel":21,"minecraft:gold_ore":8}},"DataVersion":3953}