{"stats":{"minecraft:dropped":{"minecraft:water_bucket":1,"minecraft:diamond":2,"minecraft:oak_fence":2,"minecraft:lead":2,"minecraft:activator_rail":1,"minecraft:dirt":957,"minecraft:sand":35,"minecraft:birch_log":1,"minecraft:white_wool":1,"minecraft:dandelion":2,"minecraft:stone_axe":1,"minecraft:sugar_cane":1,"minecraft:cobblestone_wall":1,"minecraft:birch_sapling":1,"minecraft:stone_shovel":1,"minecraft:rotten_flesh":2,"minecraft:oak_planks":32,"minecraft:poppy":3,"minecraft:stone":63,"minecraft:spider_eye":2,"minecraft:egg":5},"minecraft:custom":{"minecraft:mob_kills":39,"minecraft:inspect_hopper":1,"minecraft:interact_with_crafting_table":64,"minecraft:open_barrel":7,"minecraft:leave_game":2,"minecraft:time_since_death":29703,"minecraft:climb_one_cm":3049,"minecraft:sprint_one_cm":918215,"minecraft:walk_one_cm":792003,"minecraft:damage_blocked_by_shield":4846,"minecraft:drop":105,"minecraft:play_time":478037,"minecraft:sneak_time":100,"minecraft:deaths":25,"minecraft:walk_under_water_one_cm":102950,"minecraft:jump":5551,"minecraft:walk_on_water_one_cm":171881,"minecraft:total_world_time":478037,"minecraft:interact_with_furnace":98,"minecraft:sleep_in_bed":2,"minecraft:time_since_rest":29866,"minecraft:damage_taken":10409,"minecraft:damage_absorbed":20,"minecraft:damage_dealt":8425,"minecraft:swim_one_cm":342075,"minecraft:fly_one_cm":1245078,"minecraft:open_chest":60,"minecraft:fish_caught":6,"minecraft:fall_one_cm":125592,"minecraft:horse_one_cm":69807},"minecraft:crafted":{"minecraft:oak_door":3,"minecraft:purple_wool":1,"minecraft:oak_planks":80,"minecraft:stone_shovel":15,"minecraft:fishing_rod":1,"minecraft:purple_bed":1,"minecraft:cooked_chicken":2,"minecraft:furnace":7,"minecraft:stone":80,"minecraft:cooked_mutton":7,"minecraft:flint_and_steel":1,"minecraft:iron_boots":1,"minecraft:bow":2,"minecraft:iron_axe":1,"minecraft:stone_pickaxe":3,"minecraft:chest":1,"minecraft:stone_hoe":2,"minecraft:cooked_beef":14,"minecraft:red_dye":1,"minecraft:cooked_cod":3,"minecraft:cooked_porkchop":4,"minecraft:crafting_table":6,"minecraft:iron_helmet":1,"minecraft:baked_potato":29,"minecraft:wooden_pickaxe":2,"minecraft:iron_sword":1,"minecraft:cooked_salmon":4,"minecraft:bucket":2,"minecraft:birch_planks":28,"minecraft:stone_axe":2,"minecraft:bread":12,"minecraft:air":0,"minecraft:blue_dye":1,"minecraft:wooden_hoe":1,"minecraft:iron_chestplate":1,"minecraft:purple_dye":2,"minecraft:shield":3,"minecraft:stick":76,"minecraft:iron_ingot":75,"minecraft:iron_pickaxe":4,"minecraft:iron_shovel":3,"minecraft:iron_leggings":1,"minecraft:torch":4,"minecraft:shears":1},"minecraft:used":{"minecraft:oak_fence":3,"minecraft:iron_shovel":764,"minecraft:flint_and_steel":57,"minecraft:stone_shovel":1967,"minecraft:poppy":1,"minecraft:chest":1,"minecraft:shield":100,"minecraft:stone":32,"minecraft:iron_sword":245,"minecraft:cooked_salmon":4,"minecraft:stone_hoe":162,"minecraft:cooked_chicken":2,"minecraft:rotten_flesh":5,"minecraft:oak_door":8,"minecraft:torch":7,"minecraft:dirt":1200,"minecraft:mutton":2,"minecraft:cobblestone_wall":1,"minecraft:carrot":76,"minecraft:golden_shovel":21,"minecraft:granite":2,"minecraft:iron_axe":6,"minecraft:oak_stairs":2,"minecraft:iron_helmet":1,"minecraft:iron_boots":1,"minecraft:bow":9,"minecraft:furnace":14,"minecraft:cooked_cod":3,"minecraft:cooked_beef":20,"minecraft:potato":122,"minecraft:wheat_seeds":121,"minecraft:cooked_mutton":3,"minecraft:water_bucket":3,"minecraft:diorite":91,"minecraft:baked_potato":4,"minecraft:stone_pickaxe":374,"minecraft:oak_planks":11,"minecraft:wooden_pickaxe":30,"minecraft:white_wool":2,"minecraft:salmon":1,"minecraft:sand":13,"minecraft:crafting_table":10,"minecraft:oak_log":1,"minecraft:wooden_hoe":14,"minecraft:bread":11,"minecraft:iron_pickaxe":835,"minecraft:gravel":4,"minecraft:stone_axe":202,"minecraft:fishing_rod":34,"minecraft:cobblestone":565,"minecraft:purple_bed":3,"minecraft:porkchop":2,"minecraft:cooked_porkchop":2,"minecraft:bucket":5,"minecraft:andesite":6,"minecraft:yellow_bed":1,"minecraft:dandelion":2,"minecraft:purple_wool":1},"minecraft:killed":{"minecraft:spider":2,"minecraft:skeleton":5,"minecraft:chicken":2,"minecraft:drowned":7,"minecraft:pig":3,"minecraft:salmon":3,"minecraft:iron_golem":3,"minecraft:sheep":6,"minecraft:zombie":1,"minecraft:cow":7},"minecraft:broken":{"minecraft:iron_shovel":3,"minecraft:golden_shovel":1,"minecraft:stone_hoe":1,"minecraft:stone_pickaxe":2,"minecraft:shield":2,"minecraft:stone_axe":1,"minecraft:iron_pickaxe":3,"minecraft:stone_shovel":14},"minecraft:picked_up":{"minecraft:fishing_rod":4,"minecraft:iron_chestplate":2,"minecraft:crafting_table":15,"minecraft:wheat":127,"minecraft:azure_bluet":1,"minecraft:purple_wool":3,"minecraft:chicken":2,"minecraft:ladder":28,"minecraft:clay_ball":48,"minecraft:lead":3,"minecraft:wooden_pickaxe":5,"minecraft:oak_stairs":56,"minecraft:golden_shovel":3,"minecraft:shield":22,"minecraft:cornflower":2,"minecraft:string":150,"minecraft:flint_and_steel":4,"minecraft:white_carpet":2,"minecraft:iron_shovel":4,"minecraft:activator_rail":2,"minecraft:bucket":1,"minecraft:beef":28,"minecraft:cobblestone_slab":7,"minecraft:poppy":7,"minecraft:iron_pickaxe":18,"minecraft:sugar_cane":199,"minecraft:birch_sapling":2,"minecraft:furnace":19,"minecraft:egg":158,"minecraft:stick":70,"minecraft:raw_iron":150,"minecraft:stone":335,"minecraft:oak_door":6,"minecraft:oak_fence":8,"minecraft:copper_ingot":20,"minecraft:torch":16,"minecraft:porkchop":12,"minecraft:diorite":496,"minecraft:carrot":180,"minecraft:arrow":16,"minecraft:rotten_flesh":35,"minecraft:stone_shovel":6,"minecraft:shears":8,"minecraft:mutton":20,"minecraft:cod":4,"minecraft:white_wool":17,"minecraft:cobblestone":2180,"minecraft:oxeye_daisy":1,"minecraft:stripped_oak_log":7,"minecraft:birch_log":10,"minecraft:purple_dye":5,"minecraft:cooked_beef":17,"minecraft:water_bucket":1,"minecraft:andesite":9,"minecraft:salmon":5,"minecraft:leather":86,"minecraft:potato":325,"minecraft:birch_planks":2,"minecraft:flint":4,"minecraft:oak_log":133,"minecraft:yellow_bed":4,"minecraft:cobblestone_wall":3,"minecraft:lapis_lazuli":58,"minecraft:wooden_hoe":2,"minecraft:dirt":6350,"minecraft:bone":31,"minecraft:kelp":45,"minecraft:bow":6,"minecraft:wheat_seeds":466,"minecraft:stone_pickaxe":27,"minecraft:iron_ingot":46,"minecraft:powered_rail":6,"minecraft:stone_hoe":1,"minecraft:iron_sword":17,"minecraft:oak_planks":247,"minecraft:sweet_berries":8,"minecraft:lava_bucket":1,"minecraft:dandelion":9,"minecraft:gravel":70,"minecraft:sand":787,"minecraft:spruce_sapling":6,"minecraft:spruce_log":284,"minecraft:spider_eye":3,"minecraft:mossy_cobblestone":2,"minecraft:purple_bed":2,"minecraft:stone_axe":25,"minecraft:granite":2,"minecraft:bread":10,"minecraft:emerald":10,"minecraft:baked_potato":50,"minecraft:oak_sapling":41,"minecraft:coal":492},"minecraft:mined":{"minecraft:oak_door":4,"minecraft:granite":2,"minecraft:grass_block":1812,"minecraft:spruce_leaves":26,"minecraft:kelp":1,"minecraft:oxeye_daisy":1,"minecraft:tall_seagrass":3,"minecraft:furnace":9,"minecraft:carrots":41,"minecraft:iron_ore":89,"minecraft:fire":20,"minecraft:andesite":5,"minecraft:potatoes":57,"minecraft:dirt_path":1,"minecraft:stripped_oak_log":5,"minecraft:stone":445,"minecraft:white_wool":1,"minecraft:glass_pane":4,"minecraft:kelp_plant":3,"minecraft:dandelion":1,"minecraft:oak_fence":1,"minecraft:clay":14,"minecraft:crafting_table":6,"minecraft:cornflower":1,"minecraft:torch":1,"minecraft:short_grass":112,"minecraft:emerald_ore":2,"minecraft:poppy":1,"minecraft:tall_grass":32,"minecraft:cobblestone":200,"minecraft:lapis_ore":4,"minecraft:sugar_cane":12,"minecraft:oak_planks":9,"minecraft:diorite":292,"minecraft:wall_torch":1,"minecraft:purple_bed":2,"minecraft:cobblestone_wall":1,"minecraft:birch_log":7,"minecraft:wheat":60,"minecraft:sweet_berry_bush":3,"minecraft:spruce_log":40,"minecraft:birch_leaves":4,"minecraft:yellow_bed":2,"minecraft:oak_log":51,"minecraft:coal_ore":146,"minecraft:gravel":17,"minecraft:sand":209,"minecraft:dirt":782,"minecraft:oak_leaves":19},"minecraft:killed_by":{"minecraft:zombie_villager":1,"minecraft:player":2,"minecraft:zombified_piglin":1,"minecraft:creeper":3,"minecraft:spider":1,"minecraft:iron_golem":2,"minecraft:skeleton":7,"minecraft:zombie":6}},"DataVersion":3953}