{"stats":{"minecraft:used":{"minecraft:oak_fence":1,"minecraft:iron_shovel":264,"minecraft:stone_shovel":977,"minecraft:shield":17,"minecraft:chest":1,"minecraft:stone":32,"minecraft:iron_sword":93,"minecraft:cooked_salmon":4,"minecraft:cooked_chicken":2,"minecraft:rotten_flesh":5,"minecraft:dirt":251,"minecraft:cobblestone_wall":1,"minecraft:furnace":4,"minecraft:cooked_cod":3,"minecraft:cooked_beef":5,"minecraft:cooked_mutton":3,"minecraft:stone_pickaxe":163,"minecraft:oak_planks":3,"minecraft:wooden_pickaxe":30,"minecraft:white_wool":1,"minecraft:salmon":1,"minecraft:crafting_table":5,"minecraft:oak_log":1,"minecraft:iron_pickaxe":54,"minecraft:stone_axe":100,"minecraft:fishing_rod":34,"minecraft:cobblestone":69,"minecraft:purple_bed":2,"minecraft:cooked_porkchop":2,"minecraft:andesite":2,"minecraft:yellow_bed":1,"minecraft:dandelion":2,"minecraft:purple_wool":1},"minecraft:picked_up":{"minecraft:fishing_rod":4,"minecraft:crafting_table":7,"minecraft:azure_bluet":1,"minecraft:purple_wool":3,"minecraft:chicken":2,"minecraft:ladder":8,"minecraft:clay_ball":32,"minecraft:lead":3,"minecraft:wooden_pickaxe":5,"minecraft:oak_stairs":50,"minecraft:shield":9,"minecraft:cornflower":2,"minecraft:string":9,"minecraft:beef":11,"minecraft:poppy":6,"minecraft:iron_pickaxe":5,"minecraft:sugar_cane":111,"minecraft:birch_sapling":1,"minecraft:furnace":8,"minecraft:egg":23,"minecraft:stick":6,"minecraft:raw_iron":28,"minecraft:stone":303,"minecraft:copper_ingot":12,"minecraft:oak_fence":2,"minecraft:torch":9,"minecraft:porkchop":2,"minecraft:rotten_flesh":28,"minecraft:mutton":5,"minecraft:cod":4,"minecraft:white_wool":8,"minecraft:cobblestone":217,"minecraft:oxeye_daisy":1,"minecraft:birch_log":6,"minecraft:purple_dye":5,"minecraft:cooked_beef":10,"minecraft:salmon":5,"minecraft:andesite":2,"minecraft:leather":47,"minecraft:birch_planks":2,"minecraft:oak_log":24,"minecraft:yellow_bed":4,"minecraft:cobblestone_wall":1,"minecraft:dirt":2244,"minecraft:bone":2,"minecraft:kelp":45,"minecraft:wheat_seeds":55,"minecraft:stone_pickaxe":14,"minecraft:iron_ingot":10,"minecraft:oak_planks":56,"minecraft:iron_sword":5,"minecraft:sweet_berries":8,"minecraft:dandelion":8,"minecraft:sand":253,"minecraft:spruce_log":4,"minecraft:mossy_cobblestone":2,"minecraft:purple_bed":1,"minecraft:stone_axe":14,"minecraft:emerald":8,"minecraft:oak_sapling":7,"minecraft:coal":300},"minecraft:dropped":{"minecraft:diamond":2,"minecraft:lead":2,"minecraft:dirt":320,"minecraft:sand":33,"minecraft:dandelion":2,"minecraft:sugar_cane":1,"minecraft:poppy":3,"minecraft:stone":63},"minecraft:killed":{"minecraft:spider":1,"minecraft:chicken":2,"minecraft:drowned":6,"minecraft:pig":1,"minecraft:salmon":3,"minecraft:iron_golem":1,"minecraft:sheep":3,"minecraft:zombie":1,"minecraft:cow":5},"minecraft:custom":{"minecraft:mob_kills":23,"minecraft:interact_with_crafting_table":24,"minecraft:leave_game":1,"minecraft:time_since_death":73676,"minecraft:sprint_one_cm":289139,"minecraft:walk_one_cm":295189,"minecraft:damage_blocked_by_shield":1410,"minecraft:drop":76,"minecraft:play_time":211489,"minecraft:deaths":12,"minecraft:sneak_time":46,"minecraft:walk_under_water_one_cm":58308,"minecraft:jump":2335,"minecraft:walk_on_water_one_cm":51558,"minecraft:total_world_time":211489,"minecraft:interact_with_furnace":49,"minecraft:sleep_in_bed":2,"minecraft:time_since_rest":73708,"minecraft:damage_taken":4742,"minecraft:damage_dealt":4204,"minecraft:swim_one_cm":77998,"minecraft:fly_one_cm":542043,"minecraft:open_chest":20,"minecraft:fish_caught":6,"minecraft:fall_one_cm":53210,"minecraft:horse_one_cm":69807},"minecraft:mined":{"minecraft:grass_block":803,"minecraft:spruce_leaves":3,"minecraft:kelp":1,"minecraft:oxeye_daisy":1,"minecraft:furnace":1,"minecraft:iron_ore":8,"minecraft:stone":119,"minecraft:white_wool":1,"minecraft:glass_pane":2,"minecraft:kelp_plant":3,"minecraft:dandelion":1,"minecraft:oak_fence":1,"minecraft:clay":10,"minecraft:crafting_table":3,"minecraft:cornflower":1,"minecraft:short_grass":93,"minecraft:emerald_ore":2,"minecraft:poppy":1,"minecraft:tall_grass":20,"minecraft:cobblestone":17,"minecraft:sugar_cane":6,"minecraft:oak_planks":4,"minecraft:wall_torch":1,"minecraft:purple_bed":1,"minecraft:birch_log":6,"minecraft:sweet_berry_bush":3,"minecraft:spruce_log":5,"minecraft:birch_leaves":3,"minecraft:yellow_bed":2,"minecraft:coal_ore":82,"minecraft:oak_log":22,"minecraft:sand":108,"minecraft:dirt":301,"minecraft:oak_leaves":2},"minecraft:killed_by":{"minecraft:zombie_villager":1,"minecraft:player":1,"minecraft:creeper":1,"minecraft:iron_golem":2,"minecraft:skeleton":1,"minecraft:zombie":5},"minecraft:crafted":{"minecraft:purple_wool":1,"minecraft:oak_planks":32,"minecraft:stone_shovel":7,"minecraft:fishing_rod":1,"minecraft:purple_bed":1,"minecraft:cooked_chicken":2,"minecraft:furnace":2,"minecraft:stone":80,"minecraft:cooked_mutton":3,"minecraft:stone_pickaxe":2,"minecraft:chest":1,"minecraft:cooked_beef":5,"minecraft:red_dye":1,"minecraft:cooked_cod":3,"minecraft:cooked_porkchop":2,"minecraft:crafting_table":3,"minecraft:wooden_pickaxe":2,"minecraft:iron_sword":1,"minecraft:cooked_salmon":4,"minecraft:birch_planks":24,"minecraft:stone_axe":2,"minecraft:air":0,"minecraft:blue_dye":1,"minecraft:purple_dye":2,"minecraft:shield":2,"minecraft:stick":40,"minecraft:iron_ingot":2,"minecraft:iron_pickaxe":1,"minecraft:iron_shovel":1},"minecraft:broken":{"minecraft:iron_shovel":1,"minecraft:stone_shovel":7}},"DataVersion":3953}