{"stats":{"minecraft:used":{"minecraft:stone_pickaxe":162,"minecraft:wooden_pickaxe":23,"minecraft:stone_axe":41,"minecraft:purple_bed":2,"minecraft:crafting_table":3,"minecraft:furnace":1},"minecraft:picked_up":{"minecraft:birch_log":6,"minecraft:stick":2,"minecraft:raw_iron":4,"minecraft:crafting_table":3,"minecraft:purple_dye":1,"minecraft:chicken":2,"minecraft:sweet_berries":8,"minecraft:wooden_pickaxe":1,"minecraft:birch_planks":2,"minecraft:oak_log":15,"minecraft:yellow_bed":1,"minecraft:spruce_log":4,"minecraft:cornflower":1,"minecraft:dirt":8,"minecraft:string":1,"minecraft:purple_bed":1,"minecraft:stone_axe":1,"minecraft:wheat_seeds":4,"minecraft:stone_pickaxe":1,"minecraft:poppy":1,"minecraft:sugar_cane":4,"minecraft:birch_sapling":1,"minecraft:oak_planks":3,"minecraft:coal":88,"minecraft:furnace":1,"minecraft:cobblestone":117,"minecraft:egg":3},"minecraft:killed":{"minecraft:chicken":2,"minecraft:spider":1},"minecraft:custom":{"minecraft:interact_with_furnace":1,"minecraft:time_since_rest":5254,"minecraft:sprint_one_cm":42811,"minecraft:damage_taken":884,"minecraft:walk_one_cm":41846,"minecraft:mob_kills":3,"minecraft:damage_dealt":249,"minecraft:swim_one_cm":19928,"minecraft:interact_with_crafting_table":6,"minecraft:fly_one_cm":88015,"minecraft:open_chest":1,"minecraft:play_time":58345,"minecraft:deaths":3,"minecraft:walk_under_water_one_cm":2642,"minecraft:jump":488,"minecraft:time_since_death":5203,"minecraft:walk_on_water_one_cm":5796,"minecraft:sleep_in_bed":2,"minecraft:total_world_time":58345,"minecraft:fall_one_cm":12955},"minecraft:mined":{"minecraft:purple_bed":1,"minecraft:iron_ore":2,"minecraft:birch_log":6,"minecraft:sweet_berry_bush":3,"minecraft:spruce_log":5,"minecraft:birch_leaves":3,"minecraft:yellow_bed":2,"minecraft:cornflower":1,"minecraft:crafting_table":2,"minecraft:short_grass":5,"minecraft:grass_block":2,"minecraft:coal_ore":68,"minecraft:oak_log":16,"minecraft:poppy":1,"minecraft:dirt":6,"minecraft:tall_grass":7,"minecraft:spruce_leaves":3,"minecraft:stone":102,"minecraft:sugar_cane":1,"minecraft:oak_leaves":2},"minecraft:killed_by":{"minecraft:zombie":2},"minecraft:crafted":{"minecraft:blue_dye":1,"minecraft:red_dye":1,"minecraft:oak_planks":12,"minecraft:purple_dye":2,"minecraft:crafting_table":3,"minecraft:purple_bed":1,"minecraft:stick":20,"minecraft:wooden_pickaxe":2,"minecraft:stone_pickaxe":2,"minecraft:furnace":1,"minecraft:birch_planks":24,"minecraft:stone_axe":2}},"DataVersion":3953}