{"stats":{"minecraft:killed_by":{"minecraft:zombie_villager":1,"minecraft:player":2,"minecraft:zombified_piglin":1,"minecraft:creeper":1,"minecraft:spider":1,"minecraft:iron_golem":2,"minecraft:skeleton":5,"minecraft:zombie":5},"minecraft:dropped":{"minecraft:diamond":2,"minecraft:oak_fence":2,"minecraft:lead":2,"minecraft:activator_rail":1,"minecraft:dirt":384,"minecraft:sand":35,"minecraft:white_wool":1,"minecraft:dandelion":2,"minecraft:stone_axe":1,"minecraft:sugar_cane":1,"minecraft:rotten_flesh":2,"minecraft:oak_planks":32,"minecraft:poppy":3,"minecraft:stone":63,"minecraft:spider_eye":2,"minecraft:egg":4},"minecraft:crafted":{"minecraft:purple_wool":1,"minecraft:oak_planks":32,"minecraft:stone_shovel":9,"minecraft:fishing_rod":1,"minecraft:purple_bed":1,"minecraft:cooked_chicken":2,"minecraft:furnace":2,"minecraft:stone":80,"minecraft:cooked_mutton":3,"minecraft:flint_and_steel":1,"minecraft:bow":2,"minecraft:stone_pickaxe":2,"minecraft:chest":1,"minecraft:stone_hoe":2,"minecraft:cooked_beef":11,"minecraft:red_dye":1,"minecraft:cooked_cod":3,"minecraft:cooked_porkchop":2,"minecraft:crafting_table":4,"minecraft:wooden_pickaxe":2,"minecraft:iron_sword":1,"minecraft:cooked_salmon":4,"minecraft:birch_planks":24,"minecraft:stone_axe":2,"minecraft:air":0,"minecraft:blue_dye":1,"minecraft:purple_dye":2,"minecraft:shield":2,"minecraft:stick":56,"minecraft:iron_ingot":2,"minecraft:iron_pickaxe":1,"minecraft:iron_shovel":3,"minecraft:shears":1},"minecraft:used":{"minecraft:oak_fence":3,"minecraft:iron_shovel":673,"minecraft:flint_and_steel":50,"minecraft:stone_shovel":1239,"minecraft:chest":1,"minecraft:shield":68,"minecraft:stone":32,"minecraft:iron_sword":161,"minecraft:cooked_salmon":4,"minecraft:stone_hoe":162,"minecraft:cooked_chicken":2,"minecraft:rotten_flesh":5,"minecraft:dirt":850,"minecraft:mutton":2,"minecraft:cobblestone_wall":1,"minecraft:carrot":16,"minecraft:golden_shovel":2,"minecraft:oak_stairs":2,"minecraft:bow":9,"minecraft:furnace":6,"minecraft:cooked_cod":3,"minecraft:potato":20,"minecraft:cooked_beef":17,"minecraft:wheat_seeds":28,"minecraft:cooked_mutton":3,"minecraft:stone_pickaxe":164,"minecraft:oak_planks":11,"minecraft:wooden_pickaxe":30,"minecraft:white_wool":1,"minecraft:salmon":1,"minecraft:crafting_table":6,"minecraft:oak_log":1,"minecraft:iron_pickaxe":59,"minecraft:stone_axe":193,"minecraft:fishing_rod":34,"minecraft:cobblestone":82,"minecraft:purple_bed":2,"minecraft:porkchop":2,"minecraft:cooked_porkchop":2,"minecraft:andesite":2,"minecraft:yellow_bed":1,"minecraft:dandelion":2,"minecraft:purple_wool":1},"minecraft:custom":{"minecraft:mob_kills":32,"minecraft:inspect_hopper":1,"minecraft:interact_with_crafting_table":33,"minecraft:open_barrel":2,"minecraft:leave_game":2,"minecraft:time_since_death":1616,"minecraft:climb_one_cm":478,"minecraft:sprint_one_cm":611580,"minecraft:walk_one_cm":504598,"minecraft:damage_blocked_by_shield":3795,"minecraft:drop":90,"minecraft:play_time":333150,"minecraft:deaths":19,"minecraft:sneak_time":58,"minecraft:walk_under_water_one_cm":73460,"minecraft:jump":4099,"minecraft:walk_on_water_one_cm":92827,"minecraft:total_world_time":333150,"minecraft:interact_with_furnace":52,"minecraft:sleep_in_bed":2,"minecraft:time_since_rest":1663,"minecraft:damage_taken":7610,"minecraft:damage_dealt":6119,"minecraft:swim_one_cm":174321,"minecraft:fly_one_cm":987271,"minecraft:open_chest":50,"minecraft:fish_caught":6,"minecraft:fall_one_cm":92303,"minecraft:horse_one_cm":69807},"minecraft:picked_up":{"minecraft:fishing_rod":4,"minecraft:crafting_table":10,"minecraft:wheat":4,"minecraft:azure_bluet":1,"minecraft:purple_wool":3,"minecraft:chicken":2,"minecraft:ladder":28,"minecraft:clay_ball":32,"minecraft:lead":3,"minecraft:wooden_pickaxe":5,"minecraft:oak_stairs":56,"minecraft:golden_shovel":3,"minecraft:shield":17,"minecraft:cornflower":2,"minecraft:string":150,"minecraft:flint_and_steel":2,"minecraft:white_carpet":2,"minecraft:iron_shovel":2,"minecraft:activator_rail":2,"minecraft:beef":28,"minecraft:cobblestone_slab":5,"minecraft:poppy":6,"minecraft:iron_pickaxe":12,"minecraft:sugar_cane":199,"minecraft:birch_sapling":1,"minecraft:egg":66,"minecraft:furnace":13,"minecraft:stick":47,"minecraft:raw_iron":52,"minecraft:stone":335,"minecraft:copper_ingot":20,"minecraft:oak_fence":8,"minecraft:torch":10,"minecraft:porkchop":6,"minecraft:carrot":16,"minecraft:stone_shovel":2,"minecraft:arrow":12,"minecraft:rotten_flesh":30,"minecraft:shears":2,"minecraft:mutton":8,"minecraft:cod":4,"minecraft:white_wool":16,"minecraft:cobblestone":284,"minecraft:oxeye_daisy":1,"minecraft:birch_log":6,"minecraft:purple_dye":5,"minecraft:cooked_beef":16,"minecraft:andesite":2,"minecraft:salmon":5,"minecraft:leather":76,"minecraft:potato":4,"minecraft:birch_planks":2,"minecraft:flint":1,"minecraft:oak_log":126,"minecraft:yellow_bed":4,"minecraft:cobblestone_wall":1,"minecraft:dirt":4458,"minecraft:bone":30,"minecraft:kelp":45,"minecraft:bow":3,"minecraft:wheat_seeds":85,"minecraft:stone_pickaxe":21,"minecraft:iron_ingot":20,"minecraft:powered_rail":4,"minecraft:stone_hoe":1,"minecraft:oak_planks":146,"minecraft:iron_sword":11,"minecraft:sweet_berries":8,"minecraft:dandelion":8,"minecraft:gravel":36,"minecraft:sand":370,"minecraft:spruce_sapling":6,"minecraft:spruce_log":179,"minecraft:spider_eye":3,"minecraft:mossy_cobblestone":2,"minecraft:purple_bed":1,"minecraft:stone_axe":21,"minecraft:emerald":10,"minecraft:oak_sapling":31,"minecraft:coal":300},"minecraft:killed":{"minecraft:spider":2,"minecraft:skeleton":3,"minecraft:chicken":2,"minecraft:drowned":6,"minecraft:pig":2,"minecraft:salmon":3,"minecraft:iron_golem":2,"minecraft:sheep":4,"minecraft:zombie":1,"minecraft:cow":7},"minecraft:broken":{"minecraft:iron_shovel":2,"minecraft:stone_hoe":1,"minecraft:shield":1,"minecraft:stone_shovel":9},"minecraft:mined":{"minecraft:grass_block":1298,"minecraft:spruce_leaves":26,"minecraft:kelp":1,"minecraft:oxeye_daisy":1,"minecraft:tall_seagrass":3,"minecraft:carrots":5,"minecraft:furnace":3,"minecraft:iron_ore":8,"minecraft:fire":20,"minecraft:potatoes":3,"minecraft:stone":119,"minecraft:white_wool":1,"minecraft:glass_pane":4,"minecraft:kelp_plant":3,"minecraft:dandelion":1,"minecraft:oak_fence":1,"minecraft:clay":10,"minecraft:crafting_table":4,"minecraft:cornflower":1,"minecraft:short_grass":104,"minecraft:emerald_ore":2,"minecraft:poppy":1,"minecraft:tall_grass":32,"minecraft:cobblestone":17,"minecraft:sugar_cane":12,"minecraft:oak_planks":6,"minecraft:wall_torch":1,"minecraft:purple_bed":1,"minecraft:wheat":2,"minecraft:birch_log":6,"minecraft:sweet_berry_bush":3,"minecraft:spruce_log":40,"minecraft:birch_leaves":4,"minecraft:yellow_bed":2,"minecraft:oak_log":44,"minecraft:coal_ore":82,"minecraft:gravel":13,"minecraft:sand":139,"minecraft:dirt":466,"minecraft:oak_leaves":12}},"DataVersion":3953}