{"stats":{"minecraft:dropped":{"minecraft:diamond":2,"minecraft:rail":64,"minecraft:dirt":1012,"minecraft:sand":35,"minecraft:birch_log":1,"minecraft:white_wool":1,"minecraft:stone_axe":2,"minecraft:sugar_cane":1,"minecraft:cooked_chicken":8,"minecraft:wheat":2,"minecraft:birch_sapling":1,"minecraft:rotten_flesh":2,"minecraft:oak_planks":32,"minecraft:white_bed":1,"minecraft:poppy":3,"minecraft:spruce_slab":4,"minecraft:egg":6,"minecraft:water_bucket":1,"minecraft:oak_slab":4,"minecraft:wheat_seeds":4,"minecraft:minecart":1,"minecraft:oak_fence":2,"minecraft:lead":2,"minecraft:activator_rail":1,"minecraft:spruce_door":1,"minecraft:stick":12,"minecraft:iron_axe":1,"minecraft:dandelion":2,"minecraft:cobblestone_wall":1,"minecraft:stone_shovel":1,"minecraft:shears":1,"minecraft:stone":63,"minecraft:spruce_planks":1,"minecraft:spider_eye":2,"minecraft:wooden_pickaxe":3},"minecraft:broken":{"minecraft:iron_shovel":6,"minecraft:golden_shovel":1,"minecraft:golden_leggings":1,"minecraft:stone_pickaxe":3,"minecraft:stone_axe":4,"minecraft:stone_shovel":15,"minecraft:stone_hoe":1,"minecraft:shield":2,"minecraft:iron_axe":3,"minecraft:iron_pickaxe":3},"minecraft:crafted":{"minecraft:oak_planks":256,"minecraft:barrel":3,"minecraft:purple_bed":1,"minecraft:oak_pressure_plate":2,"minecraft:cooked_chicken":14,"minecraft:stone":183,"minecraft:lever":2,"minecraft:cooked_mutton":41,"minecraft:glass":40,"minecraft:bow":3,"minecraft:iron_boots":1,"minecraft:chest":1,"minecraft:rail":64,"minecraft:stone_hoe":3,"minecraft:oak_slab":6,"minecraft:item_frame":1,"minecraft:arrow":72,"minecraft:cooked_porkchop":12,"minecraft:crafting_table":8,"minecraft:spruce_planks":56,"minecraft:wooden_pickaxe":3,"minecraft:baked_potato":43,"minecraft:iron_helmet":1,"minecraft:spruce_door":3,"minecraft:hay_block":1,"minecraft:birch_planks":28,"minecraft:painting":1,"minecraft:spruce_trapdoor":8,"minecraft:iron_chestplate":2,"minecraft:wooden_hoe":1,"minecraft:purple_dye":2,"minecraft:shield":5,"minecraft:stick":128,"minecraft:iron_ingot":75,"minecraft:iron_pickaxe":5,"minecraft:gold_ingot":61,"minecraft:redstone_torch":4,"minecraft:shears":1,"minecraft:oak_door":6,"minecraft:purple_wool":1,"minecraft:redstone":9,"minecraft:stone_shovel":16,"minecraft:fishing_rod":2,"minecraft:furnace":7,"minecraft:glass_pane":16,"minecraft:flint_and_steel":1,"minecraft:iron_axe":5,"minecraft:spruce_slab":6,"minecraft:stone_pickaxe":4,"minecraft:minecart":1,"minecraft:cooked_beef":20,"minecraft:red_dye":1,"minecraft:cooked_cod":3,"minecraft:powered_rail":6,"minecraft:iron_sword":1,"minecraft:blue_bed":1,"minecraft:cooked_salmon":4,"minecraft:bucket":2,"minecraft:stone_axe":5,"minecraft:bread":12,"minecraft:air":0,"minecraft:blue_dye":2,"minecraft:oak_stairs":20,"minecraft:iron_shovel":7,"minecraft:iron_leggings":2,"minecraft:white_bed":1,"minecraft:torch":28},"minecraft:killed_by":{"minecraft:zombie_villager":1,"minecraft:zombified_piglin":1,"minecraft:creeper":3,"minecraft:zombie":6,"minecraft:player":2,"minecraft:spider":1,"minecraft:iron_golem":2,"minecraft:skeleton":7},"minecraft:used":{"minecraft:iron_shovel":1777,"minecraft:dispenser":1,"minecraft:poppy":3,"minecraft:chest":1,"minecraft:shield":121,"minecraft:stone":32,"minecraft:iron_sword":245,"minecraft:rotten_flesh":5,"minecraft:mutton":2,"minecraft:carrot":113,"minecraft:stripped_spruce_log":53,"minecraft:lava_bucket":2,"minecraft:iron_helmet":1,"minecraft:item_frame":1,"minecraft:bow":25,"minecraft:hay_block":2,"minecraft:furnace":18,"minecraft:oak_sapling":64,"minecraft:cooked_cod":3,"minecraft:egg":11,"minecraft:potato":158,"minecraft:diorite":91,"minecraft:spruce_door":4,"minecraft:powered_rail":12,"minecraft:stone_pickaxe":446,"minecraft:oak_planks":209,"minecraft:wooden_pickaxe":42,"minecraft:blue_bed":1,"minecraft:white_wool":3,"minecraft:sand":13,"minecraft:shears":2,"minecraft:redstone_torch":4,"minecraft:lever":5,"minecraft:bread":11,"minecraft:string":5,"minecraft:oak_pressure_plate":2,"minecraft:gravel":126,"minecraft:andesite":6,"minecraft:purple_wool":1,"minecraft:oak_fence":3,"minecraft:flint_and_steel":57,"minecraft:stone_shovel":2098,"minecraft:redstone":1,"minecraft:spruce_planks":1,"minecraft:cooked_salmon":4,"minecraft:stone_hoe":227,"minecraft:cooked_chicken":10,"minecraft:oak_door":12,"minecraft:torch":35,"minecraft:dirt":2208,"minecraft:cobblestone_wall":1,"minecraft:golden_shovel":21,"minecraft:granite":2,"minecraft:iron_axe":861,"minecraft:oak_stairs":29,"minecraft:iron_boots":1,"minecraft:barrel":3,"minecraft:minecart":12,"minecraft:cooked_beef":25,"minecraft:wheat_seeds":145,"minecraft:cooked_mutton":20,"minecraft:water_bucket":3,"minecraft:baked_potato":18,"minecraft:salmon":1,"minecraft:rail":63,"minecraft:crafting_table":13,"minecraft:birch_sign":1,"minecraft:white_bed":6,"minecraft:painting":17,"minecraft:spruce_log":82,"minecraft:oak_log":143,"minecraft:wooden_hoe":14,"minecraft:chicken":1,"minecraft:iron_pickaxe":910,"minecraft:spruce_trapdoor":10,"minecraft:spruce_sapling":37,"minecraft:stone_axe":509,"minecraft:fishing_rod":48,"minecraft:cobblestone":641,"minecraft:purple_bed":3,"minecraft:cooked_porkchop":2,"minecraft:porkchop":2,"minecraft:bucket":7,"minecraft:yellow_bed":1,"minecraft:stripped_oak_log":165,"minecraft:dandelion":2},"minecraft:killed":{"minecraft:spider":2,"minecraft:skeleton":7,"minecraft:chicken":18,"minecraft:pig":8,"minecraft:salmon":3,"minecraft:iron_golem":5,"minecraft:sheep":28,"minecraft:zombie":2,"minecraft:cow":10,"minecraft:drowned":9},"minecraft:mined":{"minecraft:spruce_planks":5,"minecraft:white_bed":6,"minecraft:oak_sapling":1,"minecraft:spruce_trapdoor":2,"minecraft:granite":2,"minecraft:grass_block":2302,"minecraft:oxeye_daisy":1,"minecraft:tall_seagrass":3,"minecraft:magma_block":7,"minecraft:iron_ore":89,"minecraft:fire":20,"minecraft:azure_bluet":1,"minecraft:dirt_path":1,"minecraft:oak_stairs":3,"minecraft:spruce_slab":1,"minecraft:tripwire":2,"minecraft:kelp_plant":3,"minecraft:clay":14,"minecraft:torch":5,"minecraft:poppy":1,"minecraft:cobblestone":230,"minecraft:sugar_cane":12,"minecraft:oak_planks":116,"minecraft:wall_torch":1,"minecraft:powered_rail":2,"minecraft:birch_log":7,"minecraft:wheat":84,"minecraft:oak_log":287,"minecraft:sand":211,"minecraft:dirt":1367,"minecraft:dispenser":1,"minecraft:netherrack":2,"minecraft:oak_leaves":103,"minecraft:mossy_cobblestone":1,"minecraft:oak_door":7,"minecraft:lever":3,"minecraft:redstone_wire":1,"minecraft:spruce_leaves":58,"minecraft:kelp":1,"minecraft:hay_block":1,"minecraft:furnace":12,"minecraft:carrots":85,"minecraft:andesite":5,"minecraft:stripped_spruce_log":53,"minecraft:potatoes":93,"minecraft:rail":25,"minecraft:stripped_oak_log":179,"minecraft:stone":465,"minecraft:white_wool":1,"minecraft:glass_pane":4,"minecraft:spruce_door":2,"minecraft:dandelion":2,"minecraft:oak_fence":1,"minecraft:cornflower":2,"minecraft:crafting_table":7,"minecraft:short_grass":155,"minecraft:emerald_ore":2,"minecraft:tall_grass":47,"minecraft:lapis_ore":4,"minecraft:diorite":292,"minecraft:purple_bed":2,"minecraft:cobblestone_wall":1,"minecraft:sweet_berry_bush":3,"minecraft:spruce_log":224,"minecraft:birch_leaves":4,"minecraft:yellow_bed":2,"minecraft:coal_ore":146,"minecraft:gravel":157,"minecraft:gold_ore":8},"minecraft:picked_up":{"minecraft:iron_chestplate":2,"minecraft:wheat":142,"minecraft:lead":3,"minecraft:oak_stairs":65,"minecraft:golden_shovel":3,"minecraft:string":153,"minecraft:activator_rail":2,"minecraft:bucket":1,"minecraft:spruce_planks":6,"minecraft:cobblestone_slab":7,"minecraft:iron_pickaxe":18,"minecraft:furnace":22,"minecraft:stick":135,"minecraft:oak_fence":8,"minecraft:torch":25,"minecraft:porkchop":22,"minecraft:diorite":496,"minecraft:rotten_flesh":35,"minecraft:cod":4,"minecraft:cobblestone":2229,"minecraft:birch_log":10,"minecraft:magma_block":7,"minecraft:feather":16,"minecraft:cooked_beef":17,"minecraft:water_bucket":1,"minecraft:andesite":9,"minecraft:golden_leggings":1,"minecraft:potato":404,"minecraft:flint":22,"minecraft:dirt":7414,"minecraft:lapis_lazuli":58,"minecraft:bone":33,"minecraft:bow":6,"minecraft:wheat_seeds":522,"minecraft:raw_gold":8,"minecraft:powered_rail":12,"minecraft:oak_planks":355,"minecraft:stone_hoe":1,"minecraft:sand":788,"minecraft:stripped_spruce_log":53,"minecraft:mossy_cobblestone":3,"minecraft:dispenser":1,"minecraft:lever":3,"minecraft:granite":2,"minecraft:emerald":10,"minecraft:bread":10,"minecraft:oak_sapling":120,"minecraft:netherrack":1,"minecraft:fishing_rod":4,"minecraft:crafting_table":16,"minecraft:azure_bluet":2,"minecraft:purple_wool":3,"minecraft:chicken":18,"minecraft:ladder":28,"minecraft:clay_ball":48,"minecraft:wooden_pickaxe":7,"minecraft:shield":23,"minecraft:cornflower":3,"minecraft:iron_axe":1,"minecraft:flint_and_steel":4,"minecraft:white_carpet":2,"minecraft:iron_shovel":4,"minecraft:beef":33,"minecraft:poppy":9,"minecraft:light_gray_wool":3,"minecraft:spruce_slab":5,"minecraft:minecart":12,"minecraft:sugar_cane":199,"minecraft:birch_sapling":2,"minecraft:spruce_trapdoor":4,"minecraft:egg":188,"minecraft:raw_iron":150,"minecraft:stone":335,"minecraft:oak_door":11,"minecraft:copper_ingot":20,"minecraft:carrot":300,"minecraft:redstone":1,"minecraft:arrow":16,"minecraft:stone_shovel":6,"minecraft:shears":9,"minecraft:hay_block":1,"minecraft:mutton":54,"minecraft:rail":88,"minecraft:white_wool":38,"minecraft:oxeye_daisy":2,"minecraft:stripped_oak_log":181,"minecraft:purple_dye":5,"minecraft:salmon":5,"minecraft:leather":90,"minecraft:birch_planks":2,"minecraft:oak_log":369,"minecraft:yellow_bed":4,"minecraft:cobblestone_wall":3,"minecraft:wooden_hoe":2,"minecraft:apple":6,"minecraft:kelp":45,"minecraft:iron_ingot":54,"minecraft:stone_pickaxe":27,"minecraft:cooked_chicken":8,"minecraft:iron_sword":17,"minecraft:oak_slab":4,"minecraft:sweet_berries":8,"minecraft:dandelion":24,"minecraft:gravel":192,"minecraft:lava_bucket":1,"minecraft:spruce_sapling":44,"minecraft:white_bed":7,"minecraft:spruce_log":468,"minecraft:spruce_door":3,"minecraft:spider_eye":3,"minecraft:purple_bed":2,"minecraft:stone_axe":26,"minecraft:painting":16,"minecraft:birch_sign":1,"minecraft:baked_potato":50,"minecraft:coal":492},"minecraft:custom":{"minecraft:interact_with_crafting_table":118,"minecraft:open_barrel":31,"minecraft:leave_game":4,"minecraft:time_since_death":352356,"minecraft:sprint_one_cm":1658004,"minecraft:damage_blocked_by_shield":7305,"minecraft:drop":130,"minecraft:play_time":832734,"minecraft:deaths":26,"minecraft:jump":8377,"minecraft:walk_on_water_one_cm":227335,"minecraft:interact_with_furnace":135,"minecraft:sleep_in_bed":9,"minecraft:damage_dealt":14657,"minecraft:interact_with_smoker":4,"minecraft:use_cauldron":2,"minecraft:inspect_dispenser":3,"minecraft:horse_one_cm":69807,"minecraft:mob_kills":92,"minecraft:inspect_hopper":2,"minecraft:climb_one_cm":7427,"minecraft:walk_one_cm":1368454,"minecraft:sneak_time":894,"minecraft:walk_under_water_one_cm":176540,"minecraft:interact_with_blast_furnace":6,"minecraft:total_world_time":832734,"minecraft:time_since_rest":89942,"minecraft:damage_taken":12351,"minecraft:damage_absorbed":20,"minecraft:minecart_one_cm":102850,"minecraft:swim_one_cm":500841,"minecraft:fly_one_cm":1804416,"minecraft:open_chest":110,"minecraft:fish_caught":6,"minecraft:fall_one_cm":161273}},"DataVersion":3953}