{"stats":{"minecraft:used":{"minecraft:stone_shovel":78,"minecraft:stone_pickaxe":163,"minecraft:oak_planks":3,"minecraft:shield":9,"minecraft:wooden_pickaxe":23,"minecraft:iron_sword":12,"minecraft:cooked_chicken":2,"minecraft:white_wool":1,"minecraft:crafting_table":4,"minecraft:stone_axe":99,"minecraft:cobblestone":5,"minecraft:purple_bed":2,"minecraft:furnace":2,"minecraft:cooked_beef":5},"minecraft:picked_up":{"minecraft:birch_log":6,"minecraft:fishing_rod":1,"minecraft:crafting_table":7,"minecraft:purple_dye":4,"minecraft:azure_bluet":1,"minecraft:cooked_beef":10,"minecraft:chicken":2,"minecraft:leather":24,"minecraft:wooden_pickaxe":4,"minecraft:birch_planks":2,"minecraft:oak_log":24,"minecraft:shield":1,"minecraft:yellow_bed":1,"minecraft:cobblestone_wall":1,"minecraft:string":3,"minecraft:cornflower":1,"minecraft:dirt":63,"minecraft:wheat_seeds":9,"minecraft:iron_ingot":8,"minecraft:beef":5,"minecraft:stone_pickaxe":6,"minecraft:iron_pickaxe":1,"minecraft:poppy":5,"minecraft:sugar_cane":48,"minecraft:iron_sword":1,"minecraft:birch_sapling":1,"minecraft:oak_planks":21,"minecraft:egg":11,"minecraft:furnace":5,"minecraft:stick":6,"minecraft:raw_iron":4,"minecraft:sweet_berries":8,"minecraft:copper_ingot":2,"minecraft:torch":2,"minecraft:dandelion":4,"minecraft:spruce_log":4,"minecraft:purple_bed":1,"minecraft:rotten_flesh":13,"minecraft:stone_axe":6,"minecraft:oak_sapling":7,"minecraft:mutton":2,"minecraft:coal":224,"minecraft:white_wool":5,"minecraft:cobblestone":152,"minecraft:oxeye_daisy":1},"minecraft:killed":{"minecraft:spider":1,"minecraft:iron_golem":1,"minecraft:sheep":1,"minecraft:zombie":1,"minecraft:chicken":2,"minecraft:drowned":2,"minecraft:cow":3},"minecraft:custom":{"minecraft:interact_with_furnace":17,"minecraft:mob_kills":11,"minecraft:interact_with_crafting_table":15,"minecraft:time_since_death":10400,"minecraft:sleep_in_bed":2,"minecraft:time_since_rest":10461,"minecraft:sprint_one_cm":117940,"minecraft:damage_taken":2090,"minecraft:walk_one_cm":79985,"minecraft:damage_blocked_by_shield":1080,"minecraft:damage_dealt":2205,"minecraft:swim_one_cm":26477,"minecraft:fly_one_cm":252247,"minecraft:open_chest":5,"minecraft:play_time":82345,"minecraft:deaths":6,"minecraft:sneak_time":1,"minecraft:walk_under_water_one_cm":4828,"minecraft:jump":1084,"minecraft:walk_on_water_one_cm":15905,"minecraft:total_world_time":82345,"minecraft:fall_one_cm":29950},"minecraft:mined":{"minecraft:crafting_table":3,"minecraft:cornflower":1,"minecraft:short_grass":32,"minecraft:grass_block":61,"minecraft:poppy":1,"minecraft:tall_grass":16,"minecraft:spruce_leaves":3,"minecraft:oak_planks":4,"minecraft:sugar_cane":4,"minecraft:oxeye_daisy":1,"minecraft:purple_bed":1,"minecraft:furnace":1,"minecraft:birch_log":6,"minecraft:iron_ore":2,"minecraft:sweet_berry_bush":3,"minecraft:spruce_log":5,"minecraft:birch_leaves":3,"minecraft:yellow_bed":2,"minecraft:oak_log":22,"minecraft:coal_ore":68,"minecraft:dirt":6,"minecraft:stone":102,"minecraft:white_wool":1,"minecraft:oak_leaves":2},"minecraft:killed_by":{"minecraft:zombie":3,"minecraft:iron_golem":2},"minecraft:crafted":{"minecraft:cooked_beef":5,"minecraft:red_dye":1,"minecraft:oak_planks":24,"minecraft:stone_shovel":2,"minecraft:fishing_rod":1,"minecraft:crafting_table":3,"minecraft:purple_bed":1,"minecraft:wooden_pickaxe":2,"minecraft:cooked_chicken":2,"minecraft:iron_sword":1,"minecraft:furnace":1,"minecraft:birch_planks":24,"minecraft:stone_axe":2,"minecraft:air":0,"minecraft:blue_dye":1,"minecraft:purple_dye":2,"minecraft:shield":1,"minecraft:stick":28,"minecraft:iron_ingot":2,"minecraft:iron_pickaxe":1,"minecraft:stone_pickaxe":2}},"DataVersion":3953}