{"stats":{"minecraft:dropped":{"minecraft:water_bucket":1,"minecraft:oak_slab":4,"minecraft:diamond":2,"minecraft:oak_fence":2,"minecraft:lead":2,"minecraft:activator_rail":1,"minecraft:stick":1,"minecraft:dirt":957,"minecraft:sand":35,"minecraft:birch_log":1,"minecraft:white_wool":1,"minecraft:dandelion":2,"minecraft:stone_axe":2,"minecraft:sugar_cane":1,"minecraft:cobblestone_wall":1,"minecraft:birch_sapling":1,"minecraft:stone_shovel":1,"minecraft:rotten_flesh":2,"minecraft:oak_planks":32,"minecraft:poppy":3,"minecraft:stone":63,"minecraft:spider_eye":2,"minecraft:wooden_pickaxe":3,"minecraft:egg":5},"minecraft:broken":{"minecraft:iron_shovel":6,"minecraft:golden_shovel":1,"minecraft:stone_hoe":1,"minecraft:stone_pickaxe":3,"minecraft:shield":2,"minecraft:stone_axe":3,"minecraft:iron_pickaxe":3,"minecraft:stone_shovel":14},"minecraft:crafted":{"minecraft:oak_door":6,"minecraft:purple_wool":1,"minecraft:oak_planks":124,"minecraft:stone_shovel":15,"minecraft:barrel":1,"minecraft:fishing_rod":1,"minecraft:purple_bed":1,"minecraft:oak_pressure_plate":2,"minecraft:cooked_chicken":6,"minecraft:furnace":7,"minecraft:stone":80,"minecraft:lever":2,"minecraft:cooked_mutton":41,"minecraft:flint_and_steel":1,"minecraft:bow":2,"minecraft:iron_boots":1,"minecraft:iron_axe":1,"minecraft:stone_pickaxe":4,"minecraft:chest":1,"minecraft:stone_hoe":3,"minecraft:oak_slab":6,"minecraft:cooked_beef":20,"minecraft:red_dye":1,"minecraft:cooked_cod":3,"minecraft:item_frame":1,"minecraft:cooked_porkchop":12,"minecraft:crafting_table":7,"minecraft:spruce_planks":12,"minecraft:baked_potato":43,"minecraft:wooden_pickaxe":3,"minecraft:iron_helmet":1,"minecraft:iron_sword":1,"minecraft:blue_bed":1,"minecraft:cooked_salmon":4,"minecraft:hay_block":1,"minecraft:bucket":2,"minecraft:birch_planks":28,"minecraft:stone_axe":5,"minecraft:painting":1,"minecraft:bread":12,"minecraft:air":0,"minecraft:blue_dye":2,"minecraft:wooden_hoe":1,"minecraft:iron_chestplate":1,"minecraft:purple_dye":2,"minecraft:shield":5,"minecraft:stick":100,"minecraft:iron_ingot":75,"minecraft:iron_pickaxe":5,"minecraft:iron_shovel":6,"minecraft:iron_leggings":1,"minecraft:white_bed":1,"minecraft:torch":24,"minecraft:shears":1},"minecraft:picked_up":{"minecraft:fishing_rod":4,"minecraft:iron_chestplate":2,"minecraft:crafting_table":16,"minecraft:wheat":140,"minecraft:azure_bluet":2,"minecraft:purple_wool":3,"minecraft:chicken":17,"minecraft:ladder":28,"minecraft:clay_ball":48,"minecraft:lead":3,"minecraft:wooden_pickaxe":7,"minecraft:oak_stairs":56,"minecraft:golden_shovel":3,"minecraft:shield":23,"minecraft:cornflower":3,"minecraft:string":150,"minecraft:flint_and_steel":4,"minecraft:white_carpet":2,"minecraft:iron_shovel":4,"minecraft:activator_rail":2,"minecraft:bucket":1,"minecraft:beef":33,"minecraft:cobblestone_slab":7,"minecraft:spruce_slab":1,"minecraft:light_gray_wool":3,"minecraft:poppy":9,"minecraft:iron_pickaxe":18,"minecraft:sugar_cane":199,"minecraft:birch_sapling":2,"minecraft:egg":185,"minecraft:furnace":22,"minecraft:stick":94,"minecraft:raw_iron":150,"minecraft:stone":335,"minecraft:oak_door":9,"minecraft:copper_ingot":20,"minecraft:oak_fence":8,"minecraft:torch":21,"minecraft:porkchop":20,"minecraft:diorite":496,"minecraft:carrot":300,"minecraft:arrow":16,"minecraft:rotten_flesh":35,"minecraft:stone_shovel":6,"minecraft:shears":8,"minecraft:hay_block":1,"minecraft:mutton":54,"minecraft:cod":4,"minecraft:white_wool":36,"minecraft:cobblestone":2209,"minecraft:oxeye_daisy":2,"minecraft:stripped_oak_log":9,"minecraft:birch_log":10,"minecraft:feather":15,"minecraft:magma_block":7,"minecraft:purple_dye":5,"minecraft:cooked_beef":17,"minecraft:andesite":9,"minecraft:water_bucket":1,"minecraft:salmon":5,"minecraft:leather":90,"minecraft:golden_leggings":1,"minecraft:potato":404,"minecraft:birch_planks":2,"minecraft:flint":4,"minecraft:oak_log":171,"minecraft:yellow_bed":4,"minecraft:cobblestone_wall":3,"minecraft:dirt":7153,"minecraft:lapis_lazuli":58,"minecraft:wooden_hoe":2,"minecraft:bone":33,"minecraft:kelp":45,"minecraft:bow":6,"minecraft:wheat_seeds":518,"minecraft:raw_gold":8,"minecraft:iron_ingot":54,"minecraft:stone_pickaxe":27,"minecraft:powered_rail":6,"minecraft:stone_hoe":1,"minecraft:iron_sword":17,"minecraft:oak_planks":258,"minecraft:oak_slab":4,"minecraft:sweet_berries":8,"minecraft:dandelion":24,"minecraft:gravel":73,"minecraft:lava_bucket":1,"minecraft:sand":787,"minecraft:spruce_sapling":35,"minecraft:white_bed":1,"minecraft:spruce_log":336,"minecraft:spider_eye":3,"minecraft:mossy_cobblestone":3,"minecraft:dispenser":1,"minecraft:purple_bed":2,"minecraft:stone_axe":26,"minecraft:lever":3,"minecraft:painting":16,"minecraft:granite":2,"minecraft:emerald":10,"minecraft:bread":10,"minecraft:oak_sapling":51,"minecraft:baked_potato":50,"minecraft:coal":492},"minecraft:used":{"minecraft:oak_fence":3,"minecraft:iron_shovel":1563,"minecraft:flint_and_steel":57,"minecraft:dispenser":1,"minecraft:stone_shovel":1967,"minecraft:poppy":3,"minecraft:chest":1,"minecraft:shield":106,"minecraft:iron_sword":245,"minecraft:stone":32,"minecraft:cooked_chicken":2,"minecraft:cooked_salmon":4,"minecraft:stone_hoe":166,"minecraft:rotten_flesh":5,"minecraft:oak_door":10,"minecraft:torch":32,"minecraft:dirt":1446,"minecraft:mutton":2,"minecraft:cobblestone_wall":1,"minecraft:carrot":113,"minecraft:golden_shovel":21,"minecraft:granite":2,"minecraft:iron_axe":9,"minecraft:oak_stairs":2,"minecraft:iron_helmet":1,"minecraft:iron_boots":1,"minecraft:barrel":1,"minecraft:item_frame":1,"minecraft:bow":9,"minecraft:hay_block":2,"minecraft:oak_sapling":10,"minecraft:furnace":18,"minecraft:cooked_cod":3,"minecraft:egg":9,"minecraft:cooked_beef":25,"minecraft:potato":158,"minecraft:cooked_mutton":3,"minecraft:wheat_seeds":145,"minecraft:water_bucket":3,"minecraft:diorite":91,"minecraft:stone_pickaxe":446,"minecraft:oak_planks":24,"minecraft:baked_potato":12,"minecraft:blue_bed":1,"minecraft:wooden_pickaxe":42,"minecraft:salmon":1,"minecraft:white_wool":2,"minecraft:sand":13,"minecraft:crafting_table":12,"minecraft:painting":17,"minecraft:oak_log":2,"minecraft:lever":4,"minecraft:wooden_hoe":14,"minecraft:bread":11,"minecraft:iron_pickaxe":875,"minecraft:oak_pressure_plate":2,"minecraft:spruce_sapling":29,"minecraft:gravel":4,"minecraft:stone_axe":442,"minecraft:fishing_rod":34,"minecraft:cobblestone":634,"minecraft:purple_bed":3,"minecraft:porkchop":2,"minecraft:cooked_porkchop":2,"minecraft:bucket":5,"minecraft:andesite":6,"minecraft:yellow_bed":1,"minecraft:dandelion":2,"minecraft:purple_wool":1},"minecraft:custom":{"minecraft:mob_kills":88,"minecraft:inspect_hopper":1,"minecraft:interact_with_crafting_table":86,"minecraft:open_barrel":16,"minecraft:leave_game":3,"minecraft:time_since_death":76139,"minecraft:climb_one_cm":4551,"minecraft:sprint_one_cm":1114173,"minecraft:walk_one_cm":1008203,"minecraft:damage_blocked_by_shield":5925,"minecraft:drop":111,"minecraft:play_time":556517,"minecraft:deaths":26,"minecraft:sneak_time":557,"minecraft:walk_under_water_one_cm":113531,"minecraft:jump":6326,"minecraft:walk_on_water_one_cm":181028,"minecraft:total_world_time":556517,"minecraft:interact_with_furnace":117,"minecraft:sleep_in_bed":3,"minecraft:time_since_rest":72768,"minecraft:damage_taken":11111,"minecraft:damage_absorbed":20,"minecraft:damage_dealt":13967,"minecraft:swim_one_cm":389798,"minecraft:fly_one_cm":1406324,"minecraft:open_chest":76,"minecraft:fish_caught":6,"minecraft:fall_one_cm":135100,"minecraft:inspect_dispenser":3,"minecraft:horse_one_cm":69807},"minecraft:killed":{"minecraft:spider":2,"minecraft:skeleton":6,"minecraft:chicken":17,"minecraft:drowned":7,"minecraft:pig":8,"minecraft:salmon":3,"minecraft:iron_golem":5,"minecraft:sheep":28,"minecraft:zombie":2,"minecraft:cow":10},"minecraft:killed_by":{"minecraft:zombie_villager":1,"minecraft:player":2,"minecraft:zombified_piglin":1,"minecraft:creeper":3,"minecraft:spider":1,"minecraft:iron_golem":2,"minecraft:skeleton":7,"minecraft:zombie":6},"minecraft:mined":{"minecraft:white_bed":1,"minecraft:mossy_cobblestone":1,"minecraft:oak_door":7,"minecraft:lever":3,"minecraft:granite":2,"minecraft:grass_block":2295,"minecraft:spruce_leaves":56,"minecraft:kelp":1,"minecraft:oxeye_daisy":1,"minecraft:hay_block":1,"minecraft:tall_seagrass":3,"minecraft:magma_block":7,"minecraft:carrots":85,"minecraft:furnace":12,"minecraft:iron_ore":89,"minecraft:fire":20,"minecraft:andesite":5,"minecraft:azure_bluet":1,"minecraft:potatoes":93,"minecraft:dirt_path":1,"minecraft:stripped_oak_log":7,"minecraft:stone":448,"minecraft:white_wool":1,"minecraft:spruce_slab":1,"minecraft:glass_pane":4,"minecraft:kelp_plant":3,"minecraft:dandelion":2,"minecraft:clay":14,"minecraft:oak_fence":1,"minecraft:crafting_table":7,"minecraft:cornflower":2,"minecraft:torch":5,"minecraft:short_grass":152,"minecraft:emerald_ore":2,"minecraft:poppy":1,"minecraft:cobblestone":226,"minecraft:tall_grass":47,"minecraft:lapis_ore":4,"minecraft:sugar_cane":12,"minecraft:oak_planks":20,"minecraft:diorite":292,"minecraft:wall_torch":1,"minecraft:purple_bed":2,"minecraft:cobblestone_wall":1,"minecraft:birch_log":7,"minecraft:wheat":84,"minecraft:sweet_berry_bush":3,"minecraft:spruce_log":92,"minecraft:birch_leaves":4,"minecraft:yellow_bed":2,"minecraft:coal_ore":146,"minecraft:oak_log":89,"minecraft:gravel":20,"minecraft:sand":209,"minecraft:dirt":1098,"minecraft:dispenser":1,"minecraft:gold_ore":8,"minecraft:oak_leaves":39}},"DataVersion":3953}