{"stats":{"minecraft:dropped":{"minecraft:diamond":2,"minecraft:oak_fence":2,"minecraft:lead":2,"minecraft:activator_rail":1,"minecraft:dirt":957,"minecraft:sand":35,"minecraft:white_wool":1,"minecraft:dandelion":2,"minecraft:stone_axe":1,"minecraft:sugar_cane":1,"minecraft:cobblestone_wall":1,"minecraft:rotten_flesh":2,"minecraft:oak_planks":32,"minecraft:poppy":3,"minecraft:stone":63,"minecraft:spider_eye":2,"minecraft:egg":4},"minecraft:custom":{"minecraft:mob_kills":33,"minecraft:inspect_hopper":1,"minecraft:interact_with_crafting_table":47,"minecraft:open_barrel":6,"minecraft:leave_game":2,"minecraft:time_since_death":54773,"minecraft:climb_one_cm":2795,"minecraft:sprint_one_cm":780995,"minecraft:walk_one_cm":710936,"minecraft:damage_blocked_by_shield":4335,"minecraft:drop":100,"minecraft:play_time":418037,"minecraft:sneak_time":58,"minecraft:deaths":23,"minecraft:walk_under_water_one_cm":90472,"minecraft:jump":4930,"minecraft:walk_on_water_one_cm":155656,"minecraft:total_world_time":418037,"minecraft:interact_with_furnace":64,"minecraft:sleep_in_bed":2,"minecraft:time_since_rest":54806,"minecraft:damage_taken":9487,"minecraft:damage_dealt":6901,"minecraft:swim_one_cm":286243,"minecraft:fly_one_cm":1153032,"minecraft:open_chest":59,"minecraft:fish_caught":6,"minecraft:fall_one_cm":106196,"minecraft:horse_one_cm":69807},"minecraft:crafted":{"minecraft:purple_wool":1,"minecraft:oak_planks":44,"minecraft:stone_shovel":15,"minecraft:fishing_rod":1,"minecraft:purple_bed":1,"minecraft:cooked_chicken":2,"minecraft:furnace":2,"minecraft:stone":80,"minecraft:cooked_mutton":3,"minecraft:flint_and_steel":1,"minecraft:bow":2,"minecraft:stone_pickaxe":2,"minecraft:chest":1,"minecraft:stone_hoe":2,"minecraft:cooked_beef":14,"minecraft:red_dye":1,"minecraft:cooked_cod":3,"minecraft:cooked_porkchop":2,"minecraft:crafting_table":5,"minecraft:baked_potato":29,"minecraft:wooden_pickaxe":2,"minecraft:iron_sword":1,"minecraft:cooked_salmon":4,"minecraft:bucket":1,"minecraft:birch_planks":24,"minecraft:stone_axe":2,"minecraft:bread":12,"minecraft:air":0,"minecraft:blue_dye":1,"minecraft:wooden_hoe":1,"minecraft:iron_chestplate":1,"minecraft:purple_dye":2,"minecraft:shield":3,"minecraft:stick":68,"minecraft:iron_ingot":10,"minecraft:iron_pickaxe":2,"minecraft:iron_shovel":3,"minecraft:torch":4,"minecraft:shears":1},"minecraft:used":{"minecraft:oak_fence":3,"minecraft:iron_shovel":764,"minecraft:flint_and_steel":57,"minecraft:stone_shovel":1955,"minecraft:chest":1,"minecraft:shield":92,"minecraft:stone":32,"minecraft:iron_sword":181,"minecraft:cooked_salmon":4,"minecraft:stone_hoe":162,"minecraft:cooked_chicken":2,"minecraft:rotten_flesh":5,"minecraft:torch":4,"minecraft:dirt":1175,"minecraft:mutton":2,"minecraft:cobblestone_wall":1,"minecraft:carrot":76,"minecraft:golden_shovel":21,"minecraft:oak_stairs":2,"minecraft:bow":9,"minecraft:furnace":7,"minecraft:cooked_cod":3,"minecraft:cooked_beef":20,"minecraft:potato":122,"minecraft:wheat_seeds":121,"minecraft:cooked_mutton":3,"minecraft:water_bucket":3,"minecraft:diorite":27,"minecraft:baked_potato":2,"minecraft:stone_pickaxe":164,"minecraft:oak_planks":11,"minecraft:wooden_pickaxe":30,"minecraft:white_wool":1,"minecraft:salmon":1,"minecraft:sand":4,"minecraft:crafting_table":7,"minecraft:oak_log":1,"minecraft:wooden_hoe":14,"minecraft:bread":4,"minecraft:iron_pickaxe":420,"minecraft:stone_axe":202,"minecraft:fishing_rod":34,"minecraft:cobblestone":517,"minecraft:purple_bed":2,"minecraft:porkchop":2,"minecraft:cooked_porkchop":2,"minecraft:bucket":3,"minecraft:andesite":3,"minecraft:yellow_bed":1,"minecraft:dandelion":2,"minecraft:purple_wool":1},"minecraft:killed":{"minecraft:spider":2,"minecraft:skeleton":3,"minecraft:chicken":2,"minecraft:drowned":7,"minecraft:pig":2,"minecraft:salmon":3,"minecraft:iron_golem":2,"minecraft:sheep":4,"minecraft:zombie":1,"minecraft:cow":7},"minecraft:broken":{"minecraft:iron_shovel":3,"minecraft:golden_shovel":1,"minecraft:stone_hoe":1,"minecraft:shield":2,"minecraft:stone_axe":1,"minecraft:iron_pickaxe":1,"minecraft:stone_shovel":14},"minecraft:picked_up":{"minecraft:fishing_rod":4,"minecraft:crafting_table":13,"minecraft:wheat":127,"minecraft:azure_bluet":1,"minecraft:purple_wool":3,"minecraft:chicken":2,"minecraft:ladder":28,"minecraft:clay_ball":48,"minecraft:lead":3,"minecraft:wooden_pickaxe":5,"minecraft:oak_stairs":56,"minecraft:golden_shovel":3,"minecraft:shield":20,"minecraft:cornflower":2,"minecraft:string":150,"minecraft:flint_and_steel":4,"minecraft:white_carpet":2,"minecraft:iron_shovel":4,"minecraft:activator_rail":2,"minecraft:beef":28,"minecraft:cobblestone_slab":7,"minecraft:poppy":6,"minecraft:iron_pickaxe":16,"minecraft:sugar_cane":199,"minecraft:birch_sapling":1,"minecraft:furnace":14,"minecraft:egg":158,"minecraft:stick":63,"minecraft:raw_iron":60,"minecraft:stone":335,"minecraft:oak_fence":8,"minecraft:copper_ingot":20,"minecraft:torch":14,"minecraft:porkchop":6,"minecraft:diorite":181,"minecraft:carrot":180,"minecraft:arrow":14,"minecraft:rotten_flesh":35,"minecraft:stone_shovel":4,"minecraft:shears":6,"minecraft:mutton":8,"minecraft:cod":4,"minecraft:white_wool":16,"minecraft:cobblestone":1450,"minecraft:oxeye_daisy":1,"minecraft:stripped_oak_log":5,"minecraft:birch_log":6,"minecraft:purple_dye":5,"minecraft:cooked_beef":17,"minecraft:andesite":4,"minecraft:salmon":5,"minecraft:leather":86,"minecraft:potato":325,"minecraft:birch_planks":2,"minecraft:flint":2,"minecraft:oak_log":126,"minecraft:yellow_bed":4,"minecraft:cobblestone_wall":3,"minecraft:dirt":5929,"minecraft:bone":30,"minecraft:kelp":45,"minecraft:bow":6,"minecraft:wheat_seeds":443,"minecraft:stone_pickaxe":25,"minecraft:iron_ingot":38,"minecraft:powered_rail":6,"minecraft:stone_hoe":1,"minecraft:iron_sword":15,"minecraft:oak_planks":191,"minecraft:sweet_berries":8,"minecraft:dandelion":9,"minecraft:gravel":63,"minecraft:sand":616,"minecraft:spruce_sapling":6,"minecraft:spruce_log":284,"minecraft:spider_eye":3,"minecraft:mossy_cobblestone":2,"minecraft:purple_bed":1,"minecraft:stone_axe":25,"minecraft:emerald":10,"minecraft:oak_sapling":41,"minecraft:coal":362},"minecraft:mined":{"minecraft:grass_block":1805,"minecraft:spruce_leaves":26,"minecraft:kelp":1,"minecraft:oxeye_daisy":1,"minecraft:tall_seagrass":3,"minecraft:furnace":4,"minecraft:carrots":41,"minecraft:iron_ore":11,"minecraft:fire":20,"minecraft:andesite":3,"minecraft:potatoes":57,"minecraft:dirt_path":1,"minecraft:stripped_oak_log":5,"minecraft:stone":284,"minecraft:white_wool":1,"minecraft:glass_pane":4,"minecraft:kelp_plant":3,"minecraft:dandelion":1,"minecraft:oak_fence":1,"minecraft:clay":14,"minecraft:crafting_table":4,"minecraft:cornflower":1,"minecraft:short_grass":110,"minecraft:emerald_ore":2,"minecraft:poppy":1,"minecraft:tall_grass":32,"minecraft:cobblestone":35,"minecraft:sugar_cane":12,"minecraft:oak_planks":9,"minecraft:diorite":146,"minecraft:wall_torch":1,"minecraft:purple_bed":1,"minecraft:cobblestone_wall":1,"minecraft:birch_log":6,"minecraft:wheat":60,"minecraft:sweet_berry_bush":3,"minecraft:spruce_log":40,"minecraft:birch_leaves":4,"minecraft:yellow_bed":2,"minecraft:oak_log":44,"minecraft:coal_ore":104,"minecraft:gravel":17,"minecraft:sand":208,"minecraft:dirt":742,"minecraft:oak_leaves":14},"minecraft:killed_by":{"minecraft:zombie_villager":1,"minecraft:player":2,"minecraft:zombified_piglin":1,"minecraft:creeper":2,"minecraft:spider":1,"minecraft:iron_golem":2,"minecraft:skeleton":7,"minecraft:zombie":6}},"DataVersion":3953}