{"stats":{"minecraft:killed_by":{"minecraft:zombie_villager":1,"minecraft:player":2,"minecraft:zombified_piglin":1,"minecraft:creeper":1,"minecraft:iron_golem":2,"minecraft:skeleton":3,"minecraft:zombie":5},"minecraft:dropped":{"minecraft:diamond":2,"minecraft:lead":2,"minecraft:dirt":384,"minecraft:sand":33,"minecraft:white_wool":1,"minecraft:dandelion":2,"minecraft:stone_axe":1,"minecraft:sugar_cane":1,"minecraft:oak_planks":32,"minecraft:poppy":3,"minecraft:stone":63,"minecraft:spider_eye":1,"minecraft:egg":4},"minecraft:crafted":{"minecraft:purple_wool":1,"minecraft:oak_planks":32,"minecraft:stone_shovel":8,"minecraft:fishing_rod":1,"minecraft:purple_bed":1,"minecraft:cooked_chicken":2,"minecraft:furnace":2,"minecraft:stone":80,"minecraft:cooked_mutton":3,"minecraft:bow":1,"minecraft:stone_pickaxe":2,"minecraft:chest":1,"minecraft:stone_hoe":2,"minecraft:cooked_beef":5,"minecraft:red_dye":1,"minecraft:cooked_cod":3,"minecraft:cooked_porkchop":2,"minecraft:crafting_table":4,"minecraft:wooden_pickaxe":2,"minecraft:iron_sword":1,"minecraft:cooked_salmon":4,"minecraft:birch_planks":24,"minecraft:stone_axe":2,"minecraft:air":0,"minecraft:blue_dye":1,"minecraft:purple_dye":2,"minecraft:shield":2,"minecraft:stick":52,"minecraft:iron_ingot":2,"minecraft:iron_pickaxe":1,"minecraft:iron_shovel":1},"minecraft:used":{"minecraft:oak_fence":1,"minecraft:iron_shovel":264,"minecraft:stone_shovel":977,"minecraft:chest":1,"minecraft:shield":23,"minecraft:stone":32,"minecraft:iron_sword":109,"minecraft:cooked_salmon":4,"minecraft:stone_hoe":151,"minecraft:cooked_chicken":2,"minecraft:rotten_flesh":5,"minecraft:dirt":261,"minecraft:cobblestone_wall":1,"minecraft:carrot":7,"minecraft:golden_shovel":2,"minecraft:furnace":4,"minecraft:cooked_cod":3,"minecraft:potato":16,"minecraft:cooked_beef":11,"minecraft:wheat_seeds":28,"minecraft:cooked_mutton":3,"minecraft:stone_pickaxe":164,"minecraft:oak_planks":3,"minecraft:wooden_pickaxe":30,"minecraft:white_wool":1,"minecraft:salmon":1,"minecraft:crafting_table":6,"minecraft:oak_log":1,"minecraft:iron_pickaxe":58,"minecraft:stone_axe":173,"minecraft:fishing_rod":34,"minecraft:cobblestone":69,"minecraft:purple_bed":2,"minecraft:cooked_porkchop":2,"minecraft:andesite":2,"minecraft:yellow_bed":1,"minecraft:dandelion":2,"minecraft:purple_wool":1},"minecraft:custom":{"minecraft:mob_kills":25,"minecraft:interact_with_crafting_table":28,"minecraft:open_barrel":1,"minecraft:leave_game":1,"minecraft:time_since_death":641,"minecraft:climb_one_cm":478,"minecraft:sprint_one_cm":393936,"minecraft:walk_one_cm":352690,"minecraft:damage_blocked_by_shield":1755,"minecraft:drop":85,"minecraft:play_time":255590,"minecraft:deaths":16,"minecraft:sneak_time":58,"minecraft:walk_under_water_one_cm":60632,"minecraft:jump":2861,"minecraft:walk_on_water_one_cm":63951,"minecraft:total_world_time":255590,"minecraft:interact_with_furnace":49,"minecraft:sleep_in_bed":2,"minecraft:time_since_rest":681,"minecraft:damage_taken":6090,"minecraft:damage_dealt":4831,"minecraft:swim_one_cm":106436,"minecraft:fly_one_cm":684455,"minecraft:open_chest":43,"minecraft:fish_caught":6,"minecraft:fall_one_cm":61779,"minecraft:horse_one_cm":69807},"minecraft:picked_up":{"minecraft:fishing_rod":4,"minecraft:crafting_table":7,"minecraft:azure_bluet":1,"minecraft:purple_wool":3,"minecraft:chicken":2,"minecraft:ladder":20,"minecraft:clay_ball":32,"minecraft:lead":3,"minecraft:wooden_pickaxe":5,"minecraft:oak_stairs":52,"minecraft:golden_shovel":2,"minecraft:shield":13,"minecraft:cornflower":2,"minecraft:string":62,"minecraft:activator_rail":1,"minecraft:beef":11,"minecraft:cobblestone_slab":1,"minecraft:poppy":6,"minecraft:iron_pickaxe":8,"minecraft:sugar_cane":155,"minecraft:birch_sapling":1,"minecraft:egg":27,"minecraft:furnace":9,"minecraft:stick":13,"minecraft:raw_iron":40,"minecraft:stone":335,"minecraft:copper_ingot":18,"minecraft:oak_fence":2,"minecraft:torch":10,"minecraft:porkchop":2,"minecraft:arrow":2,"minecraft:rotten_flesh":28,"minecraft:mutton":6,"minecraft:cod":4,"minecraft:white_wool":13,"minecraft:cobblestone":254,"minecraft:oxeye_daisy":1,"minecraft:birch_log":6,"minecraft:purple_dye":5,"minecraft:cooked_beef":16,"minecraft:andesite":2,"minecraft:salmon":5,"minecraft:leather":53,"minecraft:birch_planks":2,"minecraft:oak_log":42,"minecraft:yellow_bed":4,"minecraft:cobblestone_wall":1,"minecraft:dirt":2696,"minecraft:bone":4,"minecraft:kelp":45,"minecraft:bow":1,"minecraft:wheat_seeds":55,"minecraft:stone_pickaxe":17,"minecraft:iron_ingot":10,"minecraft:oak_planks":78,"minecraft:iron_sword":8,"minecraft:sweet_berries":8,"minecraft:dandelion":8,"minecraft:sand":253,"minecraft:spruce_sapling":2,"minecraft:spruce_log":39,"minecraft:spider_eye":2,"minecraft:mossy_cobblestone":2,"minecraft:purple_bed":1,"minecraft:stone_axe":17,"minecraft:emerald":10,"minecraft:oak_sapling":13,"minecraft:coal":300},"minecraft:killed":{"minecraft:spider":2,"minecraft:skeleton":1,"minecraft:chicken":2,"minecraft:drowned":6,"minecraft:pig":1,"minecraft:salmon":3,"minecraft:iron_golem":1,"minecraft:sheep":3,"minecraft:zombie":1,"minecraft:cow":5},"minecraft:broken":{"minecraft:iron_shovel":1,"minecraft:stone_hoe":1,"minecraft:shield":1,"minecraft:stone_shovel":7},"minecraft:mined":{"minecraft:grass_block":804,"minecraft:spruce_leaves":26,"minecraft:kelp":1,"minecraft:oxeye_daisy":1,"minecraft:furnace":2,"minecraft:iron_ore":8,"minecraft:stone":119,"minecraft:white_wool":1,"minecraft:glass_pane":2,"minecraft:kelp_plant":3,"minecraft:dandelion":1,"minecraft:oak_fence":1,"minecraft:clay":10,"minecraft:crafting_table":3,"minecraft:cornflower":1,"minecraft:short_grass":94,"minecraft:emerald_ore":2,"minecraft:poppy":1,"minecraft:tall_grass":21,"minecraft:cobblestone":17,"minecraft:sugar_cane":12,"minecraft:oak_planks":4,"minecraft:wall_torch":1,"minecraft:purple_bed":1,"minecraft:birch_log":6,"minecraft:sweet_berry_bush":3,"minecraft:spruce_log":40,"minecraft:birch_leaves":3,"minecraft:yellow_bed":2,"minecraft:oak_log":40,"minecraft:coal_ore":82,"minecraft:sand":108,"minecraft:dirt":303,"minecraft:oak_leaves":6}},"DataVersion":3953}