{"stats":{"minecraft:used":{"minecraft:stone_pickaxe":100,"minecraft:wooden_pickaxe":14,"minecraft:stone_axe":36,"minecraft:crafting_table":1},"minecraft:picked_up":{"minecraft:birch_log":6,"minecraft:crafting_table":1,"minecraft:sweet_berries":8,"minecraft:oak_log":12,"minecraft:spruce_log":4,"minecraft:cornflower":1,"minecraft:dirt":8,"minecraft:string":1,"minecraft:poppy":1,"minecraft:birch_sapling":1,"minecraft:coal":32,"minecraft:cobblestone":73},"minecraft:killed":{"minecraft:spider":1},"minecraft:custom":{"minecraft:time_since_rest":1514,"minecraft:sprint_one_cm":9635,"minecraft:damage_taken":744,"minecraft:walk_one_cm":20934,"minecraft:mob_kills":1,"minecraft:damage_dealt":169,"minecraft:swim_one_cm":10966,"minecraft:interact_with_crafting_table":2,"minecraft:fly_one_cm":13457,"minecraft:open_chest":1,"minecraft:play_time":46345,"minecraft:deaths":2,"minecraft:walk_under_water_one_cm":895,"minecraft:jump":116,"minecraft:time_since_death":1456,"minecraft:walk_on_water_one_cm":2125,"minecraft:total_world_time":46345,"minecraft:fall_one_cm":3057},"minecraft:mined":{"minecraft:birch_log":6,"minecraft:sweet_berry_bush":3,"minecraft:spruce_log":5,"minecraft:birch_leaves":3,"minecraft:yellow_bed":1,"minecraft:cornflower":1,"minecraft:crafting_table":1,"minecraft:short_grass":2,"minecraft:grass_block":2,"minecraft:coal_ore":32,"minecraft:oak_log":13,"minecraft:poppy":1,"minecraft:dirt":6,"minecraft:spruce_leaves":3,"minecraft:stone":73,"minecraft:oak_leaves":2},"minecraft:killed_by":{"minecraft:zombie":2},"minecraft:crafted":{"minecraft:crafting_table":1,"minecraft:stick":12,"minecraft:wooden_pickaxe":1,"minecraft:stone_pickaxe":1,"minecraft:birch_planks":24,"minecraft:stone_axe":1}},"DataVersion":3953}