{"stats":{"minecraft:killed_by":{"minecraft:skeleton":1,"minecraft:creeper":1,"minecraft:player":1},"minecraft:used":{"minecraft:wooden_axe":14,"minecraft:crafting_table":1,"minecraft:oak_boat":2,"minecraft:iron_sword":3,"minecraft:iron_chestplate":2},"minecraft:crafted":{"minecraft:iron_sword":1,"minecraft:oak_boat":1,"minecraft:oak_planks":52,"minecraft:iron_chestplate":1,"minecraft:crafting_table":1,"minecraft:stick":4,"minecraft:wooden_axe":1},"minecraft:custom":{"minecraft:time_since_rest":519,"minecraft:deaths":3,"minecraft:crouch_one_cm":1655,"minecraft:play_time":10675,"minecraft:sprint_one_cm":18985,"minecraft:damage_taken":912,"minecraft:walk_one_cm":13806,"minecraft:sneak_time":503,"minecraft:mob_kills":1,"minecraft:boat_one_cm":172438,"minecraft:jump":80,"minecraft:damage_dealt":269,"minecraft:walk_on_water_one_cm":2736,"minecraft:time_since_death":486,"minecraft:sleep_in_bed":1,"minecraft:total_world_time":10675,"minecraft:fall_one_cm":2365,"minecraft:interact_with_crafting_table":3,"minecraft:fly_one_cm":13076},"minecraft:picked_up":{"minecraft:wooden_axe":2,"minecraft:stick":3,"minecraft:crafting_table":1,"minecraft:iron_ingot":10,"minecraft:oak_boat":1,"minecraft:oak_log":14,"minecraft:arrow":1,"minecraft:oak_planks":40,"minecraft:iron_chestplate":2},"minecraft:killed":{"minecraft:skeleton":1},"minecraft:mined":{"minecraft:potatoes":1,"minecraft:oak_log":14,"minecraft:oak_leaves":3,"minecraft:crafting_table":1}},"DataVersion":3953}