{"stats":{"minecraft:killed_by":{"minecraft:player":1,"minecraft:skeleton":4,"minecraft:creeper":1},"minecraft:used":{"minecraft:stone_shovel":131,"minecraft:stone_pickaxe":108,"minecraft:ladder":4,"minecraft:oak_planks":71,"minecraft:chest":2,"minecraft:spruce_planks":127,"minecraft:wooden_pickaxe":18,"minecraft:stone":42,"minecraft:iron_sword":3,"minecraft:wooden_shovel":88,"minecraft:oak_door":5,"minecraft:iron_chestplate":2,"minecraft:white_wool":7,"minecraft:torch":1,"minecraft:dirt":50,"minecraft:crafting_table":11,"minecraft:white_bed":3,"minecraft:oak_log":1,"minecraft:glass":4,"minecraft:wooden_axe":14,"minecraft:oak_stairs":7,"minecraft:stone_axe":263,"minecraft:furnace":6,"minecraft:oak_boat":2,"minecraft:stripped_oak_log":3,"minecraft:cooked_beef":6,"minecraft:dandelion":1},"minecraft:crafted":{"minecraft:cooked_beef":6,"minecraft:oak_door":3,"minecraft:oak_planks":268,"minecraft:wooden_shovel":2,"minecraft:stone_shovel":1,"minecraft:crafting_table":3,"minecraft:spruce_planks":208,"minecraft:wooden_pickaxe":1,"minecraft:iron_sword":1,"minecraft:furnace":1,"minecraft:stone":42,"minecraft:stone_axe":2,"minecraft:air":0,"minecraft:oak_boat":1,"minecraft:glass":66,"minecraft:iron_chestplate":1,"minecraft:ladder":9,"minecraft:stick":36,"minecraft:stone_pickaxe":1,"minecraft:wooden_axe":1,"minecraft:chest":2},"minecraft:custom":{"minecraft:interact_with_furnace":26,"minecraft:interact_with_anvil":1,"minecraft:mob_kills":4,"minecraft:interact_with_crafting_table":13,"minecraft:leave_game":1,"minecraft:time_since_death":45457,"minecraft:sleep_in_bed":5,"minecraft:climb_one_cm":522,"minecraft:time_since_rest":3360,"minecraft:sprint_one_cm":198217,"minecraft:damage_taken":2106,"minecraft:walk_one_cm":135943,"minecraft:damage_dealt":950,"minecraft:swim_one_cm":1003,"minecraft:fly_one_cm":125850,"minecraft:open_chest":12,"minecraft:crouch_one_cm":39438,"minecraft:play_time":82609,"minecraft:deaths":6,"minecraft:sneak_time":11298,"minecraft:walk_under_water_one_cm":1163,"minecraft:boat_one_cm":172438,"minecraft:jump":702,"minecraft:walk_on_water_one_cm":4793,"minecraft:total_world_time":82609,"minecraft:fall_one_cm":18876,"minecraft:horse_one_cm":9881},"minecraft:picked_up":{"minecraft:wooden_axe":2,"minecraft:stripped_oak_log":16,"minecraft:crafting_table":15,"minecraft:iron_chestplate":4,"minecraft:cooked_beef":2,"minecraft:yellow_wool":8,"minecraft:wooden_pickaxe":2,"minecraft:oak_stairs":16,"minecraft:oak_log":54,"minecraft:dirt":286,"minecraft:bone":4,"minecraft:apple":6,"minecraft:wheat_seeds":9,"minecraft:bell":2,"minecraft:spruce_planks":9,"minecraft:iron_ingot":10,"minecraft:stone_pickaxe":1,"minecraft:oak_boat":1,"minecraft:stripped_oak_wood":5,"minecraft:wooden_shovel":1,"minecraft:oak_planks":109,"minecraft:furnace":5,"minecraft:oak_slab":32,"minecraft:stick":7,"minecraft:oak_door":4,"minecraft:oak_fence":78,"minecraft:torch":19,"minecraft:dandelion":1,"minecraft:sand":10,"minecraft:spruce_sapling":11,"minecraft:white_bed":3,"minecraft:spruce_log":100,"minecraft:mossy_cobblestone":2,"minecraft:arrow":7,"minecraft:rotten_flesh":2,"minecraft:stone_axe":2,"minecraft:oak_sapling":19,"minecraft:coal":33,"minecraft:white_wool":15,"minecraft:cobblestone":156},"minecraft:killed":{"minecraft:skeleton":2,"minecraft:zombie":2},"minecraft:broken":{"minecraft:wooden_shovel":1,"minecraft:stone_axe":1,"minecraft:stone_shovel":1},"minecraft:mined":{"minecraft:oak_slab":18,"minecraft:spruce_planks":9,"minecraft:white_bed":3,"minecraft:mossy_cobblestone":2,"minecraft:oak_door":3,"minecraft:dandelion":1,"minecraft:oak_fence":44,"minecraft:crafting_table":9,"minecraft:short_grass":24,"minecraft:grass_block":156,"minecraft:cobblestone":38,"minecraft:tall_grass":1,"minecraft:spruce_leaves":11,"minecraft:oak_planks":17,"minecraft:spruce_sapling":1,"minecraft:furnace":5,"minecraft:yellow_wool":4,"minecraft:fire":20,"minecraft:spruce_log":55,"minecraft:stripped_oak_wood":2,"minecraft:potatoes":1,"minecraft:oak_log":54,"minecraft:oak_stairs":13,"minecraft:sand":10,"minecraft:dirt":93,"minecraft:stripped_oak_log":16,"minecraft:stone":60,"minecraft:white_wool":11,"minecraft:oak_leaves":25}},"DataVersion":3953}