{"stats":{"minecraft:killed_by":{"minecraft:player":1,"minecraft:creeper":1,"minecraft:zombie":1},"minecraft:dropped":{"minecraft:iron_ingot":1,"minecraft:saddle":1,"minecraft:stick":5,"minecraft:torch":2,"minecraft:cornflower":1,"minecraft:spruce_sapling":1,"minecraft:moss_carpet":1,"minecraft:stone_axe":3,"minecraft:kelp":1,"minecraft:rotten_flesh":1,"minecraft:filled_map":1,"minecraft:poppy":3,"minecraft:charcoal":6,"minecraft:egg":1},"minecraft:crafted":{"minecraft:oak_planks":664,"minecraft:stone_shovel":2,"minecraft:furnace":11,"minecraft:stone":687,"minecraft:glass":22,"minecraft:stone_brick_slab":168,"minecraft:ladder":3,"minecraft:stone_pickaxe":19,"minecraft:chest":20,"minecraft:birch_door":3,"minecraft:chiseled_stone_bricks":84,"minecraft:stone_bricks":552,"minecraft:birch_sign":3,"minecraft:cooked_beef":6,"minecraft:cooked_cod":1,"minecraft:cooked_porkchop":14,"minecraft:crafting_table":4,"minecraft:wooden_pickaxe":1,"minecraft:baked_potato":3,"minecraft:birch_planks":440,"minecraft:stone_axe":7,"minecraft:air":0,"minecraft:stick":128,"minecraft:stone_slab":48,"minecraft:iron_ingot":4,"minecraft:iron_pickaxe":1,"minecraft:acacia_planks":20,"minecraft:torch":164},"minecraft:used":{"minecraft:moss_block":3,"minecraft:stone_shovel":136,"minecraft:ladder":3,"minecraft:chest":29,"minecraft:stone":2,"minecraft:torch":141,"minecraft:dirt":1,"minecraft:granite":7,"minecraft:birch_door":3,"minecraft:glass":11,"minecraft:stone_bricks":361,"minecraft:furnace":21,"minecraft:cooked_cod":1,"minecraft:cooked_beef":6,"minecraft:cobbled_deepslate":19,"minecraft:pumpkin":10,"minecraft:diorite":1,"minecraft:birch_planks":190,"minecraft:stone_pickaxe":1960,"minecraft:baked_potato":7,"minecraft:oak_planks":21,"minecraft:wooden_pickaxe":29,"minecraft:cauldron":1,"minecraft:stonecutter":1,"minecraft:crafting_table":7,"minecraft:brown_banner":10,"minecraft:birch_sign":3,"minecraft:oak_log":1,"minecraft:flower_pot":1,"minecraft:bread":3,"minecraft:iron_pickaxe":67,"minecraft:spore_blossom":1,"minecraft:lectern":1,"minecraft:stone_axe":519,"minecraft:chiseled_stone_bricks":82,"minecraft:cobblestone":7,"minecraft:cooked_porkchop":15,"minecraft:grindstone":1,"minecraft:yellow_bed":1,"minecraft:oak_boat":4,"minecraft:coarse_dirt":3},"minecraft:custom":{"minecraft:mob_kills":34,"minecraft:interact_with_crafting_table":86,"minecraft:leave_game":1,"minecraft:time_since_death":57885,"minecraft:climb_one_cm":8918,"minecraft:sprint_one_cm":331126,"minecraft:walk_one_cm":1238528,"minecraft:drop":17,"minecraft:play_time":369527,"minecraft:deaths":3,"minecraft:sneak_time":6657,"minecraft:walk_under_water_one_cm":44258,"minecraft:boat_one_cm":1591807,"minecraft:jump":2699,"minecraft:walk_on_water_one_cm":88865,"minecraft:total_world_time":369527,"minecraft:interact_with_furnace":161,"minecraft:interact_with_grindstone":1,"minecraft:sleep_in_bed":1,"minecraft:time_since_rest":57990,"minecraft:damage_taken":2987,"minecraft:damage_dealt":5067,"minecraft:swim_one_cm":167,"minecraft:fly_one_cm":301646,"minecraft:open_chest":87,"minecraft:crouch_one_cm":14689,"minecraft:fall_one_cm":34190},"minecraft:picked_up":{"minecraft:coarse_dirt":3,"minecraft:charcoal":6,"minecraft:birch_door":1,"minecraft:crafting_table":3,"minecraft:flower_pot":1,"minecraft:wooden_pickaxe":1,"minecraft:oak_stairs":105,"minecraft:cornflower":1,"minecraft:string":63,"minecraft:moss_carpet":1,"minecraft:raw_copper":164,"minecraft:cobbled_deepslate":20,"minecraft:smooth_stone":1,"minecraft:beef":19,"minecraft:oak_boat":4,"minecraft:azalea":1,"minecraft:poppy":6,"minecraft:lectern":1,"minecraft:chest":12,"minecraft:birch_sapling":2,"minecraft:egg":2,"minecraft:furnace":10,"minecraft:stick":3,"minecraft:raw_iron":42,"minecraft:stone":230,"minecraft:oak_door":4,"minecraft:oak_fence":3,"minecraft:torch":106,"minecraft:acacia_log":5,"minecraft:porkchop":18,"minecraft:diorite":1,"minecraft:redstone":15,"minecraft:prismarine_crystals":2,"minecraft:cauldron":1,"minecraft:rotten_flesh":5,"minecraft:white_wool":64,"minecraft:cobblestone":1993,"minecraft:birch_log":110,"minecraft:stripped_oak_log":59,"minecraft:leather":7,"minecraft:filled_map":1,"minecraft:birch_planks":1,"minecraft:flint":24,"minecraft:tuff":3,"minecraft:oak_log":116,"minecraft:yellow_bed":1,"minecraft:gunpowder":3,"minecraft:cobblestone_stairs":8,"minecraft:lapis_lazuli":46,"minecraft:dirt":129,"minecraft:stone_bricks":73,"minecraft:kelp":2,"minecraft:stonecutter":1,"minecraft:spore_blossom":2,"minecraft:raw_gold":27,"minecraft:grindstone":1,"minecraft:iron_ingot":1,"minecraft:stripped_oak_wood":1,"minecraft:moss_block":15,"minecraft:oak_planks":29,"minecraft:book":24,"minecraft:cooked_porkchop":5,"minecraft:pumpkin":10,"minecraft:chiseled_stone_bricks":7,"minecraft:dandelion":2,"minecraft:gravel":131,"minecraft:sand":22,"minecraft:spruce_sapling":1,"minecraft:spider_eye":2,"minecraft:mossy_cobblestone":8,"minecraft:diamond":17,"minecraft:stone_axe":3,"minecraft:granite":112,"minecraft:baked_potato":4,"minecraft:brown_banner":13,"minecraft:coal":66},"minecraft:broken":{"minecraft:stone_pickaxe":14,"minecraft:stone_axe":2,"minecraft:stone_shovel":1},"minecraft:killed":{"minecraft:spider":2,"minecraft:pig":11,"minecraft:zombie_villager":1,"minecraft:creeper":1,"minecraft:zombie":9,"minecraft:cow":9},"minecraft:mined":{"minecraft:tuff":3,"minecraft:mossy_cobblestone":4,"minecraft:deepslate_diamond_ore":17,"minecraft:oak_door":2,"minecraft:cobblestone_stairs":4,"minecraft:sea_lantern":1,"minecraft:glow_lichen":1,"minecraft:granite":74,"minecraft:acacia_log":5,"minecraft:grass_block":52,"minecraft:moss_block":15,"minecraft:chiseled_stone_bricks":7,"minecraft:smooth_stone":1,"minecraft:spore_blossom":2,"minecraft:furnace":10,"minecraft:iron_ore":16,"minecraft:pumpkin":10,"minecraft:deepslate_lapis_ore":3,"minecraft:bookshelf":8,"minecraft:deepslate_iron_ore":26,"minecraft:water_cauldron":1,"minecraft:dirt_path":1,"minecraft:oak_stairs":68,"minecraft:potted_spruce_sapling":1,"minecraft:stripped_oak_log":52,"minecraft:azalea":1,"minecraft:stone":1652,"minecraft:deepslate_redstone_ore":3,"minecraft:glass_pane":4,"minecraft:oak_fence":3,"minecraft:crafting_table":3,"minecraft:torch":16,"minecraft:short_grass":6,"minecraft:chest":12,"minecraft:lectern":1,"minecraft:campfire":3,"minecraft:tall_grass":1,"minecraft:copper_ore":22,"minecraft:cobblestone":59,"minecraft:deepslate_gold_ore":23,"minecraft:lapis_ore":4,"minecraft:grindstone":1,"minecraft:oak_planks":29,"minecraft:diorite":1,"minecraft:wall_torch":14,"minecraft:birch_planks":1,"minecraft:coarse_dirt":3,"minecraft:birch_log":110,"minecraft:brown_wall_banner":13,"minecraft:birch_leaves":6,"minecraft:birch_door":1,"minecraft:stripped_oak_wood":1,"minecraft:yellow_bed":1,"minecraft:oak_log":116,"minecraft:coal_ore":60,"minecraft:gravel":83,"minecraft:sand":22,"minecraft:dirt":18,"minecraft:stonecutter":1,"minecraft:stone_bricks":19,"minecraft:gold_ore":4,"minecraft:oak_leaves":15,"minecraft:deepslate":20}},"DataVersion":3953}