{"stats":{"minecraft:dropped":{"minecraft:iron_ingot":1,"minecraft:saddle":1,"minecraft:flint":3,"minecraft:stick":5,"minecraft:torch":2,"minecraft:cornflower":1,"minecraft:string":3,"minecraft:spruce_sapling":1,"minecraft:stone_axe":3,"minecraft:moss_carpet":1,"minecraft:kelp":1,"minecraft:rotten_flesh":1,"minecraft:filled_map":1,"minecraft:poppy":3,"minecraft:gunpowder":1,"minecraft:charcoal":6,"minecraft:egg":1},"minecraft:custom":{"minecraft:mob_kills":40,"minecraft:interact_with_crafting_table":112,"minecraft:leave_game":2,"minecraft:time_since_death":19364,"minecraft:climb_one_cm":23594,"minecraft:sprint_one_cm":403886,"minecraft:walk_one_cm":1621664,"minecraft:drop":20,"minecraft:play_time":552784,"minecraft:sneak_time":9927,"minecraft:deaths":13,"minecraft:walk_under_water_one_cm":134518,"minecraft:boat_one_cm":2343038,"minecraft:jump":3382,"minecraft:walk_on_water_one_cm":234136,"minecraft:total_world_time":552784,"minecraft:interact_with_furnace":241,"minecraft:interact_with_stonecutter":10,"minecraft:interact_with_grindstone":1,"minecraft:sleep_in_bed":1,"minecraft:time_since_rest":19393,"minecraft:damage_taken":6919,"minecraft:damage_dealt":6081,"minecraft:swim_one_cm":1440,"minecraft:fly_one_cm":368150,"minecraft:open_chest":161,"minecraft:crouch_one_cm":19221,"minecraft:fish_caught":2,"minecraft:fall_one_cm":41369},"minecraft:crafted":{"minecraft:oak_planks":984,"minecraft:stone_shovel":2,"minecraft:furnace":12,"minecraft:stone":767,"minecraft:glass":22,"minecraft:stone_brick_slab":294,"minecraft:iron_boots":1,"minecraft:iron_axe":1,"minecraft:ladder":27,"minecraft:stone_pickaxe":19,"minecraft:chest":22,"minecraft:birch_door":3,"minecraft:chiseled_stone_bricks":147,"minecraft:stone_bricks":552,"minecraft:birch_sign":3,"minecraft:cooked_beef":6,"minecraft:cooked_cod":1,"minecraft:cooked_porkchop":24,"minecraft:diamond_axe":1,"minecraft:crafting_table":5,"minecraft:iron_helmet":1,"minecraft:wooden_pickaxe":1,"minecraft:baked_potato":3,"minecraft:birch_planks":564,"minecraft:stone_axe":7,"minecraft:air":0,"minecraft:iron_chestplate":1,"minecraft:shield":1,"minecraft:stick":204,"minecraft:stone_slab":48,"minecraft:iron_ingot":47,"minecraft:iron_pickaxe":4,"minecraft:iron_shovel":1,"minecraft:iron_leggings":1,"minecraft:acacia_planks":20,"minecraft:torch":164},"minecraft:used":{"minecraft:moss_block":8,"minecraft:iron_shovel":151,"minecraft:stone_shovel":136,"minecraft:ladder":21,"minecraft:chest":31,"minecraft:stone":2,"minecraft:torch":153,"minecraft:dirt":1,"minecraft:tuff":3,"minecraft:granite":7,"minecraft:milk_bucket":3,"minecraft:birch_door":3,"minecraft:glass":11,"minecraft:iron_axe":181,"minecraft:stone_bricks":421,"minecraft:furnace":22,"minecraft:cooked_cod":1,"minecraft:gold_block":1,"minecraft:cooked_beef":6,"minecraft:cobbled_deepslate":22,"minecraft:pumpkin":10,"minecraft:diorite":1,"minecraft:birch_planks":221,"minecraft:stone_pickaxe":2107,"minecraft:baked_potato":7,"minecraft:oak_planks":38,"minecraft:wooden_pickaxe":29,"minecraft:cauldron":1,"minecraft:stonecutter":1,"minecraft:diamond_axe":2,"minecraft:white_wool":10,"minecraft:birch_sign":3,"minecraft:brown_banner":10,"minecraft:crafting_table":9,"minecraft:cod":3,"minecraft:oak_log":1,"minecraft:flower_pot":1,"minecraft:bread":10,"minecraft:iron_pickaxe":815,"minecraft:spore_blossom":3,"minecraft:lectern":1,"minecraft:stone_axe":526,"minecraft:chiseled_stone_bricks":126,"minecraft:fishing_rod":5,"minecraft:cobblestone":71,"minecraft:grindstone":1,"minecraft:cooked_porkchop":24,"minecraft:yellow_bed":1,"minecraft:oak_boat":9,"minecraft:coarse_dirt":3},"minecraft:broken":{"minecraft:stone_pickaxe":16,"minecraft:stone_axe":2,"minecraft:iron_pickaxe":3,"minecraft:stone_shovel":1},"minecraft:killed":{"minecraft:spider":2,"minecraft:skeleton":1,"minecraft:drowned":1,"minecraft:pig":15,"minecraft:zombie_villager":1,"minecraft:creeper":1,"minecraft:zombie":9,"minecraft:cow":9},"minecraft:picked_up":{"minecraft:crafting_table":6,"minecraft:charcoal":8,"minecraft:fishing_rod":2,"minecraft:birch_door":1,"minecraft:iron_chestplate":6,"minecraft:coarse_dirt":3,"minecraft:wheat":12,"minecraft:flower_pot":1,"minecraft:wooden_pickaxe":1,"minecraft:oak_stairs":105,"minecraft:gold_block":1,"minecraft:shield":2,"minecraft:cornflower":1,"minecraft:string":68,"minecraft:moss_carpet":1,"minecraft:raw_copper":342,"minecraft:iron_axe":8,"minecraft:flint_and_steel":1,"minecraft:iron_leggings":5,"minecraft:iron_shovel":5,"minecraft:cracked_stone_bricks":1,"minecraft:cobbled_deepslate":22,"minecraft:smooth_stone":1,"minecraft:bucket":2,"minecraft:beef":19,"minecraft:oak_boat":9,"minecraft:azalea":1,"minecraft:poppy":6,"minecraft:iron_pickaxe":10,"minecraft:lectern":1,"minecraft:chest":12,"minecraft:birch_sapling":4,"minecraft:furnace":12,"minecraft:iron_boots":6,"minecraft:egg":6,"minecraft:stick":17,"minecraft:raw_iron":51,"minecraft:stone":291,"minecraft:oak_door":6,"minecraft:oak_fence":3,"minecraft:torch":240,"minecraft:acacia_log":5,"minecraft:porkchop":24,"minecraft:diorite":17,"minecraft:carrot":8,"minecraft:redstone":15,"minecraft:prismarine_crystals":10,"minecraft:cauldron":1,"minecraft:rotten_flesh":8,"minecraft:cod":6,"minecraft:white_wool":64,"minecraft:birch_log":141,"minecraft:cobblestone":3218,"minecraft:stripped_oak_log":59,"minecraft:nautilus_shell":1,"minecraft:feather":6,"minecraft:salmon":1,"minecraft:leather":7,"minecraft:filled_map":2,"minecraft:birch_planks":13,"minecraft:flint":37,"minecraft:tuff":3,"minecraft:oak_log":196,"minecraft:golden_boots":3,"minecraft:yellow_bed":1,"minecraft:gunpowder":6,"minecraft:cobblestone_stairs":8,"minecraft:lapis_lazuli":46,"minecraft:dirt":200,"minecraft:stone_bricks":133,"minecraft:kelp":4,"minecraft:stonecutter":1,"minecraft:raw_gold":34,"minecraft:cooked_chicken":6,"minecraft:spore_blossom":3,"minecraft:grindstone":1,"minecraft:iron_ingot":10,"minecraft:stone_pickaxe":1,"minecraft:stripped_oak_wood":1,"minecraft:mossy_stone_bricks":4,"minecraft:moss_block":16,"minecraft:oak_planks":54,"minecraft:book":24,"minecraft:dark_oak_slab":1,"minecraft:milk_bucket":2,"minecraft:cooked_porkchop":10,"minecraft:pumpkin":11,"minecraft:chiseled_stone_bricks":11,"minecraft:dandelion":2,"minecraft:gravel":341,"minecraft:sand":22,"minecraft:spruce_sapling":1,"minecraft:spider_eye":2,"minecraft:mossy_cobblestone":8,"minecraft:diamond":19,"minecraft:stone_axe":7,"minecraft:iron_helmet":5,"minecraft:granite":120,"minecraft:diamond_axe":4,"minecraft:bread":2,"minecraft:oak_sapling":2,"minecraft:baked_potato":4,"minecraft:brown_banner":13,"minecraft:coal":70},"minecraft:mined":{"minecraft:tuff":3,"minecraft:mossy_cobblestone":4,"minecraft:deepslate_diamond_ore":19,"minecraft:oak_door":2,"minecraft:cobblestone_stairs":4,"minecraft:sea_lantern":2,"minecraft:glow_lichen":1,"minecraft:granite":85,"minecraft:acacia_log":5,"minecraft:grass_block":58,"minecraft:moss_block":16,"minecraft:chiseled_stone_bricks":11,"minecraft:smooth_stone":1,"minecraft:spore_blossom":3,"minecraft:furnace":11,"minecraft:iron_ore":18,"minecraft:pumpkin":11,"minecraft:deepslate_lapis_ore":3,"minecraft:gold_block":1,"minecraft:bookshelf":8,"minecraft:dirt_path":1,"minecraft:water_cauldron":1,"minecraft:deepslate_iron_ore":31,"minecraft:oak_stairs":68,"minecraft:potted_spruce_sapling":1,"minecraft:stripped_oak_log":52,"minecraft:azalea":1,"minecraft:stone":2455,"minecraft:deepslate_redstone_ore":3,"minecraft:glass_pane":4,"minecraft:oak_fence":3,"minecraft:crafting_table":4,"minecraft:torch":17,"minecraft:short_grass":7,"minecraft:chest":12,"minecraft:campfire":4,"minecraft:lectern":1,"minecraft:copper_ore":33,"minecraft:tall_grass":1,"minecraft:cobblestone":63,"minecraft:deepslate_gold_ore":26,"minecraft:lapis_ore":4,"minecraft:grindstone":1,"minecraft:oak_planks":31,"minecraft:diorite":18,"minecraft:wall_torch":14,"minecraft:birch_planks":13,"minecraft:coarse_dirt":3,"minecraft:dark_oak_slab":1,"minecraft:birch_log":142,"minecraft:brown_wall_banner":13,"minecraft:birch_leaves":17,"minecraft:stripped_oak_wood":1,"minecraft:birch_door":1,"minecraft:yellow_bed":1,"minecraft:oak_log":196,"minecraft:coal_ore":60,"minecraft:gravel":201,"minecraft:sand":22,"minecraft:dirt":48,"minecraft:cracked_stone_bricks":1,"minecraft:stonecutter":1,"minecraft:stone_bricks":35,"minecraft:mossy_stone_bricks":4,"minecraft:gold_ore":8,"minecraft:oak_leaves":45,"minecraft:deepslate":22},"minecraft:killed_by":{"minecraft:player":1,"minecraft:creeper":1,"minecraft:enderman":2,"minecraft:drowned":6,"minecraft:guardian":2,"minecraft:zombie":1}},"DataVersion":3953}