{"stats":{"minecraft:used":{"minecraft:birch_planks":169,"minecraft:ladder":3,"minecraft:stone_shovel":133,"minecraft:stone_pickaxe":1741,"minecraft:baked_potato":7,"minecraft:oak_planks":19,"minecraft:chest":29,"minecraft:wooden_pickaxe":29,"minecraft:stone":2,"minecraft:torch":34,"minecraft:crafting_table":4,"minecraft:birch_sign":3,"minecraft:granite":7,"minecraft:birch_door":3,"minecraft:oak_log":1,"minecraft:glass":11,"minecraft:bread":3,"minecraft:stone_bricks":337,"minecraft:stone_axe":374,"minecraft:chiseled_stone_bricks":82,"minecraft:cobblestone":3,"minecraft:cooked_porkchop":3,"minecraft:furnace":20,"minecraft:cooked_cod":1,"minecraft:yellow_bed":1,"minecraft:oak_boat":2,"minecraft:cooked_beef":1,"minecraft:pumpkin":10},"minecraft:picked_up":{"minecraft:stripped_oak_log":59,"minecraft:birch_door":1,"minecraft:crafting_table":2,"minecraft:filled_map":1,"minecraft:birch_planks":1,"minecraft:wooden_pickaxe":1,"minecraft:oak_stairs":105,"minecraft:flint":24,"minecraft:oak_log":116,"minecraft:yellow_bed":1,"minecraft:gunpowder":3,"minecraft:cobblestone_stairs":8,"minecraft:string":63,"minecraft:cornflower":1,"minecraft:dirt":126,"minecraft:raw_copper":164,"minecraft:stone_bricks":73,"minecraft:kelp":2,"minecraft:beef":1,"minecraft:oak_boat":2,"minecraft:stripped_oak_wood":1,"minecraft:poppy":6,"minecraft:chest":12,"minecraft:birch_sapling":1,"minecraft:oak_planks":27,"minecraft:egg":2,"minecraft:furnace":10,"minecraft:stick":2,"minecraft:stone":230,"minecraft:oak_door":4,"minecraft:pumpkin":10,"minecraft:chiseled_stone_bricks":7,"minecraft:oak_fence":3,"minecraft:torch":56,"minecraft:dandelion":2,"minecraft:gravel":131,"minecraft:porkchop":13,"minecraft:sand":22,"minecraft:prismarine_crystals":2,"minecraft:mossy_cobblestone":8,"minecraft:rotten_flesh":2,"minecraft:stone_axe":1,"minecraft:granite":112,"minecraft:baked_potato":4,"minecraft:coal":35,"minecraft:white_wool":64,"minecraft:cobblestone":1877,"minecraft:birch_log":45},"minecraft:dropped":{"minecraft:kelp":1,"minecraft:rotten_flesh":1,"minecraft:filled_map":1,"minecraft:poppy":3,"minecraft:cornflower":1,"minecraft:egg":1},"minecraft:killed":{"minecraft:pig":7,"minecraft:creeper":1,"minecraft:zombie":2,"minecraft:cow":1},"minecraft:custom":{"minecraft:interact_with_furnace":144,"minecraft:mob_kills":12,"minecraft:interact_with_crafting_table":74,"minecraft:time_since_death":88554,"minecraft:sleep_in_bed":1,"minecraft:climb_one_cm":5951,"minecraft:time_since_rest":88594,"minecraft:sprint_one_cm":204534,"minecraft:damage_taken":1280,"minecraft:walk_one_cm":783510,"minecraft:drop":6,"minecraft:damage_dealt":1652,"minecraft:fly_one_cm":187386,"minecraft:open_chest":34,"minecraft:crouch_one_cm":4954,"minecraft:play_time":195914,"minecraft:deaths":2,"minecraft:sneak_time":2249,"minecraft:walk_under_water_one_cm":11929,"minecraft:boat_one_cm":394339,"minecraft:jump":1235,"minecraft:walk_on_water_one_cm":29029,"minecraft:total_world_time":195914,"minecraft:fall_one_cm":16529},"minecraft:mined":{"minecraft:glass_pane":4,"minecraft:mossy_cobblestone":4,"minecraft:oak_door":2,"minecraft:cobblestone_stairs":4,"minecraft:sea_lantern":1,"minecraft:oak_fence":3,"minecraft:crafting_table":2,"minecraft:torch":8,"minecraft:granite":74,"minecraft:short_grass":3,"minecraft:grass_block":50,"minecraft:chest":12,"minecraft:copper_ore":22,"minecraft:cobblestone":59,"minecraft:oak_planks":27,"minecraft:wall_torch":13,"minecraft:chiseled_stone_bricks":7,"minecraft:birch_planks":1,"minecraft:furnace":10,"minecraft:birch_log":45,"minecraft:birch_leaves":6,"minecraft:pumpkin":10,"minecraft:stripped_oak_wood":1,"minecraft:birch_door":1,"minecraft:yellow_bed":1,"minecraft:oak_log":116,"minecraft:coal_ore":29,"minecraft:oak_stairs":68,"minecraft:sand":22,"minecraft:gravel":83,"minecraft:dirt":15,"minecraft:stripped_oak_log":52,"minecraft:stone":1536,"minecraft:stone_bricks":19,"minecraft:oak_leaves":15},"minecraft:killed_by":{"minecraft:player":1,"minecraft:zombie":1},"minecraft:crafted":{"minecraft:cooked_beef":1,"minecraft:cooked_cod":1,"minecraft:oak_planks":664,"minecraft:stone_shovel":2,"minecraft:cooked_porkchop":6,"minecraft:crafting_table":2,"minecraft:wooden_pickaxe":1,"minecraft:baked_potato":3,"minecraft:furnace":10,"minecraft:stone":687,"minecraft:birch_planks":180,"minecraft:stone_axe":6,"minecraft:air":0,"minecraft:glass":22,"minecraft:stone_brick_slab":168,"minecraft:ladder":3,"minecraft:stick":80,"minecraft:stone_slab":48,"minecraft:stone_pickaxe":17,"minecraft:chest":20,"minecraft:birch_door":3,"minecraft:chiseled_stone_bricks":84,"minecraft:torch":68,"minecraft:stone_bricks":552,"minecraft:birch_sign":3},"minecraft:broken":{"minecraft:stone_pickaxe":13,"minecraft:stone_axe":1,"minecraft:stone_shovel":1}},"DataVersion":3953}