{"stats":{"minecraft:killed_by":{"minecraft:player":1,"minecraft:creeper":1,"minecraft:enderman":2,"minecraft:drowned":6,"minecraft:skeleton":1,"minecraft:guardian":2,"minecraft:zombie":3},"minecraft:dropped":{"minecraft:iron_ingot":1,"minecraft:leather":9,"minecraft:saddle":1,"minecraft:flint":5,"minecraft:stick":8,"minecraft:torch":2,"minecraft:cornflower":1,"minecraft:string":5,"minecraft:spruce_sapling":1,"minecraft:bone":2,"minecraft:moss_carpet":1,"minecraft:stone_axe":3,"minecraft:kelp":1,"minecraft:birch_sapling":2,"minecraft:rotten_flesh":5,"minecraft:filled_map":1,"minecraft:poppy":3,"minecraft:gunpowder":1,"minecraft:charcoal":6,"minecraft:oak_sapling":4,"minecraft:spider_eye":1,"minecraft:spruce_slab":1,"minecraft:arrow":4,"minecraft:egg":1},"minecraft:broken":{"minecraft:iron_shovel":1,"minecraft:stone_pickaxe":16,"minecraft:iron_axe":1,"minecraft:stone_axe":3,"minecraft:iron_pickaxe":10,"minecraft:wooden_axe":1,"minecraft:stone_shovel":1},"minecraft:used":{"minecraft:iron_shovel":372,"minecraft:stone_shovel":136,"minecraft:ladder":27,"minecraft:chest":33,"minecraft:stone":6,"minecraft:cooked_chicken":26,"minecraft:torch":244,"minecraft:dirt":37,"minecraft:carrot":1,"minecraft:tuff":3,"minecraft:granite":10,"minecraft:milk_bucket":3,"minecraft:iron_hoe":38,"minecraft:birch_door":6,"minecraft:glass":19,"minecraft:wooden_axe":38,"minecraft:iron_axe":381,"minecraft:stone_bricks":1552,"minecraft:furnace":28,"minecraft:cooked_cod":1,"minecraft:gold_block":1,"minecraft:egg":189,"minecraft:cooked_beef":9,"minecraft:pumpkin":10,"minecraft:cobbled_deepslate":22,"minecraft:golden_axe":13,"minecraft:cooked_mutton":2,"minecraft:diorite":30,"minecraft:birch_planks":616,"minecraft:stone_pickaxe":2180,"minecraft:baked_potato":7,"minecraft:oak_planks":39,"minecraft:cauldron":1,"minecraft:wooden_pickaxe":33,"minecraft:diamond_axe":283,"minecraft:stonecutter":1,"minecraft:white_wool":10,"minecraft:birch_sign":3,"minecraft:brown_banner":10,"minecraft:crafting_table":19,"minecraft:cod":3,"minecraft:oak_log":2,"minecraft:diamond_pickaxe":1241,"minecraft:apple":9,"minecraft:flower_pot":1,"minecraft:bread":20,"minecraft:iron_pickaxe":2642,"minecraft:spore_blossom":3,"minecraft:lectern":1,"minecraft:chiseled_stone_bricks":126,"minecraft:stone_axe":637,"minecraft:fishing_rod":5,"minecraft:cobblestone":188,"minecraft:grindstone":1,"minecraft:cooked_porkchop":32,"minecraft:yellow_bed":1,"minecraft:oak_boat":10,"minecraft:coarse_dirt":3,"minecraft:moss_block":8},"minecraft:custom":{"minecraft:interact_with_anvil":1,"minecraft:mob_kills":166,"minecraft:interact_with_crafting_table":155,"minecraft:leave_game":4,"minecraft:time_since_death":44149,"minecraft:climb_one_cm":60136,"minecraft:sprint_one_cm":1060079,"minecraft:walk_one_cm":3122539,"minecraft:drop":33,"minecraft:play_time":968860,"minecraft:sneak_time":14243,"minecraft:deaths":16,"minecraft:walk_under_water_one_cm":212034,"minecraft:boat_one_cm":2605735,"minecraft:jump":7728,"minecraft:walk_on_water_one_cm":306329,"minecraft:enchant_item":2,"minecraft:total_world_time":968860,"minecraft:interact_with_furnace":387,"minecraft:interact_with_stonecutter":10,"minecraft:interact_with_grindstone":1,"minecraft:sleep_in_bed":1,"minecraft:time_since_rest":44227,"minecraft:damage_taken":10229,"minecraft:damage_dealt":18802,"minecraft:swim_one_cm":18936,"minecraft:fly_one_cm":1089623,"minecraft:open_chest":293,"minecraft:crouch_one_cm":30394,"minecraft:fish_caught":2,"minecraft:fall_one_cm":105420},"minecraft:mined":{"minecraft:dark_oak_planks":2,"minecraft:tuff":3,"minecraft:mossy_cobblestone":4,"minecraft:deepslate_diamond_ore":19,"minecraft:oak_door":2,"minecraft:cobblestone_stairs":4,"minecraft:sea_lantern":2,"minecraft:glow_lichen":1,"minecraft:ladder":2,"minecraft:granite":170,"minecraft:acacia_log":5,"minecraft:grass_block":82,"minecraft:jungle_planks":1,"minecraft:moss_block":16,"minecraft:kelp":1,"minecraft:chiseled_stone_bricks":11,"minecraft:smooth_stone":1,"minecraft:spore_blossom":3,"minecraft:magma_block":23,"minecraft:furnace":15,"minecraft:iron_ore":144,"minecraft:andesite":2,"minecraft:pumpkin":11,"minecraft:deepslate_lapis_ore":3,"minecraft:gold_block":3,"minecraft:bookshelf":8,"minecraft:dirt_path":1,"minecraft:water_cauldron":1,"minecraft:deepslate_iron_ore":31,"minecraft:oak_stairs":68,"minecraft:potted_spruce_sapling":1,"minecraft:stripped_oak_log":52,"minecraft:azalea":1,"minecraft:stone":4930,"minecraft:spruce_slab":2,"minecraft:deepslate_redstone_ore":3,"minecraft:glass_pane":4,"minecraft:oak_fence":3,"minecraft:crafting_table":13,"minecraft:torch":25,"minecraft:short_grass":19,"minecraft:chest":12,"minecraft:copper_ore":44,"minecraft:campfire":4,"minecraft:lectern":1,"minecraft:tall_grass":8,"minecraft:cobblestone":119,"minecraft:deepslate_gold_ore":26,"minecraft:lapis_ore":4,"minecraft:grindstone":1,"minecraft:oak_planks":32,"minecraft:diorite":265,"minecraft:wall_torch":16,"minecraft:seagrass":1,"minecraft:birch_planks":18,"minecraft:coarse_dirt":3,"minecraft:dark_oak_slab":1,"minecraft:birch_log":278,"minecraft:brown_wall_banner":13,"minecraft:birch_leaves":25,"minecraft:stripped_oak_wood":1,"minecraft:birch_door":2,"minecraft:yellow_bed":1,"minecraft:coal_ore":151,"minecraft:oak_log":334,"minecraft:gravel":374,"minecraft:sand":22,"minecraft:dirt":93,"minecraft:cracked_stone_bricks":1,"minecraft:stonecutter":1,"minecraft:stone_bricks":50,"minecraft:gold_ore":8,"minecraft:mossy_stone_bricks":4,"minecraft:oak_leaves":77,"minecraft:deepslate":22},"minecraft:picked_up":{"minecraft:charcoal":8,"minecraft:crafting_table":15,"minecraft:fishing_rod":2,"minecraft:iron_chestplate":6,"minecraft:birch_door":2,"minecraft:coarse_dirt":3,"minecraft:wheat":12,"minecraft:chicken":44,"minecraft:ladder":2,"minecraft:flower_pot":1,"minecraft:wooden_pickaxe":1,"minecraft:oak_stairs":105,"minecraft:gold_block":3,"minecraft:shield":2,"minecraft:cornflower":1,"minecraft:string":72,"minecraft:moss_carpet":1,"minecraft:raw_copper":389,"minecraft:iron_axe":8,"minecraft:flint_and_steel":1,"minecraft:iron_leggings":5,"minecraft:iron_shovel":5,"minecraft:cracked_stone_bricks":1,"minecraft:cobbled_deepslate":22,"minecraft:smooth_stone":1,"minecraft:bucket":2,"minecraft:beef":72,"minecraft:oak_boat":10,"minecraft:azalea":1,"minecraft:poppy":6,"minecraft:iron_pickaxe":10,"minecraft:spruce_slab":2,"minecraft:lectern":1,"minecraft:chest":12,"minecraft:birch_sapling":6,"minecraft:furnace":16,"minecraft:iron_boots":6,"minecraft:egg":333,"minecraft:dark_oak_door":1,"minecraft:raw_iron":199,"minecraft:stick":24,"minecraft:stone":291,"minecraft:oak_door":6,"minecraft:oak_fence":3,"minecraft:torch":251,"minecraft:acacia_log":5,"minecraft:porkchop":104,"minecraft:diorite":174,"minecraft:carrot":9,"minecraft:redstone":15,"minecraft:prismarine_crystals":10,"minecraft:cauldron":1,"minecraft:dark_oak_planks":2,"minecraft:arrow":7,"minecraft:rotten_flesh":16,"minecraft:tuff_bricks":23,"minecraft:mutton":2,"minecraft:white_wool":64,"minecraft:cod":6,"minecraft:birch_log":278,"minecraft:cobblestone":5573,"minecraft:stripped_oak_log":59,"minecraft:nautilus_shell":1,"minecraft:magma_block":22,"minecraft:feather":52,"minecraft:andesite":2,"minecraft:salmon":1,"minecraft:leather":33,"minecraft:birch_planks":69,"minecraft:filled_map":2,"minecraft:flint":54,"minecraft:tuff":3,"minecraft:oak_log":334,"minecraft:golden_boots":3,"minecraft:yellow_bed":1,"minecraft:gunpowder":9,"minecraft:cobblestone_stairs":8,"minecraft:lapis_lazuli":46,"minecraft:dirt":270,"minecraft:bone":4,"minecraft:apple":3,"minecraft:stone_bricks":148,"minecraft:kelp":5,"minecraft:stonecutter":1,"minecraft:wheat_seeds":3,"minecraft:raw_gold":34,"minecraft:spore_blossom":3,"minecraft:grindstone":1,"minecraft:iron_ingot":19,"minecraft:stone_pickaxe":1,"minecraft:cooked_chicken":6,"minecraft:stripped_oak_wood":1,"minecraft:mossy_stone_bricks":4,"minecraft:moss_block":16,"minecraft:oak_planks":102,"minecraft:book":24,"minecraft:milk_bucket":2,"minecraft:dark_oak_slab":1,"minecraft:cooked_porkchop":10,"minecraft:pumpkin":11,"minecraft:chiseled_stone_bricks":11,"minecraft:dandelion":2,"minecraft:gravel":494,"minecraft:sand":23,"minecraft:jungle_planks":1,"minecraft:spruce_sapling":1,"minecraft:grass_block":1,"minecraft:spider_eye":3,"minecraft:mossy_cobblestone":8,"minecraft:diamond":19,"minecraft:stone_axe":7,"minecraft:iron_helmet":5,"minecraft:granite":211,"minecraft:diamond_axe":4,"minecraft:bread":2,"minecraft:baked_potato":4,"minecraft:oak_sapling":5,"minecraft:brown_banner":13,"minecraft:coal":159,"minecraft:chiseled_tuff_bricks":4},"minecraft:crafted":{"minecraft:oak_planks":1532,"minecraft:stone_shovel":2,"minecraft:cooked_chicken":43,"minecraft:furnace":14,"minecraft:stone":1743,"minecraft:cooked_mutton":2,"minecraft:glass":22,"minecraft:stone_brick_slab":294,"minecraft:iron_boots":2,"minecraft:iron_axe":2,"minecraft:ladder":27,"minecraft:iron_hoe":1,"minecraft:stone_pickaxe":21,"minecraft:chest":24,"minecraft:birch_door":6,"minecraft:chiseled_stone_bricks":147,"minecraft:stone_bricks":1652,"minecraft:birch_sign":3,"minecraft:cooked_beef":9,"minecraft:cooked_cod":1,"minecraft:cooked_porkchop":51,"minecraft:diamond_axe":1,"minecraft:crafting_table":7,"minecraft:iron_helmet":3,"minecraft:wooden_pickaxe":2,"minecraft:baked_potato":3,"minecraft:birch_planks":1112,"minecraft:stone_axe":8,"minecraft:air":0,"minecraft:oak_boat":1,"minecraft:iron_chestplate":2,"minecraft:diamond_pickaxe":1,"minecraft:shield":1,"minecraft:stick":332,"minecraft:stone_slab":48,"minecraft:iron_ingot":50,"minecraft:iron_pickaxe":15,"minecraft:wooden_axe":1,"minecraft:iron_shovel":2,"minecraft:iron_leggings":2,"minecraft:acacia_planks":20,"minecraft:torch":444},"minecraft:killed":{"minecraft:spider":5,"minecraft:skeleton":4,"minecraft:chicken":47,"minecraft:drowned":1,"minecraft:pig":48,"minecraft:zombie_villager":1,"minecraft:creeper":1,"minecraft:zombie":21,"minecraft:cow":37}},"DataVersion":3953}