{"stats":{"minecraft:dropped":{"minecraft:diamond":45,"minecraft:leather":9,"minecraft:saddle":1,"minecraft:flint":5,"minecraft:cornflower":1,"minecraft:bone":2,"minecraft:stone_axe":3,"minecraft:birch_sapling":2,"minecraft:rotten_flesh":11,"minecraft:poppy":3,"minecraft:gunpowder":1,"minecraft:charcoal":6,"minecraft:spruce_slab":1,"minecraft:arrow":4,"minecraft:egg":1,"minecraft:iron_ingot":1,"minecraft:stick":8,"minecraft:torch":2,"minecraft:string":5,"minecraft:spruce_sapling":1,"minecraft:moss_carpet":1,"minecraft:kelp":1,"minecraft:filled_map":1,"minecraft:oak_sapling":4,"minecraft:spider_eye":1},"minecraft:broken":{"minecraft:iron_shovel":1,"minecraft:stone_pickaxe":16,"minecraft:stone_axe":3,"minecraft:wooden_axe":1,"minecraft:stone_shovel":1,"minecraft:iron_axe":1,"minecraft:iron_pickaxe":10},"minecraft:crafted":{"minecraft:oak_planks":1532,"minecraft:cooked_chicken":43,"minecraft:stone":1743,"minecraft:cooked_mutton":2,"minecraft:glass":22,"minecraft:stone_brick_slab":294,"minecraft:iron_boots":2,"minecraft:chest":24,"minecraft:birch_door":6,"minecraft:chiseled_stone_bricks":147,"minecraft:stone_bricks":1652,"minecraft:cooked_porkchop":51,"minecraft:diamond_axe":1,"minecraft:crafting_table":7,"minecraft:wooden_pickaxe":2,"minecraft:baked_potato":3,"minecraft:iron_helmet":3,"minecraft:birch_planks":1112,"minecraft:iron_chestplate":2,"minecraft:diamond_pickaxe":1,"minecraft:shield":1,"minecraft:stick":332,"minecraft:stone_slab":48,"minecraft:iron_ingot":50,"minecraft:iron_pickaxe":15,"minecraft:stone_shovel":2,"minecraft:furnace":14,"minecraft:iron_axe":2,"minecraft:ladder":27,"minecraft:iron_hoe":1,"minecraft:stone_pickaxe":21,"minecraft:birch_sign":3,"minecraft:cooked_beef":9,"minecraft:cooked_cod":1,"minecraft:stone_axe":8,"minecraft:air":0,"minecraft:oak_boat":1,"minecraft:wooden_axe":1,"minecraft:iron_shovel":2,"minecraft:iron_leggings":2,"minecraft:acacia_planks":20,"minecraft:torch":444},"minecraft:picked_up":{"minecraft:iron_chestplate":7,"minecraft:birch_door":2,"minecraft:wheat":12,"minecraft:flower_pot":1,"minecraft:lead":7,"minecraft:oak_stairs":105,"minecraft:string":74,"minecraft:raw_copper":389,"minecraft:iron_leggings":6,"minecraft:cobbled_deepslate":123,"minecraft:smooth_stone":1,"minecraft:bucket":2,"minecraft:azalea":1,"minecraft:iron_pickaxe":11,"minecraft:furnace":16,"minecraft:iron_boots":7,"minecraft:dark_oak_door":1,"minecraft:stick":57,"minecraft:oak_fence":7,"minecraft:torch":351,"minecraft:acacia_log":5,"minecraft:porkchop":105,"minecraft:diorite":174,"minecraft:cauldron":1,"minecraft:rotten_flesh":22,"minecraft:cod":6,"minecraft:cobblestone":5861,"minecraft:nautilus_shell":1,"minecraft:birch_log":278,"minecraft:magma_block":22,"minecraft:feather":52,"minecraft:cooked_beef":12,"minecraft:andesite":34,"minecraft:flint":55,"minecraft:tuff":22,"minecraft:dirt":270,"minecraft:lapis_lazuli":46,"minecraft:bone":8,"minecraft:stonecutter":1,"minecraft:wheat_seeds":3,"minecraft:raw_gold":36,"minecraft:grindstone":1,"minecraft:mossy_stone_bricks":4,"minecraft:moss_block":16,"minecraft:oak_planks":102,"minecraft:cooked_porkchop":19,"minecraft:jungle_planks":1,"minecraft:sand":23,"minecraft:grass_block":1,"minecraft:mossy_cobblestone":8,"minecraft:iron_hoe":1,"minecraft:diamond":140,"minecraft:granite":243,"minecraft:bread":2,"minecraft:oak_sapling":5,"minecraft:fishing_rod":2,"minecraft:charcoal":8,"minecraft:coarse_dirt":3,"minecraft:crafting_table":17,"minecraft:chicken":44,"minecraft:ladder":2,"minecraft:wooden_pickaxe":1,"minecraft:gold_block":4,"minecraft:shield":2,"minecraft:cornflower":1,"minecraft:moss_carpet":1,"minecraft:iron_axe":9,"minecraft:flint_and_steel":1,"minecraft:iron_shovel":5,"minecraft:cracked_stone_bricks":1,"minecraft:beef":72,"minecraft:oak_boat":10,"minecraft:poppy":6,"minecraft:spruce_slab":2,"minecraft:lectern":1,"minecraft:chest":12,"minecraft:birch_sapling":6,"minecraft:egg":334,"minecraft:raw_iron":211,"minecraft:stone":296,"minecraft:oak_door":6,"minecraft:carrot":9,"minecraft:redstone":15,"minecraft:prismarine_crystals":10,"minecraft:dark_oak_planks":2,"minecraft:arrow":9,"minecraft:mutton":2,"minecraft:tuff_bricks":23,"minecraft:white_wool":65,"minecraft:rail":2,"minecraft:stripped_oak_log":59,"minecraft:salmon":1,"minecraft:leather":33,"minecraft:birch_planks":71,"minecraft:filled_map":2,"minecraft:oak_log":334,"minecraft:golden_boots":3,"minecraft:yellow_bed":1,"minecraft:gunpowder":11,"minecraft:cobblestone_stairs":8,"minecraft:apple":3,"minecraft:stone_bricks":153,"minecraft:kelp":5,"minecraft:iron_ingot":50,"minecraft:spore_blossom":3,"minecraft:stone_pickaxe":1,"minecraft:cooked_chicken":12,"minecraft:stripped_oak_wood":1,"minecraft:iron_sword":1,"minecraft:book":24,"minecraft:dark_oak_slab":1,"minecraft:milk_bucket":2,"minecraft:pumpkin":11,"minecraft:chiseled_stone_bricks":11,"minecraft:dandelion":2,"minecraft:dripstone_block":1,"minecraft:gravel":494,"minecraft:spruce_sapling":1,"minecraft:spider_eye":4,"minecraft:stone_axe":7,"minecraft:iron_helmet":6,"minecraft:diamond_axe":4,"minecraft:baked_potato":4,"minecraft:brown_banner":13,"minecraft:coal":159,"minecraft:chiseled_tuff_bricks":4},"minecraft:used":{"minecraft:moss_block":8,"minecraft:iron_shovel":372,"minecraft:ladder":27,"minecraft:chest":33,"minecraft:stone":27,"minecraft:carrot":1,"minecraft:tuff":3,"minecraft:milk_bucket":3,"minecraft:glass":19,"minecraft:stone_bricks":1553,"minecraft:furnace":28,"minecraft:cooked_cod":1,"minecraft:gold_block":4,"minecraft:egg":189,"minecraft:diorite":30,"minecraft:stone_pickaxe":2180,"minecraft:oak_planks":39,"minecraft:wooden_pickaxe":33,"minecraft:diamond_axe":283,"minecraft:white_wool":11,"minecraft:bread":20,"minecraft:spore_blossom":3,"minecraft:lectern":1,"minecraft:grindstone":1,"minecraft:oak_boat":10,"minecraft:coarse_dirt":3,"minecraft:oak_fence":4,"minecraft:stone_shovel":136,"minecraft:cooked_chicken":32,"minecraft:torch":379,"minecraft:dirt":37,"minecraft:granite":10,"minecraft:birch_door":6,"minecraft:iron_hoe":38,"minecraft:wooden_axe":38,"minecraft:iron_axe":424,"minecraft:cooked_beef":9,"minecraft:cobbled_deepslate":30,"minecraft:pumpkin":10,"minecraft:golden_axe":13,"minecraft:cooked_mutton":2,"minecraft:birch_planks":617,"minecraft:baked_potato":7,"minecraft:cauldron":1,"minecraft:stonecutter":1,"minecraft:crafting_table":20,"minecraft:brown_banner":10,"minecraft:birch_sign":3,"minecraft:cod":3,"minecraft:oak_log":2,"minecraft:flower_pot":1,"minecraft:diamond_pickaxe":1241,"minecraft:apple":9,"minecraft:iron_pickaxe":2700,"minecraft:stone_axe":637,"minecraft:chiseled_stone_bricks":126,"minecraft:fishing_rod":5,"minecraft:cobblestone":215,"minecraft:cooked_porkchop":48,"minecraft:yellow_bed":1},"minecraft:custom":{"minecraft:interact_with_crafting_table":158,"minecraft:leave_game":5,"minecraft:time_since_death":84923,"minecraft:sprint_one_cm":1213547,"minecraft:drop":35,"minecraft:play_time":1092637,"minecraft:deaths":17,"minecraft:jump":16052,"minecraft:walk_on_water_one_cm":306816,"minecraft:enchant_item":2,"minecraft:interact_with_furnace":388,"minecraft:sleep_in_bed":1,"minecraft:damage_dealt":21238,"minecraft:crouch_one_cm":34931,"minecraft:mob_kills":180,"minecraft:interact_with_anvil":1,"minecraft:climb_one_cm":82423,"minecraft:walk_one_cm":3559473,"minecraft:sneak_time":16022,"minecraft:walk_under_water_one_cm":217103,"minecraft:boat_one_cm":2702486,"minecraft:total_world_time":1092637,"minecraft:interact_with_grindstone":1,"minecraft:interact_with_stonecutter":10,"minecraft:time_since_rest":85024,"minecraft:damage_taken":11783,"minecraft:swim_one_cm":18936,"minecraft:fly_one_cm":1218420,"minecraft:open_chest":346,"minecraft:fish_caught":2,"minecraft:fall_one_cm":125607},"minecraft:killed":{"minecraft:spider":5,"minecraft:skeleton":6,"minecraft:chicken":47,"minecraft:pig":49,"minecraft:zombie_villager":1,"minecraft:creeper":3,"minecraft:zombie":29,"minecraft:cow":37,"minecraft:drowned":1},"minecraft:killed_by":{"minecraft:creeper":1,"minecraft:drowned":6,"minecraft:cave_spider":1,"minecraft:zombie":3,"minecraft:player":1,"minecraft:enderman":2,"minecraft:skeleton":1,"minecraft:guardian":2},"minecraft:mined":{"minecraft:dark_oak_planks":2,"minecraft:cobblestone_stairs":4,"minecraft:granite":170,"minecraft:acacia_log":5,"minecraft:grass_block":82,"minecraft:chiseled_stone_bricks":11,"minecraft:spawner":1,"minecraft:smooth_stone":1,"minecraft:magma_block":23,"minecraft:iron_ore":144,"minecraft:pumpkin":11,"minecraft:deepslate_lapis_ore":3,"minecraft:dirt_path":1,"minecraft:water_cauldron":1,"minecraft:oak_stairs":68,"minecraft:azalea":1,"minecraft:spruce_slab":2,"minecraft:deepslate_redstone_ore":3,"minecraft:torch":30,"minecraft:chest":12,"minecraft:cobblestone":119,"minecraft:grindstone":1,"minecraft:oak_planks":32,"minecraft:wall_torch":24,"minecraft:seagrass":1,"minecraft:dark_oak_slab":1,"minecraft:birch_log":278,"minecraft:brown_wall_banner":13,"minecraft:stripped_oak_wood":1,"minecraft:birch_door":2,"minecraft:oak_log":334,"minecraft:sand":22,"minecraft:dirt":93,"minecraft:stonecutter":1,"minecraft:oak_leaves":77,"minecraft:deepslate":37,"minecraft:tuff":3,"minecraft:mossy_cobblestone":4,"minecraft:deepslate_diamond_ore":27,"minecraft:oak_door":2,"minecraft:sea_lantern":2,"minecraft:glow_lichen":1,"minecraft:ladder":2,"minecraft:jungle_planks":1,"minecraft:kelp":1,"minecraft:moss_block":16,"minecraft:spore_blossom":3,"minecraft:furnace":15,"minecraft:andesite":2,"minecraft:gold_block":4,"minecraft:bookshelf":8,"minecraft:deepslate_iron_ore":41,"minecraft:potted_spruce_sapling":1,"minecraft:stripped_oak_log":52,"minecraft:stone":4939,"minecraft:white_wool":1,"minecraft:glass_pane":4,"minecraft:oak_fence":7,"minecraft:crafting_table":14,"minecraft:short_grass":19,"minecraft:campfire":4,"minecraft:lectern":1,"minecraft:tall_grass":8,"minecraft:copper_ore":44,"minecraft:deepslate_gold_ore":27,"minecraft:lapis_ore":4,"minecraft:diorite":265,"minecraft:birch_planks":19,"minecraft:coarse_dirt":3,"minecraft:birch_leaves":25,"minecraft:yellow_bed":1,"minecraft:coal_ore":151,"minecraft:gravel":374,"minecraft:cracked_stone_bricks":1,"minecraft:stone_bricks":55,"minecraft:gold_ore":9,"minecraft:mossy_stone_bricks":4}},"DataVersion":3953}