{"stats":{"minecraft:used":{"minecraft:stone_axe":2,"minecraft:crafting_table":1,"minecraft:bread":3,"minecraft:chest":1,"minecraft:wooden_pickaxe":3},"minecraft:picked_up":{"minecraft:kelp":1,"minecraft:oak_log":8,"minecraft:cobblestone":3},"minecraft:custom":{"minecraft:time_since_rest":10544,"minecraft:open_chest":1,"minecraft:walk_one_cm":43954,"minecraft:play_time":15914,"minecraft:sprint_one_cm":24036,"minecraft:damage_taken":405,"minecraft:deaths":1,"minecraft:sneak_time":4,"minecraft:boat_one_cm":142829,"minecraft:jump":250,"minecraft:damage_dealt":10,"minecraft:time_since_death":10511,"minecraft:walk_on_water_one_cm":897,"minecraft:total_world_time":15914,"minecraft:interact_with_crafting_table":3,"minecraft:fall_one_cm":6766,"minecraft:fly_one_cm":35637},"minecraft:mined":{"minecraft:oak_log":8,"minecraft:cobblestone":3,"minecraft:oak_leaves":5},"minecraft:killed_by":{"minecraft:player":1},"minecraft:crafted":{"minecraft:chest":1,"minecraft:oak_planks":24,"minecraft:stone_axe":1,"minecraft:crafting_table":1,"minecraft:stick":4,"minecraft:wooden_pickaxe":1}},"DataVersion":3953}