{"stats":{"minecraft:killed_by":{"minecraft:player":1,"minecraft:creeper":1,"minecraft:enderman":1,"minecraft:zombie":1},"minecraft:dropped":{"minecraft:iron_ingot":1,"minecraft:saddle":1,"minecraft:stick":5,"minecraft:torch":2,"minecraft:cornflower":1,"minecraft:spruce_sapling":1,"minecraft:moss_carpet":1,"minecraft:stone_axe":3,"minecraft:kelp":1,"minecraft:rotten_flesh":1,"minecraft:filled_map":1,"minecraft:poppy":3,"minecraft:charcoal":6,"minecraft:egg":1},"minecraft:crafted":{"minecraft:oak_planks":664,"minecraft:stone_shovel":2,"minecraft:furnace":11,"minecraft:stone":706,"minecraft:glass":22,"minecraft:stone_brick_slab":294,"minecraft:iron_boots":1,"minecraft:iron_axe":1,"minecraft:ladder":3,"minecraft:stone_pickaxe":19,"minecraft:chest":22,"minecraft:birch_door":3,"minecraft:chiseled_stone_bricks":147,"minecraft:stone_bricks":552,"minecraft:birch_sign":3,"minecraft:cooked_beef":6,"minecraft:cooked_cod":1,"minecraft:cooked_porkchop":18,"minecraft:diamond_axe":1,"minecraft:crafting_table":4,"minecraft:iron_helmet":1,"minecraft:wooden_pickaxe":1,"minecraft:baked_potato":3,"minecraft:birch_planks":440,"minecraft:stone_axe":7,"minecraft:air":0,"minecraft:iron_chestplate":1,"minecraft:shield":1,"minecraft:stick":132,"minecraft:stone_slab":48,"minecraft:iron_ingot":47,"minecraft:iron_pickaxe":2,"minecraft:iron_leggings":1,"minecraft:acacia_planks":20,"minecraft:torch":164},"minecraft:used":{"minecraft:moss_block":8,"minecraft:stone_shovel":136,"minecraft:ladder":3,"minecraft:chest":31,"minecraft:stone":2,"minecraft:torch":145,"minecraft:dirt":1,"minecraft:tuff":3,"minecraft:granite":7,"minecraft:birch_door":3,"minecraft:glass":11,"minecraft:iron_axe":1,"minecraft:stone_bricks":414,"minecraft:furnace":21,"minecraft:cooked_cod":1,"minecraft:cooked_beef":6,"minecraft:cobbled_deepslate":22,"minecraft:pumpkin":10,"minecraft:diorite":1,"minecraft:birch_planks":220,"minecraft:stone_pickaxe":2107,"minecraft:baked_potato":7,"minecraft:oak_planks":21,"minecraft:wooden_pickaxe":29,"minecraft:diamond_axe":1,"minecraft:cauldron":1,"minecraft:stonecutter":1,"minecraft:white_wool":10,"minecraft:crafting_table":7,"minecraft:brown_banner":10,"minecraft:birch_sign":3,"minecraft:oak_log":1,"minecraft:flower_pot":1,"minecraft:bread":3,"minecraft:iron_pickaxe":151,"minecraft:spore_blossom":3,"minecraft:lectern":1,"minecraft:stone_axe":526,"minecraft:chiseled_stone_bricks":126,"minecraft:cobblestone":14,"minecraft:cooked_porkchop":17,"minecraft:grindstone":1,"minecraft:yellow_bed":1,"minecraft:oak_boat":5,"minecraft:coarse_dirt":3},"minecraft:custom":{"minecraft:mob_kills":34,"minecraft:interact_with_crafting_table":102,"minecraft:leave_game":1,"minecraft:time_since_death":19627,"minecraft:climb_one_cm":11927,"minecraft:sprint_one_cm":339144,"minecraft:walk_one_cm":1373985,"minecraft:drop":17,"minecraft:play_time":417527,"minecraft:deaths":4,"minecraft:sneak_time":7371,"minecraft:walk_under_water_one_cm":48469,"minecraft:boat_one_cm":1832600,"minecraft:jump":2899,"minecraft:walk_on_water_one_cm":94135,"minecraft:total_world_time":417527,"minecraft:interact_with_furnace":182,"minecraft:interact_with_stonecutter":10,"minecraft:interact_with_grindstone":1,"minecraft:sleep_in_bed":1,"minecraft:time_since_rest":19668,"minecraft:damage_taken":3431,"minecraft:damage_dealt":5103,"minecraft:swim_one_cm":167,"minecraft:fly_one_cm":323426,"minecraft:open_chest":125,"minecraft:crouch_one_cm":15822,"minecraft:fall_one_cm":36340},"minecraft:picked_up":{"minecraft:iron_chestplate":1,"minecraft:coarse_dirt":3,"minecraft:charcoal":6,"minecraft:birch_door":1,"minecraft:crafting_table":3,"minecraft:flower_pot":1,"minecraft:wooden_pickaxe":1,"minecraft:oak_stairs":105,"minecraft:shield":1,"minecraft:cornflower":1,"minecraft:string":63,"minecraft:moss_carpet":1,"minecraft:raw_copper":225,"minecraft:iron_axe":1,"minecraft:iron_leggings":1,"minecraft:cobbled_deepslate":22,"minecraft:smooth_stone":1,"minecraft:beef":19,"minecraft:oak_boat":5,"minecraft:azalea":1,"minecraft:iron_pickaxe":1,"minecraft:poppy":6,"minecraft:lectern":1,"minecraft:chest":12,"minecraft:birch_sapling":2,"minecraft:iron_boots":1,"minecraft:egg":2,"minecraft:furnace":10,"minecraft:stick":3,"minecraft:raw_iron":47,"minecraft:stone":230,"minecraft:oak_door":4,"minecraft:oak_fence":3,"minecraft:torch":141,"minecraft:acacia_log":5,"minecraft:porkchop":18,"minecraft:diorite":1,"minecraft:redstone":15,"minecraft:prismarine_crystals":2,"minecraft:cauldron":1,"minecraft:rotten_flesh":6,"minecraft:cod":1,"minecraft:white_wool":64,"minecraft:cobblestone":2408,"minecraft:birch_log":110,"minecraft:stripped_oak_log":59,"minecraft:leather":7,"minecraft:filled_map":1,"minecraft:birch_planks":12,"minecraft:flint":24,"minecraft:tuff":3,"minecraft:oak_log":116,"minecraft:yellow_bed":1,"minecraft:gunpowder":3,"minecraft:cobblestone_stairs":8,"minecraft:lapis_lazuli":46,"minecraft:dirt":129,"minecraft:stone_pickaxe":1,"minecraft:stone_bricks":123,"minecraft:kelp":2,"minecraft:stonecutter":1,"minecraft:spore_blossom":3,"minecraft:raw_gold":34,"minecraft:grindstone":1,"minecraft:iron_ingot":1,"minecraft:stripped_oak_wood":1,"minecraft:moss_block":16,"minecraft:oak_planks":29,"minecraft:book":24,"minecraft:cooked_porkchop":7,"minecraft:pumpkin":10,"minecraft:chiseled_stone_bricks":11,"minecraft:dandelion":2,"minecraft:gravel":131,"minecraft:sand":22,"minecraft:spruce_sapling":1,"minecraft:spider_eye":2,"minecraft:mossy_cobblestone":8,"minecraft:diamond":19,"minecraft:stone_axe":4,"minecraft:iron_helmet":1,"minecraft:diamond_axe":1,"minecraft:granite":112,"minecraft:baked_potato":4,"minecraft:brown_banner":13,"minecraft:coal":66},"minecraft:broken":{"minecraft:stone_pickaxe":16,"minecraft:stone_axe":2,"minecraft:stone_shovel":1},"minecraft:killed":{"minecraft:spider":2,"minecraft:pig":11,"minecraft:zombie_villager":1,"minecraft:creeper":1,"minecraft:zombie":9,"minecraft:cow":9},"minecraft:mined":{"minecraft:tuff":3,"minecraft:mossy_cobblestone":4,"minecraft:deepslate_diamond_ore":19,"minecraft:oak_door":2,"minecraft:cobblestone_stairs":4,"minecraft:sea_lantern":1,"minecraft:glow_lichen":1,"minecraft:granite":74,"minecraft:acacia_log":5,"minecraft:grass_block":52,"minecraft:moss_block":16,"minecraft:chiseled_stone_bricks":11,"minecraft:smooth_stone":1,"minecraft:spore_blossom":3,"minecraft:furnace":10,"minecraft:iron_ore":16,"minecraft:pumpkin":10,"minecraft:deepslate_lapis_ore":3,"minecraft:bookshelf":8,"minecraft:deepslate_iron_ore":31,"minecraft:water_cauldron":1,"minecraft:dirt_path":1,"minecraft:oak_stairs":68,"minecraft:potted_spruce_sapling":1,"minecraft:stripped_oak_log":52,"minecraft:azalea":1,"minecraft:stone":1840,"minecraft:deepslate_redstone_ore":3,"minecraft:glass_pane":4,"minecraft:oak_fence":3,"minecraft:crafting_table":3,"minecraft:torch":16,"minecraft:short_grass":7,"minecraft:chest":12,"minecraft:lectern":1,"minecraft:campfire":3,"minecraft:tall_grass":1,"minecraft:copper_ore":33,"minecraft:cobblestone":59,"minecraft:deepslate_gold_ore":26,"minecraft:lapis_ore":4,"minecraft:grindstone":1,"minecraft:oak_planks":29,"minecraft:diorite":1,"minecraft:wall_torch":14,"minecraft:birch_planks":12,"minecraft:coarse_dirt":3,"minecraft:birch_log":110,"minecraft:brown_wall_banner":13,"minecraft:birch_leaves":6,"minecraft:birch_door":1,"minecraft:stripped_oak_wood":1,"minecraft:yellow_bed":1,"minecraft:oak_log":116,"minecraft:coal_ore":60,"minecraft:gravel":83,"minecraft:sand":22,"minecraft:dirt":18,"minecraft:stonecutter":1,"minecraft:stone_bricks":30,"minecraft:gold_ore":8,"minecraft:oak_leaves":15,"minecraft:deepslate":22}},"DataVersion":3953}