{"stats":{"minecraft:dropped":{"minecraft:iron_ingot":1,"minecraft:saddle":1,"minecraft:flint":5,"minecraft:stick":5,"minecraft:torch":2,"minecraft:cornflower":1,"minecraft:string":5,"minecraft:spruce_sapling":1,"minecraft:stone_axe":3,"minecraft:moss_carpet":1,"minecraft:kelp":1,"minecraft:birch_sapling":2,"minecraft:rotten_flesh":3,"minecraft:filled_map":1,"minecraft:poppy":3,"minecraft:gunpowder":1,"minecraft:charcoal":6,"minecraft:oak_sapling":4,"minecraft:spider_eye":1,"minecraft:egg":1},"minecraft:custom":{"minecraft:mob_kills":45,"minecraft:interact_with_crafting_table":127,"minecraft:leave_game":2,"minecraft:time_since_death":127364,"minecraft:climb_one_cm":31939,"minecraft:sprint_one_cm":553288,"minecraft:walk_one_cm":2128283,"minecraft:drop":26,"minecraft:play_time":660784,"minecraft:sneak_time":10479,"minecraft:deaths":13,"minecraft:walk_under_water_one_cm":135803,"minecraft:boat_one_cm":2343038,"minecraft:jump":4038,"minecraft:walk_on_water_one_cm":238852,"minecraft:total_world_time":660784,"minecraft:interact_with_furnace":300,"minecraft:interact_with_stonecutter":10,"minecraft:interact_with_grindstone":1,"minecraft:sleep_in_bed":1,"minecraft:time_since_rest":127393,"minecraft:damage_taken":7255,"minecraft:damage_dealt":6871,"minecraft:swim_one_cm":9846,"minecraft:fly_one_cm":455915,"minecraft:open_chest":191,"minecraft:crouch_one_cm":19327,"minecraft:fish_caught":2,"minecraft:fall_one_cm":48454},"minecraft:crafted":{"minecraft:oak_planks":1484,"minecraft:stone_shovel":2,"minecraft:furnace":12,"minecraft:stone":1648,"minecraft:glass":22,"minecraft:stone_brick_slab":294,"minecraft:iron_boots":1,"minecraft:iron_axe":1,"minecraft:ladder":27,"minecraft:stone_pickaxe":19,"minecraft:chest":22,"minecraft:birch_door":6,"minecraft:chiseled_stone_bricks":147,"minecraft:stone_bricks":1652,"minecraft:birch_sign":3,"minecraft:cooked_beef":6,"minecraft:cooked_cod":1,"minecraft:cooked_porkchop":24,"minecraft:diamond_axe":1,"minecraft:crafting_table":5,"minecraft:iron_helmet":1,"minecraft:wooden_pickaxe":1,"minecraft:baked_potato":3,"minecraft:birch_planks":852,"minecraft:stone_axe":7,"minecraft:air":0,"minecraft:iron_chestplate":1,"minecraft:shield":1,"minecraft:stick":204,"minecraft:stone_slab":48,"minecraft:iron_ingot":47,"minecraft:iron_pickaxe":8,"minecraft:iron_shovel":1,"minecraft:iron_leggings":1,"minecraft:acacia_planks":20,"minecraft:torch":172},"minecraft:used":{"minecraft:moss_block":8,"minecraft:iron_shovel":234,"minecraft:stone_shovel":136,"minecraft:ladder":21,"minecraft:chest":31,"minecraft:stone":2,"minecraft:torch":170,"minecraft:dirt":10,"minecraft:tuff":3,"minecraft:granite":7,"minecraft:milk_bucket":3,"minecraft:birch_door":6,"minecraft:glass":19,"minecraft:iron_axe":243,"minecraft:stone_bricks":1314,"minecraft:furnace":22,"minecraft:cooked_cod":1,"minecraft:gold_block":1,"minecraft:cooked_beef":6,"minecraft:cobbled_deepslate":22,"minecraft:pumpkin":10,"minecraft:diorite":1,"minecraft:birch_planks":606,"minecraft:stone_pickaxe":2107,"minecraft:baked_potato":7,"minecraft:oak_planks":39,"minecraft:wooden_pickaxe":29,"minecraft:cauldron":1,"minecraft:stonecutter":1,"minecraft:diamond_axe":190,"minecraft:white_wool":10,"minecraft:birch_sign":3,"minecraft:brown_banner":10,"minecraft:crafting_table":9,"minecraft:cod":3,"minecraft:oak_log":1,"minecraft:flower_pot":1,"minecraft:apple":3,"minecraft:bread":20,"minecraft:iron_pickaxe":1957,"minecraft:spore_blossom":3,"minecraft:lectern":1,"minecraft:stone_axe":526,"minecraft:chiseled_stone_bricks":126,"minecraft:fishing_rod":5,"minecraft:cobblestone":74,"minecraft:grindstone":1,"minecraft:cooked_porkchop":24,"minecraft:yellow_bed":1,"minecraft:oak_boat":9,"minecraft:coarse_dirt":3},"minecraft:broken":{"minecraft:stone_pickaxe":16,"minecraft:stone_axe":2,"minecraft:iron_pickaxe":7,"minecraft:stone_shovel":1},"minecraft:killed":{"minecraft:spider":4,"minecraft:skeleton":2,"minecraft:drowned":1,"minecraft:pig":15,"minecraft:zombie_villager":1,"minecraft:creeper":1,"minecraft:zombie":11,"minecraft:cow":9},"minecraft:picked_up":{"minecraft:crafting_table":6,"minecraft:charcoal":8,"minecraft:fishing_rod":2,"minecraft:birch_door":2,"minecraft:iron_chestplate":6,"minecraft:coarse_dirt":3,"minecraft:wheat":12,"minecraft:flower_pot":1,"minecraft:wooden_pickaxe":1,"minecraft:oak_stairs":105,"minecraft:gold_block":1,"minecraft:shield":2,"minecraft:cornflower":1,"minecraft:string":72,"minecraft:moss_carpet":1,"minecraft:raw_copper":372,"minecraft:iron_axe":8,"minecraft:flint_and_steel":1,"minecraft:iron_leggings":5,"minecraft:iron_shovel":5,"minecraft:cracked_stone_bricks":1,"minecraft:cobbled_deepslate":22,"minecraft:smooth_stone":1,"minecraft:bucket":2,"minecraft:beef":19,"minecraft:oak_boat":9,"minecraft:azalea":1,"minecraft:poppy":6,"minecraft:iron_pickaxe":10,"minecraft:lectern":1,"minecraft:chest":12,"minecraft:birch_sapling":5,"minecraft:furnace":12,"minecraft:iron_boots":6,"minecraft:egg":6,"minecraft:stick":24,"minecraft:raw_iron":51,"minecraft:stone":291,"minecraft:oak_door":6,"minecraft:oak_fence":3,"minecraft:torch":247,"minecraft:acacia_log":5,"minecraft:porkchop":24,"minecraft:diorite":17,"minecraft:carrot":9,"minecraft:redstone":15,"minecraft:prismarine_crystals":10,"minecraft:cauldron":1,"minecraft:arrow":2,"minecraft:rotten_flesh":11,"minecraft:tuff_bricks":23,"minecraft:cod":6,"minecraft:white_wool":64,"minecraft:birch_log":213,"minecraft:cobblestone":4337,"minecraft:stripped_oak_log":59,"minecraft:nautilus_shell":1,"minecraft:feather":6,"minecraft:salmon":1,"minecraft:leather":7,"minecraft:filled_map":2,"minecraft:birch_planks":14,"minecraft:flint":40,"minecraft:tuff":3,"minecraft:oak_log":321,"minecraft:golden_boots":3,"minecraft:yellow_bed":1,"minecraft:gunpowder":7,"minecraft:cobblestone_stairs":8,"minecraft:lapis_lazuli":46,"minecraft:dirt":238,"minecraft:apple":3,"minecraft:stone_bricks":145,"minecraft:kelp":4,"minecraft:stonecutter":1,"minecraft:raw_gold":34,"minecraft:cooked_chicken":6,"minecraft:spore_blossom":3,"minecraft:grindstone":1,"minecraft:iron_ingot":10,"minecraft:stone_pickaxe":1,"minecraft:stripped_oak_wood":1,"minecraft:mossy_stone_bricks":4,"minecraft:moss_block":16,"minecraft:oak_planks":55,"minecraft:book":24,"minecraft:dark_oak_slab":1,"minecraft:milk_bucket":2,"minecraft:cooked_porkchop":10,"minecraft:pumpkin":11,"minecraft:chiseled_stone_bricks":11,"minecraft:dandelion":2,"minecraft:gravel":389,"minecraft:sand":23,"minecraft:spruce_sapling":1,"minecraft:grass_block":1,"minecraft:spider_eye":3,"minecraft:mossy_cobblestone":8,"minecraft:diamond":19,"minecraft:stone_axe":7,"minecraft:iron_helmet":5,"minecraft:granite":120,"minecraft:diamond_axe":4,"minecraft:bread":2,"minecraft:oak_sapling":5,"minecraft:baked_potato":4,"minecraft:brown_banner":13,"minecraft:coal":72,"minecraft:chiseled_tuff_bricks":4},"minecraft:mined":{"minecraft:tuff":3,"minecraft:mossy_cobblestone":4,"minecraft:deepslate_diamond_ore":19,"minecraft:oak_door":2,"minecraft:cobblestone_stairs":4,"minecraft:sea_lantern":2,"minecraft:glow_lichen":1,"minecraft:granite":85,"minecraft:acacia_log":5,"minecraft:grass_block":61,"minecraft:moss_block":16,"minecraft:chiseled_stone_bricks":11,"minecraft:smooth_stone":1,"minecraft:spore_blossom":3,"minecraft:furnace":11,"minecraft:iron_ore":18,"minecraft:pumpkin":11,"minecraft:deepslate_lapis_ore":3,"minecraft:gold_block":1,"minecraft:bookshelf":8,"minecraft:dirt_path":1,"minecraft:water_cauldron":1,"minecraft:deepslate_iron_ore":31,"minecraft:oak_stairs":68,"minecraft:potted_spruce_sapling":1,"minecraft:stripped_oak_log":52,"minecraft:azalea":1,"minecraft:stone":3574,"minecraft:deepslate_redstone_ore":3,"minecraft:glass_pane":4,"minecraft:oak_fence":3,"minecraft:crafting_table":4,"minecraft:torch":23,"minecraft:short_grass":7,"minecraft:chest":12,"minecraft:campfire":4,"minecraft:lectern":1,"minecraft:copper_ore":40,"minecraft:tall_grass":1,"minecraft:cobblestone":64,"minecraft:deepslate_gold_ore":26,"minecraft:lapis_ore":4,"minecraft:grindstone":1,"minecraft:oak_planks":32,"minecraft:diorite":18,"minecraft:wall_torch":15,"minecraft:birch_planks":14,"minecraft:coarse_dirt":3,"minecraft:dark_oak_slab":1,"minecraft:birch_log":213,"minecraft:brown_wall_banner":13,"minecraft:birch_leaves":24,"minecraft:stripped_oak_wood":1,"minecraft:birch_door":2,"minecraft:yellow_bed":1,"minecraft:oak_log":321,"minecraft:coal_ore":62,"minecraft:gravel":252,"minecraft:sand":22,"minecraft:dirt":83,"minecraft:cracked_stone_bricks":1,"minecraft:stonecutter":1,"minecraft:stone_bricks":47,"minecraft:mossy_stone_bricks":4,"minecraft:gold_ore":8,"minecraft:oak_leaves":75,"minecraft:deepslate":22},"minecraft:killed_by":{"minecraft:player":1,"minecraft:creeper":1,"minecraft:enderman":2,"minecraft:drowned":6,"minecraft:guardian":2,"minecraft:zombie":1}},"DataVersion":3953}