{"stats":{"minecraft:used":{"minecraft:stone_shovel":133,"minecraft:ladder":3,"minecraft:chest":29,"minecraft:stone":2,"minecraft:torch":34,"minecraft:granite":7,"minecraft:birch_door":3,"minecraft:glass":11,"minecraft:stone_bricks":337,"minecraft:furnace":20,"minecraft:cooked_cod":1,"minecraft:cooked_beef":1,"minecraft:pumpkin":10,"minecraft:birch_planks":169,"minecraft:stone_pickaxe":1746,"minecraft:oak_planks":21,"minecraft:baked_potato":7,"minecraft:wooden_pickaxe":29,"minecraft:crafting_table":4,"minecraft:brown_banner":1,"minecraft:birch_sign":3,"minecraft:oak_log":1,"minecraft:bread":3,"minecraft:stone_axe":388,"minecraft:chiseled_stone_bricks":82,"minecraft:cobblestone":3,"minecraft:cooked_porkchop":4,"minecraft:yellow_bed":1,"minecraft:oak_boat":3},"minecraft:picked_up":{"minecraft:charcoal":6,"minecraft:crafting_table":2,"minecraft:birch_door":1,"minecraft:flower_pot":1,"minecraft:wooden_pickaxe":1,"minecraft:oak_stairs":105,"minecraft:cornflower":1,"minecraft:string":63,"minecraft:raw_copper":164,"minecraft:smooth_stone":1,"minecraft:beef":1,"minecraft:oak_boat":4,"minecraft:poppy":6,"minecraft:lectern":1,"minecraft:chest":12,"minecraft:birch_sapling":1,"minecraft:furnace":10,"minecraft:egg":2,"minecraft:stick":2,"minecraft:stone":230,"minecraft:oak_door":4,"minecraft:oak_fence":3,"minecraft:torch":57,"minecraft:porkchop":13,"minecraft:prismarine_crystals":2,"minecraft:cauldron":1,"minecraft:rotten_flesh":2,"minecraft:white_wool":64,"minecraft:cobblestone":1877,"minecraft:birch_log":45,"minecraft:stripped_oak_log":59,"minecraft:birch_planks":1,"minecraft:filled_map":1,"minecraft:flint":24,"minecraft:oak_log":116,"minecraft:yellow_bed":1,"minecraft:gunpowder":3,"minecraft:cobblestone_stairs":8,"minecraft:dirt":126,"minecraft:stone_bricks":73,"minecraft:kelp":2,"minecraft:stonecutter":1,"minecraft:iron_ingot":1,"minecraft:grindstone":1,"minecraft:stripped_oak_wood":1,"minecraft:oak_planks":29,"minecraft:book":24,"minecraft:pumpkin":10,"minecraft:chiseled_stone_bricks":7,"minecraft:dandelion":2,"minecraft:gravel":131,"minecraft:sand":22,"minecraft:spruce_sapling":1,"minecraft:mossy_cobblestone":8,"minecraft:stone_axe":3,"minecraft:granite":112,"minecraft:baked_potato":4,"minecraft:brown_banner":6,"minecraft:coal":35},"minecraft:dropped":{"minecraft:iron_ingot":1,"minecraft:saddle":1,"minecraft:stick":5,"minecraft:torch":2,"minecraft:cornflower":1,"minecraft:spruce_sapling":1,"minecraft:stone_axe":3,"minecraft:kelp":1,"minecraft:rotten_flesh":1,"minecraft:filled_map":1,"minecraft:poppy":3,"minecraft:egg":1},"minecraft:killed":{"minecraft:pig":7,"minecraft:creeper":1,"minecraft:zombie":2,"minecraft:cow":1},"minecraft:custom":{"minecraft:mob_kills":12,"minecraft:interact_with_crafting_table":76,"minecraft:time_since_death":172554,"minecraft:climb_one_cm":5951,"minecraft:sprint_one_cm":223284,"minecraft:walk_one_cm":883919,"minecraft:drop":15,"minecraft:play_time":279914,"minecraft:deaths":2,"minecraft:sneak_time":2307,"minecraft:walk_under_water_one_cm":21362,"minecraft:boat_one_cm":1284019,"minecraft:jump":1435,"minecraft:walk_on_water_one_cm":31461,"minecraft:total_world_time":279914,"minecraft:interact_with_furnace":144,"minecraft:sleep_in_bed":1,"minecraft:time_since_rest":172594,"minecraft:damage_taken":1330,"minecraft:damage_dealt":1672,"minecraft:fly_one_cm":208613,"minecraft:open_chest":55,"minecraft:crouch_one_cm":4954,"minecraft:fall_one_cm":20128},"minecraft:mined":{"minecraft:mossy_cobblestone":4,"minecraft:oak_door":2,"minecraft:cobblestone_stairs":4,"minecraft:sea_lantern":1,"minecraft:granite":74,"minecraft:grass_block":51,"minecraft:chiseled_stone_bricks":7,"minecraft:smooth_stone":1,"minecraft:furnace":10,"minecraft:pumpkin":10,"minecraft:bookshelf":8,"minecraft:water_cauldron":1,"minecraft:dirt_path":1,"minecraft:oak_stairs":68,"minecraft:potted_spruce_sapling":1,"minecraft:stripped_oak_log":52,"minecraft:stone":1536,"minecraft:glass_pane":4,"minecraft:oak_fence":3,"minecraft:crafting_table":2,"minecraft:torch":8,"minecraft:short_grass":3,"minecraft:chest":12,"minecraft:campfire":3,"minecraft:lectern":1,"minecraft:cobblestone":59,"minecraft:copper_ore":22,"minecraft:grindstone":1,"minecraft:oak_planks":29,"minecraft:wall_torch":13,"minecraft:birch_planks":1,"minecraft:birch_log":45,"minecraft:brown_wall_banner":6,"minecraft:birch_leaves":6,"minecraft:birch_door":1,"minecraft:stripped_oak_wood":1,"minecraft:yellow_bed":1,"minecraft:coal_ore":29,"minecraft:oak_log":116,"minecraft:gravel":83,"minecraft:sand":22,"minecraft:dirt":15,"minecraft:stonecutter":1,"minecraft:stone_bricks":19,"minecraft:oak_leaves":15},"minecraft:killed_by":{"minecraft:player":1,"minecraft:zombie":1},"minecraft:crafted":{"minecraft:oak_planks":664,"minecraft:stone_shovel":2,"minecraft:furnace":10,"minecraft:stone":687,"minecraft:glass":22,"minecraft:stone_brick_slab":168,"minecraft:ladder":3,"minecraft:stone_pickaxe":17,"minecraft:chest":20,"minecraft:birch_door":3,"minecraft:chiseled_stone_bricks":84,"minecraft:stone_bricks":552,"minecraft:birch_sign":3,"minecraft:cooked_beef":1,"minecraft:cooked_cod":1,"minecraft:cooked_porkchop":6,"minecraft:crafting_table":2,"minecraft:wooden_pickaxe":1,"minecraft:baked_potato":3,"minecraft:birch_planks":180,"minecraft:stone_axe":6,"minecraft:air":0,"minecraft:stick":80,"minecraft:stone_slab":48,"minecraft:torch":68},"minecraft:broken":{"minecraft:stone_pickaxe":13,"minecraft:stone_axe":1,"minecraft:stone_shovel":1}},"DataVersion":3953}