{"stats":{"minecraft:used":{"minecraft:water_bucket":6,"minecraft:stone_pickaxe":33,"minecraft:oak_planks":79,"minecraft:shield":7,"minecraft:wooden_pickaxe":8,"minecraft:cooked_salmon":1,"minecraft:cooked_chicken":2,"minecraft:rotten_flesh":5,"minecraft:crafting_table":8,"minecraft:smoker":4,"minecraft:wooden_axe":12,"minecraft:iron_axe":6,"minecraft:iron_pickaxe":132,"minecraft:stone_axe":58,"minecraft:fishing_rod":7,"minecraft:cobblestone":5,"minecraft:cooked_porkchop":5,"minecraft:furnace":3,"minecraft:cooked_cod":6,"minecraft:andesite":1,"minecraft:bucket":7,"minecraft:egg":1,"minecraft:cobbled_deepslate":12,"minecraft:cooked_beef":6},"minecraft:picked_up":{"minecraft:crafting_table":8,"minecraft:chicken":2,"minecraft:andesite":1,"minecraft:salmon":1,"minecraft:leather":4,"minecraft:smoker":4,"minecraft:oak_log":30,"minecraft:gunpowder":1,"minecraft:string":5,"minecraft:bone":1,"minecraft:cobbled_deepslate":19,"minecraft:raw_gold":6,"minecraft:beef":8,"minecraft:oak_planks":7,"minecraft:egg":1,"minecraft:furnace":3,"minecraft:stick":2,"minecraft:raw_iron":47,"minecraft:porkchop":5,"minecraft:redstone":167,"minecraft:spider_eye":1,"minecraft:arrow":3,"minecraft:rotten_flesh":6,"minecraft:diamond":18,"minecraft:oak_sapling":3,"minecraft:coal":65,"minecraft:cod":6,"minecraft:cobblestone":30},"minecraft:dropped":{"minecraft:stone_axe":1,"minecraft:rotten_flesh":1,"minecraft:stick":6,"minecraft:wooden_axe":1,"minecraft:oak_sapling":3,"minecraft:stone_pickaxe":1,"minecraft:wooden_pickaxe":1,"minecraft:string":5,"minecraft:bone":1},"minecraft:killed":{"minecraft:pig":3,"minecraft:spider":2,"minecraft:creeper":3,"minecraft:skeleton":4,"minecraft:zombie":6,"minecraft:cow":4},"minecraft:custom":{"minecraft:interact_with_furnace":18,"minecraft:mob_kills":22,"minecraft:interact_with_crafting_table":13,"minecraft:time_since_death":43015,"minecraft:time_since_rest":43015,"minecraft:sprint_one_cm":158062,"minecraft:damage_taken":1155,"minecraft:walk_one_cm":56690,"minecraft:damage_blocked_by_shield":405,"minecraft:drop":13,"minecraft:damage_dealt":3432,"minecraft:swim_one_cm":8488,"minecraft:fly_one_cm":238382,"minecraft:open_chest":4,"minecraft:crouch_one_cm":11325,"minecraft:play_time":43015,"minecraft:sneak_time":4783,"minecraft:walk_under_water_one_cm":1310,"minecraft:jump":1558,"minecraft:walk_on_water_one_cm":5307,"minecraft:total_world_time":43015,"minecraft:interact_with_smoker":23,"minecraft:fish_caught":7,"minecraft:fall_one_cm":48011},"minecraft:mined":{"minecraft:deepslate_redstone_ore":26,"minecraft:deepslate_diamond_ore":18,"minecraft:smoker":4,"minecraft:crafting_table":8,"minecraft:short_grass":1,"minecraft:cobblestone":2,"minecraft:spruce_leaves":2,"minecraft:deepslate_gold_ore":4,"minecraft:oak_planks":6,"minecraft:redstone_ore":12,"minecraft:furnace":3,"minecraft:cobbled_deepslate":1,"minecraft:iron_ore":36,"minecraft:andesite":1,"minecraft:coal_ore":7,"minecraft:oak_log":30,"minecraft:deepslate_iron_ore":11,"minecraft:stone":28,"minecraft:gold_ore":2,"minecraft:deepslate":18,"minecraft:oak_leaves":9},"minecraft:crafted":{"minecraft:cooked_beef":8,"minecraft:cooked_cod":6,"minecraft:oak_planks":104,"minecraft:cooked_porkchop":5,"minecraft:crafting_table":1,"minecraft:wooden_pickaxe":1,"minecraft:cooked_chicken":2,"minecraft:furnace":2,"minecraft:cooked_salmon":1,"minecraft:bucket":1,"minecraft:stone_axe":1,"minecraft:air":0,"minecraft:iron_boots":1,"minecraft:iron_chestplate":1,"minecraft:diamond_pickaxe":1,"minecraft:shield":1,"minecraft:iron_axe":1,"minecraft:stick":20,"minecraft:iron_ingot":30,"minecraft:iron_pickaxe":1,"minecraft:stone_pickaxe":1,"minecraft:wooden_axe":1,"minecraft:iron_leggings":1,"minecraft:smoker":1}},"DataVersion":3953}