{"stats":{"minecraft:used":{"minecraft:water_bucket":6,"minecraft:stone_pickaxe":33,"minecraft:oak_planks":93,"minecraft:shield":7,"minecraft:wooden_pickaxe":8,"minecraft:cooked_salmon":1,"minecraft:cooked_chicken":2,"minecraft:rotten_flesh":5,"minecraft:crafting_table":10,"minecraft:smoker":5,"minecraft:wooden_axe":12,"minecraft:iron_axe":43,"minecraft:iron_pickaxe":135,"minecraft:iron_helmet":1,"minecraft:stone_axe":58,"minecraft:fishing_rod":7,"minecraft:cobblestone":5,"minecraft:cooked_porkchop":5,"minecraft:furnace":4,"minecraft:cooked_cod":6,"minecraft:andesite":1,"minecraft:bucket":7,"minecraft:oak_boat":2,"minecraft:egg":1,"minecraft:cobbled_deepslate":12,"minecraft:cooked_beef":7},"minecraft:picked_up":{"minecraft:crafting_table":10,"minecraft:chicken":2,"minecraft:andesite":1,"minecraft:salmon":1,"minecraft:leather":4,"minecraft:smoker":5,"minecraft:oak_log":58,"minecraft:gunpowder":1,"minecraft:string":5,"minecraft:bone":1,"minecraft:cobbled_deepslate":19,"minecraft:raw_gold":6,"minecraft:beef":11,"minecraft:oak_boat":2,"minecraft:sugar_cane":15,"minecraft:oak_planks":7,"minecraft:egg":1,"minecraft:furnace":4,"minecraft:stick":3,"minecraft:raw_iron":48,"minecraft:porkchop":5,"minecraft:redstone":167,"minecraft:spider_eye":1,"minecraft:arrow":3,"minecraft:rotten_flesh":6,"minecraft:diamond":18,"minecraft:oak_sapling":3,"minecraft:coal":76,"minecraft:cod":6,"minecraft:cobblestone":30},"minecraft:dropped":{"minecraft:stone_axe":1,"minecraft:rotten_flesh":1,"minecraft:stick":6,"minecraft:wooden_axe":1,"minecraft:oak_sapling":3,"minecraft:stone_pickaxe":1,"minecraft:wooden_pickaxe":1,"minecraft:string":5,"minecraft:bone":1},"minecraft:killed":{"minecraft:pig":3,"minecraft:spider":3,"minecraft:creeper":3,"minecraft:skeleton":4,"minecraft:zombie":7,"minecraft:cow":6},"minecraft:custom":{"minecraft:interact_with_furnace":23,"minecraft:mob_kills":26,"minecraft:interact_with_crafting_table":15,"minecraft:time_since_death":55015,"minecraft:time_since_rest":55015,"minecraft:sprint_one_cm":190104,"minecraft:damage_taken":1183,"minecraft:walk_one_cm":63671,"minecraft:damage_blocked_by_shield":405,"minecraft:drop":13,"minecraft:damage_dealt":3912,"minecraft:swim_one_cm":17969,"minecraft:fly_one_cm":343953,"minecraft:open_chest":6,"minecraft:crouch_one_cm":11328,"minecraft:play_time":55015,"minecraft:sneak_time":4799,"minecraft:walk_under_water_one_cm":1672,"minecraft:boat_one_cm":78455,"minecraft:jump":1930,"minecraft:walk_on_water_one_cm":7462,"minecraft:total_world_time":55015,"minecraft:interact_with_smoker":27,"minecraft:fish_caught":7,"minecraft:fall_one_cm":57083},"minecraft:mined":{"minecraft:deepslate_redstone_ore":26,"minecraft:deepslate_diamond_ore":18,"minecraft:smoker":5,"minecraft:crafting_table":10,"minecraft:short_grass":1,"minecraft:cobblestone":2,"minecraft:spruce_leaves":2,"minecraft:deepslate_gold_ore":4,"minecraft:sugar_cane":6,"minecraft:oak_planks":6,"minecraft:redstone_ore":12,"minecraft:furnace":4,"minecraft:cobbled_deepslate":1,"minecraft:iron_ore":36,"minecraft:andesite":1,"minecraft:coal_ore":7,"minecraft:oak_log":58,"minecraft:deepslate_iron_ore":11,"minecraft:stone":28,"minecraft:gold_ore":2,"minecraft:deepslate":18,"minecraft:oak_leaves":16},"minecraft:crafted":{"minecraft:cooked_beef":11,"minecraft:cooked_cod":6,"minecraft:oak_planks":124,"minecraft:cooked_porkchop":5,"minecraft:crafting_table":1,"minecraft:iron_helmet":1,"minecraft:wooden_pickaxe":1,"minecraft:cooked_chicken":2,"minecraft:furnace":2,"minecraft:cooked_salmon":1,"minecraft:bucket":1,"minecraft:stone_axe":1,"minecraft:air":0,"minecraft:oak_boat":1,"minecraft:iron_boots":1,"minecraft:iron_chestplate":1,"minecraft:diamond_pickaxe":1,"minecraft:shield":1,"minecraft:iron_axe":1,"minecraft:stick":20,"minecraft:iron_ingot":34,"minecraft:iron_pickaxe":1,"minecraft:stone_pickaxe":1,"minecraft:wooden_axe":1,"minecraft:iron_leggings":1,"minecraft:smoker":1}},"DataVersion":3953}