{"stats":{"minecraft:used":{"minecraft:oak_fence":23,"minecraft:wheat_seeds":5,"minecraft:water_bucket":6,"minecraft:baked_potato":2,"minecraft:stone_pickaxe":33,"minecraft:oak_planks":129,"minecraft:chest":2,"minecraft:shield":8,"minecraft:wooden_pickaxe":8,"minecraft:sugar_cane":15,"minecraft:cooked_salmon":1,"minecraft:cooked_chicken":2,"minecraft:rotten_flesh":5,"minecraft:white_carpet":5,"minecraft:crafting_table":11,"minecraft:white_bed":4,"minecraft:smoker":6,"minecraft:oak_fence_gate":1,"minecraft:wooden_axe":12,"minecraft:iron_axe":96,"minecraft:iron_pickaxe":136,"minecraft:iron_helmet":1,"minecraft:stone_axe":58,"minecraft:fishing_rod":7,"minecraft:cobblestone":5,"minecraft:cooked_porkchop":5,"minecraft:furnace":5,"minecraft:cooked_cod":6,"minecraft:andesite":1,"minecraft:bucket":7,"minecraft:potato":5,"minecraft:oak_boat":2,"minecraft:egg":22,"minecraft:cobbled_deepslate":12,"minecraft:cooked_beef":11},"minecraft:picked_up":{"minecraft:crafting_table":10,"minecraft:wheat":5,"minecraft:chicken":2,"minecraft:andesite":1,"minecraft:salmon":1,"minecraft:leather":4,"minecraft:smoker":5,"minecraft:potato":19,"minecraft:oak_log":58,"minecraft:gunpowder":1,"minecraft:string":5,"minecraft:white_carpet":2,"minecraft:bone":3,"minecraft:bow":1,"minecraft:wheat_seeds":20,"minecraft:cobbled_deepslate":19,"minecraft:raw_gold":6,"minecraft:beef":11,"minecraft:oak_boat":2,"minecraft:glowstone_dust":1,"minecraft:sugar_cane":15,"minecraft:oak_planks":68,"minecraft:egg":22,"minecraft:furnace":4,"minecraft:stick":3,"minecraft:raw_iron":48,"minecraft:oak_fence":9,"minecraft:porkchop":5,"minecraft:white_bed":3,"minecraft:redstone":174,"minecraft:spider_eye":1,"minecraft:arrow":6,"minecraft:rotten_flesh":7,"minecraft:diamond":18,"minecraft:oak_sapling":3,"minecraft:white_wool":5,"minecraft:coal":76,"minecraft:cod":6,"minecraft:cobblestone":31},"minecraft:dropped":{"minecraft:stone_axe":1,"minecraft:oak_fence":4,"minecraft:rotten_flesh":2,"minecraft:oak_planks":31,"minecraft:stick":6,"minecraft:wooden_axe":1,"minecraft:oak_sapling":3,"minecraft:stone_pickaxe":1,"minecraft:wooden_pickaxe":1,"minecraft:string":5,"minecraft:bone":2},"minecraft:killed":{"minecraft:pig":3,"minecraft:witch":1,"minecraft:spider":3,"minecraft:creeper":3,"minecraft:skeleton":6,"minecraft:zombie":9,"minecraft:drowned":1,"minecraft:cow":6},"minecraft:custom":{"minecraft:interact_with_furnace":27,"minecraft:mob_kills":32,"minecraft:animals_bred":2,"minecraft:interact_with_crafting_table":23,"minecraft:time_since_death":79015,"minecraft:sleep_in_bed":1,"minecraft:time_since_rest":8733,"minecraft:sprint_one_cm":247397,"minecraft:damage_taken":1486,"minecraft:walk_one_cm":151483,"minecraft:damage_blocked_by_shield":480,"minecraft:drop":17,"minecraft:damage_dealt":5113,"minecraft:swim_one_cm":17969,"minecraft:fly_one_cm":513787,"minecraft:open_chest":19,"minecraft:crouch_one_cm":13103,"minecraft:play_time":79015,"minecraft:sneak_time":5430,"minecraft:walk_under_water_one_cm":1944,"minecraft:boat_one_cm":78455,"minecraft:jump":2587,"minecraft:walk_on_water_one_cm":11104,"minecraft:total_world_time":79015,"minecraft:interact_with_smoker":31,"minecraft:fish_caught":7,"minecraft:fall_one_cm":68953},"minecraft:mined":{"minecraft:deepslate_redstone_ore":26,"minecraft:white_bed":3,"minecraft:deepslate_diamond_ore":18,"minecraft:smoker":5,"minecraft:oak_fence":9,"minecraft:crafting_table":10,"minecraft:short_grass":22,"minecraft:tall_grass":6,"minecraft:cobblestone":3,"minecraft:spruce_leaves":2,"minecraft:deepslate_gold_ore":4,"minecraft:sugar_cane":6,"minecraft:oak_planks":36,"minecraft:redstone_ore":12,"minecraft:furnace":4,"minecraft:wheat":5,"minecraft:cobbled_deepslate":1,"minecraft:iron_ore":36,"minecraft:white_carpet":2,"minecraft:andesite":1,"minecraft:potatoes":5,"minecraft:coal_ore":7,"minecraft:oak_log":58,"minecraft:deepslate_iron_ore":11,"minecraft:stone":28,"minecraft:gold_ore":2,"minecraft:deepslate":18,"minecraft:oak_leaves":16},"minecraft:crafted":{"minecraft:cooked_beef":11,"minecraft:cooked_cod":6,"minecraft:oak_planks":216,"minecraft:cooked_porkchop":5,"minecraft:crafting_table":1,"minecraft:baked_potato":14,"minecraft:iron_helmet":1,"minecraft:wooden_pickaxe":1,"minecraft:cooked_chicken":2,"minecraft:furnace":2,"minecraft:cooked_salmon":1,"minecraft:bucket":1,"minecraft:stone_axe":1,"minecraft:white_carpet":3,"minecraft:air":0,"minecraft:oak_fence_gate":1,"minecraft:oak_boat":1,"minecraft:iron_boots":1,"minecraft:iron_chestplate":1,"minecraft:diamond_pickaxe":1,"minecraft:shield":1,"minecraft:iron_axe":1,"minecraft:stick":40,"minecraft:iron_ingot":47,"minecraft:iron_pickaxe":1,"minecraft:stone_pickaxe":1,"minecraft:wooden_axe":1,"minecraft:chest":2,"minecraft:iron_leggings":1,"minecraft:white_bed":1,"minecraft:oak_fence":18,"minecraft:shears":1,"minecraft:smoker":1}},"DataVersion":3953}