{"stats":{"minecraft:used":{"minecraft:tuff_bricks":18,"minecraft:oak_fence":23,"minecraft:iron_shovel":21,"minecraft:flint_and_steel":1,"minecraft:decorated_pot":14,"minecraft:chest":2,"minecraft:shield":8,"minecraft:cooked_salmon":1,"minecraft:cooked_chicken":2,"minecraft:rotten_flesh":5,"minecraft:netherrack":192,"minecraft:dirt":10,"minecraft:white_carpet":5,"minecraft:carrot":25,"minecraft:waxed_copper_grate":2,"minecraft:oak_fence_gate":1,"minecraft:obsidian":10,"minecraft:waxed_oxidized_copper":1,"minecraft:wooden_axe":12,"minecraft:iron_axe":153,"minecraft:iron_helmet":1,"minecraft:oak_sapling":1,"minecraft:furnace":5,"minecraft:cooked_cod":6,"minecraft:egg":23,"minecraft:cooked_beef":14,"minecraft:potato":5,"minecraft:cobbled_deepslate":40,"minecraft:wheat_seeds":5,"minecraft:water_bucket":13,"minecraft:diorite":12,"minecraft:stone_pickaxe":33,"minecraft:baked_potato":14,"minecraft:oak_planks":146,"minecraft:waxed_oxidized_cut_copper":1,"minecraft:wooden_pickaxe":8,"minecraft:sugar_cane":15,"minecraft:waxed_copper_block":1,"minecraft:oak_leaves":63,"minecraft:crafting_table":14,"minecraft:white_bed":4,"minecraft:shears":86,"minecraft:smoker":6,"minecraft:oak_log":1,"minecraft:diamond_pickaxe":270,"minecraft:iron_pickaxe":384,"minecraft:gravel":8,"minecraft:chiseled_tuff_bricks":1,"minecraft:stone_axe":58,"minecraft:fishing_rod":7,"minecraft:cobblestone":99,"minecraft:cooked_porkchop":14,"minecraft:bucket":15,"minecraft:andesite":10,"minecraft:oak_boat":3},"minecraft:picked_up":{"minecraft:waxed_oxidized_cut_copper":1,"minecraft:iron_chestplate":1,"minecraft:crafting_table":12,"minecraft:wheat":5,"minecraft:chicken":2,"minecraft:string":5,"minecraft:iron_leggings":1,"minecraft:white_carpet":2,"minecraft:cobbled_deepslate":40,"minecraft:beef":42,"minecraft:oak_boat":2,"minecraft:sugar_cane":23,"minecraft:waxed_oxidized_copper":1,"minecraft:furnace":4,"minecraft:egg":23,"minecraft:raw_iron":73,"minecraft:stick":3,"minecraft:oak_fence":25,"minecraft:porkchop":14,"minecraft:waxed_copper_grate":2,"minecraft:diorite":12,"minecraft:carrot":67,"minecraft:redstone":186,"minecraft:arrow":23,"minecraft:rotten_flesh":9,"minecraft:decorated_pot":14,"minecraft:tuff_bricks":18,"minecraft:obsidian":10,"minecraft:cod":6,"minecraft:white_wool":5,"minecraft:cobblestone":161,"minecraft:salmon":1,"minecraft:andesite":10,"minecraft:leather":26,"minecraft:smoker":5,"minecraft:potato":19,"minecraft:flint":5,"minecraft:oak_log":63,"minecraft:waxed_copper_block":1,"minecraft:gunpowder":4,"minecraft:dirt":10,"minecraft:bone":3,"minecraft:bow":1,"minecraft:wheat_seeds":23,"minecraft:raw_gold":6,"minecraft:iron_ingot":3,"minecraft:glowstone_dust":1,"minecraft:oak_planks":68,"minecraft:ghast_tear":1,"minecraft:quartz":8,"minecraft:gravel":8,"minecraft:white_bed":3,"minecraft:spider_eye":1,"minecraft:diamond":22,"minecraft:emerald":12,"minecraft:oak_sapling":5,"minecraft:chiseled_tuff_bricks":1,"minecraft:netherrack":298,"minecraft:coal":96,"minecraft:oak_leaves":78,"minecraft:diamond_pickaxe":1},"minecraft:dropped":{"minecraft:wheat_seeds":3,"minecraft:oak_fence":20,"minecraft:stick":6,"minecraft:wooden_axe":1,"minecraft:string":5,"minecraft:bone":2,"minecraft:stone_axe":1,"minecraft:rotten_flesh":4,"minecraft:oak_planks":31,"minecraft:oak_sapling":4,"minecraft:wooden_pickaxe":1,"minecraft:stone_pickaxe":1},"minecraft:killed":{"minecraft:witch":1,"minecraft:spider":6,"minecraft:skeleton":6,"minecraft:drowned":1,"minecraft:piglin":1,"minecraft:pig":7,"minecraft:creeper":6,"minecraft:zombie":19,"minecraft:ghast":1,"minecraft:cow":21},"minecraft:custom":{"minecraft:mob_kills":69,"minecraft:animals_bred":2,"minecraft:interact_with_crafting_table":30,"minecraft:open_barrel":12,"minecraft:time_since_death":38300,"minecraft:climb_one_cm":2515,"minecraft:sprint_one_cm":476156,"minecraft:walk_one_cm":261851,"minecraft:damage_blocked_by_shield":480,"minecraft:drop":27,"minecraft:play_time":151015,"minecraft:deaths":1,"minecraft:sneak_time":9309,"minecraft:walk_under_water_one_cm":5708,"minecraft:boat_one_cm":216086,"minecraft:jump":5284,"minecraft:walk_on_water_one_cm":15902,"minecraft:total_world_time":151015,"minecraft:interact_with_furnace":45,"minecraft:sleep_in_bed":3,"minecraft:time_since_rest":3346,"minecraft:damage_taken":2941,"minecraft:damage_dealt":10158,"minecraft:swim_one_cm":29442,"minecraft:fly_one_cm":1149545,"minecraft:open_chest":56,"minecraft:crouch_one_cm":24051,"minecraft:interact_with_smoker":47,"minecraft:fish_caught":7,"minecraft:fall_one_cm":151523},"minecraft:mined":{"minecraft:white_bed":3,"minecraft:deepslate_diamond_ore":22,"minecraft:obsidian":10,"minecraft:grass_block":2,"minecraft:decorated_pot":16,"minecraft:spruce_leaves":2,"minecraft:chiseled_tuff_bricks":1,"minecraft:tuff_bricks":18,"minecraft:redstone_ore":12,"minecraft:waxed_oxidized_cut_copper":1,"minecraft:carrots":18,"minecraft:furnace":4,"minecraft:waxed_copper_grate":2,"minecraft:fire":36,"minecraft:iron_ore":52,"minecraft:cobbled_deepslate":2,"minecraft:andesite":10,"minecraft:potatoes":5,"minecraft:deepslate_iron_ore":20,"minecraft:stone":136,"minecraft:deepslate_redstone_ore":29,"minecraft:smoker":5,"minecraft:crafting_table":12,"minecraft:oak_fence":9,"minecraft:short_grass":27,"minecraft:nether_quartz_ore":8,"minecraft:tall_grass":7,"minecraft:cobblestone":26,"minecraft:deepslate_gold_ore":4,"minecraft:oak_planks":36,"minecraft:sugar_cane":13,"minecraft:diorite":12,"minecraft:wheat":5,"minecraft:white_carpet":2,"minecraft:waxed_copper_block":1,"minecraft:oak_log":63,"minecraft:coal_ore":27,"minecraft:waxed_oxidized_copper":1,"minecraft:gravel":13,"minecraft:dirt":8,"minecraft:netherrack":250,"minecraft:gold_ore":2,"minecraft:oak_leaves":107,"minecraft:deepslate":38},"minecraft:crafted":{"minecraft:oak_planks":232,"minecraft:cooked_chicken":2,"minecraft:furnace":2,"minecraft:white_carpet":3,"minecraft:flint_and_steel":1,"minecraft:iron_boots":1,"minecraft:iron_axe":2,"minecraft:stone_pickaxe":1,"minecraft:chest":2,"minecraft:oak_fence":18,"minecraft:smoker":1,"minecraft:cooked_beef":42,"minecraft:cooked_cod":6,"minecraft:cooked_porkchop":14,"minecraft:crafting_table":2,"minecraft:wooden_pickaxe":1,"minecraft:iron_helmet":1,"minecraft:baked_potato":14,"minecraft:cooked_salmon":1,"minecraft:bucket":2,"minecraft:stone_axe":1,"minecraft:air":0,"minecraft:oak_fence_gate":1,"minecraft:oak_boat":2,"minecraft:iron_chestplate":1,"minecraft:diamond_pickaxe":1,"minecraft:shield":1,"minecraft:stick":44,"minecraft:iron_ingot":48,"minecraft:iron_pickaxe":2,"minecraft:wooden_axe":1,"minecraft:iron_shovel":2,"minecraft:iron_leggings":1,"minecraft:white_bed":1,"minecraft:shears":1}},"DataVersion":3953}