{"stats":{"minecraft:used":{"minecraft:water_bucket":3,"minecraft:stone_pickaxe":33,"minecraft:oak_planks":74,"minecraft:shield":6,"minecraft:wooden_pickaxe":8,"minecraft:cooked_salmon":1,"minecraft:cooked_chicken":1,"minecraft:rotten_flesh":1,"minecraft:crafting_table":8,"minecraft:smoker":3,"minecraft:wooden_axe":12,"minecraft:iron_axe":1,"minecraft:iron_pickaxe":91,"minecraft:stone_axe":58,"minecraft:fishing_rod":7,"minecraft:cobblestone":5,"minecraft:cooked_porkchop":4,"minecraft:furnace":3,"minecraft:cooked_cod":6,"minecraft:andesite":1,"minecraft:bucket":4,"minecraft:cobbled_deepslate":1,"minecraft:cooked_beef":5},"minecraft:picked_up":{"minecraft:crafting_table":8,"minecraft:chicken":1,"minecraft:andesite":1,"minecraft:salmon":1,"minecraft:leather":4,"minecraft:smoker":3,"minecraft:oak_log":30,"minecraft:gunpowder":1,"minecraft:string":5,"minecraft:bone":1,"minecraft:cobbled_deepslate":6,"minecraft:raw_gold":6,"minecraft:beef":5,"minecraft:oak_planks":7,"minecraft:furnace":3,"minecraft:stick":2,"minecraft:raw_iron":39,"minecraft:porkchop":5,"minecraft:redstone":92,"minecraft:spider_eye":1,"minecraft:arrow":3,"minecraft:rotten_flesh":5,"minecraft:diamond":16,"minecraft:oak_sapling":3,"minecraft:coal":52,"minecraft:cod":6,"minecraft:cobblestone":30},"minecraft:dropped":{"minecraft:stone_axe":1,"minecraft:stick":6,"minecraft:wooden_axe":1,"minecraft:oak_sapling":3,"minecraft:stone_pickaxe":1,"minecraft:wooden_pickaxe":1,"minecraft:string":4},"minecraft:killed":{"minecraft:pig":3,"minecraft:spider":2,"minecraft:creeper":3,"minecraft:skeleton":3,"minecraft:zombie":5,"minecraft:cow":3},"minecraft:custom":{"minecraft:interact_with_furnace":18,"minecraft:mob_kills":19,"minecraft:interact_with_crafting_table":13,"minecraft:time_since_death":31015,"minecraft:time_since_rest":31015,"minecraft:sprint_one_cm":112309,"minecraft:damage_taken":1079,"minecraft:walk_one_cm":43982,"minecraft:damage_blocked_by_shield":345,"minecraft:drop":10,"minecraft:damage_dealt":2932,"minecraft:swim_one_cm":4337,"minecraft:fly_one_cm":161143,"minecraft:open_chest":4,"minecraft:crouch_one_cm":8357,"minecraft:play_time":31015,"minecraft:sneak_time":3121,"minecraft:walk_under_water_one_cm":443,"minecraft:jump":1034,"minecraft:walk_on_water_one_cm":2313,"minecraft:total_world_time":31015,"minecraft:interact_with_smoker":19,"minecraft:fish_caught":7,"minecraft:fall_one_cm":34683},"minecraft:mined":{"minecraft:deepslate_redstone_ore":9,"minecraft:deepslate_diamond_ore":16,"minecraft:smoker":3,"minecraft:crafting_table":8,"minecraft:short_grass":1,"minecraft:cobblestone":2,"minecraft:deepslate_gold_ore":4,"minecraft:oak_planks":6,"minecraft:redstone_ore":12,"minecraft:furnace":3,"minecraft:iron_ore":30,"minecraft:andesite":1,"minecraft:coal_ore":7,"minecraft:oak_log":30,"minecraft:deepslate_iron_ore":9,"minecraft:stone":28,"minecraft:gold_ore":2,"minecraft:deepslate":6,"minecraft:oak_leaves":9},"minecraft:crafted":{"minecraft:cooked_beef":5,"minecraft:cooked_cod":6,"minecraft:oak_planks":104,"minecraft:cooked_porkchop":5,"minecraft:crafting_table":1,"minecraft:wooden_pickaxe":1,"minecraft:cooked_chicken":1,"minecraft:furnace":2,"minecraft:cooked_salmon":1,"minecraft:bucket":1,"minecraft:stone_axe":1,"minecraft:air":0,"minecraft:iron_boots":1,"minecraft:iron_chestplate":1,"minecraft:diamond_pickaxe":1,"minecraft:shield":1,"minecraft:iron_axe":1,"minecraft:stick":20,"minecraft:iron_ingot":30,"minecraft:iron_pickaxe":1,"minecraft:stone_pickaxe":1,"minecraft:wooden_axe":1,"minecraft:iron_leggings":1,"minecraft:smoker":1}},"DataVersion":3953}