{"stats":{"minecraft:dropped":{"minecraft:wheat_seeds":3,"minecraft:oak_fence":20,"minecraft:granite":4,"minecraft:jungle_planks":1,"minecraft:stick":10,"minecraft:wooden_axe":1,"minecraft:sand":18,"minecraft:string":12,"minecraft:bone":6,"minecraft:stone_axe":1,"minecraft:tuff":5,"minecraft:rotten_flesh":11,"minecraft:oak_planks":31,"minecraft:iron_chestplate":1,"minecraft:oak_sapling":5,"minecraft:arrow":5,"minecraft:bow":1,"minecraft:wooden_pickaxe":1,"minecraft:stone_pickaxe":1,"minecraft:netherrack":3},"minecraft:custom":{"minecraft:mob_kills":143,"minecraft:animals_bred":2,"minecraft:interact_with_crafting_table":56,"minecraft:open_barrel":12,"minecraft:leave_game":1,"minecraft:time_since_death":83793,"minecraft:climb_one_cm":2515,"minecraft:sprint_one_cm":803806,"minecraft:walk_one_cm":409775,"minecraft:damage_blocked_by_shield":855,"minecraft:drop":52,"minecraft:play_time":240435,"minecraft:deaths":3,"minecraft:sneak_time":16002,"minecraft:walk_under_water_one_cm":20297,"minecraft:boat_one_cm":216086,"minecraft:jump":8492,"minecraft:walk_on_water_one_cm":25127,"minecraft:total_world_time":240435,"minecraft:interact_with_furnace":64,"minecraft:sleep_in_bed":3,"minecraft:time_since_rest":83820,"minecraft:damage_taken":5813,"minecraft:damage_dealt":22057,"minecraft:swim_one_cm":55546,"minecraft:fly_one_cm":1743896,"minecraft:open_chest":80,"minecraft:crouch_one_cm":38183,"minecraft:interact_with_smoker":51,"minecraft:fish_caught":7,"minecraft:fall_one_cm":240652},"minecraft:crafted":{"minecraft:golden_carrot":6,"minecraft:oak_planks":232,"minecraft:cooked_chicken":2,"minecraft:furnace":3,"minecraft:white_carpet":3,"minecraft:flint_and_steel":1,"minecraft:iron_boots":2,"minecraft:iron_axe":2,"minecraft:stone_pickaxe":1,"minecraft:chest":2,"minecraft:redstone_block":25,"minecraft:oak_fence":18,"minecraft:raw_iron_block":28,"minecraft:smoker":1,"minecraft:cooked_beef":42,"minecraft:cooked_cod":6,"minecraft:diamond_sword":1,"minecraft:cooked_porkchop":14,"minecraft:crafting_table":3,"minecraft:spruce_planks":28,"minecraft:iron_helmet":2,"minecraft:wooden_pickaxe":1,"minecraft:baked_potato":14,"minecraft:spruce_door":3,"minecraft:cooked_salmon":1,"minecraft:bucket":4,"minecraft:stone_axe":1,"minecraft:air":0,"minecraft:oak_fence_gate":1,"minecraft:oak_boat":2,"minecraft:iron_chestplate":1,"minecraft:diamond_pickaxe":1,"minecraft:gold_nugget":54,"minecraft:shield":2,"minecraft:stick":68,"minecraft:iron_ingot":82,"minecraft:iron_pickaxe":2,"minecraft:wooden_axe":1,"minecraft:gold_ingot":6,"minecraft:iron_shovel":2,"minecraft:iron_leggings":1,"minecraft:white_bed":1,"minecraft:torch":76,"minecraft:diamond_chestplate":1,"minecraft:shears":1},"minecraft:used":{"minecraft:oak_fence":23,"minecraft:tuff_bricks":18,"minecraft:iron_shovel":54,"minecraft:flint_and_steel":1,"minecraft:redstone":1,"minecraft:decorated_pot":14,"minecraft:chest":2,"minecraft:shield":16,"minecraft:cooked_salmon":1,"minecraft:cooked_chicken":2,"minecraft:rotten_flesh":9,"minecraft:netherrack":200,"minecraft:torch":62,"minecraft:dirt":10,"minecraft:white_carpet":5,"minecraft:carrot":96,"minecraft:waxed_copper_grate":2,"minecraft:tuff":16,"minecraft:granite":3,"minecraft:oak_fence_gate":1,"minecraft:obsidian":10,"minecraft:wooden_axe":12,"minecraft:waxed_oxidized_copper":1,"minecraft:iron_axe":231,"minecraft:iron_helmet":2,"minecraft:iron_boots":1,"minecraft:smooth_basalt":3,"minecraft:diamond_chestplate":1,"minecraft:golden_carrot":6,"minecraft:beef":8,"minecraft:oak_sapling":1,"minecraft:furnace":6,"minecraft:cooked_cod":6,"minecraft:egg":23,"minecraft:potato":5,"minecraft:cooked_beef":14,"minecraft:cobbled_deepslate":217,"minecraft:calcite":8,"minecraft:wheat_seeds":5,"minecraft:water_bucket":72,"minecraft:diorite":13,"minecraft:amethyst_block":12,"minecraft:spruce_door":2,"minecraft:baked_potato":14,"minecraft:stone_pickaxe":33,"minecraft:oak_planks":146,"minecraft:waxed_oxidized_cut_copper":1,"minecraft:wooden_pickaxe":8,"minecraft:sugar_cane":15,"minecraft:waxed_copper_block":1,"minecraft:oak_leaves":63,"minecraft:crafting_table":20,"minecraft:white_bed":4,"minecraft:shears":86,"minecraft:smoker":6,"minecraft:oak_log":1,"minecraft:diamond_pickaxe":1151,"minecraft:iron_pickaxe":384,"minecraft:gravel":8,"minecraft:stone_axe":58,"minecraft:chiseled_tuff_bricks":1,"minecraft:diamond_sword":97,"minecraft:fishing_rod":7,"minecraft:cobblestone":205,"minecraft:porkchop":3,"minecraft:cooked_porkchop":14,"minecraft:andesite":13,"minecraft:bucket":76,"minecraft:oak_boat":3},"minecraft:killed":{"minecraft:cave_spider":1,"minecraft:witch":1,"minecraft:spider":15,"minecraft:skeleton":13,"minecraft:drowned":1,"minecraft:piglin":1,"minecraft:pig":10,"minecraft:zombie_villager":1,"minecraft:creeper":16,"minecraft:zombie":42,"minecraft:ghast":1,"minecraft:cow":40},"minecraft:picked_up":{"minecraft:crafting_table":18,"minecraft:waxed_oxidized_cut_copper":1,"minecraft:iron_chestplate":2,"minecraft:wheat":5,"minecraft:chicken":2,"minecraft:amethyst_block":12,"minecraft:string":20,"minecraft:iron_axe":2,"minecraft:iron_leggings":2,"minecraft:white_carpet":2,"minecraft:iron_shovel":1,"minecraft:cobbled_deepslate":225,"minecraft:spruce_planks":1,"minecraft:beef":74,"minecraft:oak_boat":2,"minecraft:calcite":8,"minecraft:sugar_cane":23,"minecraft:furnace":5,"minecraft:waxed_oxidized_copper":1,"minecraft:egg":23,"minecraft:sandstone":7,"minecraft:stick":3,"minecraft:raw_iron":397,"minecraft:oak_fence":25,"minecraft:torch":8,"minecraft:porkchop":17,"minecraft:waxed_copper_grate":2,"minecraft:diorite":13,"minecraft:carrot":137,"minecraft:redstone":500,"minecraft:arrow":31,"minecraft:rotten_flesh":24,"minecraft:decorated_pot":14,"minecraft:tuff_bricks":18,"minecraft:obsidian":10,"minecraft:cobblestone":275,"minecraft:cod":6,"minecraft:white_wool":5,"minecraft:andesite":13,"minecraft:water_bucket":1,"minecraft:salmon":1,"minecraft:leather":44,"minecraft:smoker":5,"minecraft:potato":19,"minecraft:flint":5,"minecraft:tuff":21,"minecraft:oak_log":63,"minecraft:waxed_copper_block":1,"minecraft:gunpowder":15,"minecraft:lapis_lazuli":113,"minecraft:dirt":22,"minecraft:bone":7,"minecraft:bow":2,"minecraft:wheat_seeds":23,"minecraft:raw_gold":17,"minecraft:iron_ingot":3,"minecraft:glowstone_dust":1,"minecraft:oak_planks":68,"minecraft:ghast_tear":1,"minecraft:smooth_basalt":3,"minecraft:pumpkin":4,"minecraft:quartz":8,"minecraft:raw_iron_block":4,"minecraft:gravel":8,"minecraft:jungle_planks":1,"minecraft:sand":18,"minecraft:white_bed":3,"minecraft:spruce_log":7,"minecraft:spruce_door":2,"minecraft:spider_eye":4,"minecraft:diamond":46,"minecraft:granite":7,"minecraft:emerald":12,"minecraft:oak_sapling":6,"minecraft:chiseled_tuff_bricks":1,"minecraft:netherrack":309,"minecraft:coal":226,"minecraft:oak_leaves":78,"minecraft:diamond_pickaxe":2,"minecraft:ender_pearl":1},"minecraft:mined":{"minecraft:tuff":25,"minecraft:spruce_planks":1,"minecraft:white_bed":3,"minecraft:deepslate_diamond_ore":46,"minecraft:granite":9,"minecraft:obsidian":10,"minecraft:grass_block":11,"minecraft:decorated_pot":16,"minecraft:jungle_planks":1,"minecraft:redstone_wire":1,"minecraft:spruce_leaves":4,"minecraft:chiseled_tuff_bricks":1,"minecraft:sandstone":7,"minecraft:tuff_bricks":18,"minecraft:raw_iron_block":4,"minecraft:redstone_ore":16,"minecraft:waxed_oxidized_cut_copper":1,"minecraft:furnace":5,"minecraft:carrots":26,"minecraft:waxed_copper_grate":2,"minecraft:iron_ore":124,"minecraft:cobbled_deepslate":6,"minecraft:fire":36,"minecraft:andesite":13,"minecraft:pumpkin":5,"minecraft:deepslate_lapis_ore":8,"minecraft:potatoes":5,"minecraft:deepslate_iron_ore":255,"minecraft:stone":225,"minecraft:deepslate_redstone_ore":95,"minecraft:smoker":5,"minecraft:spruce_door":2,"minecraft:oak_fence":9,"minecraft:crafting_table":18,"minecraft:torch":3,"minecraft:short_grass":32,"minecraft:calcite":8,"minecraft:nether_quartz_ore":8,"minecraft:tall_grass":7,"minecraft:cobblestone":30,"minecraft:lapis_ore":9,"minecraft:deepslate_gold_ore":15,"minecraft:sugar_cane":13,"minecraft:oak_planks":36,"minecraft:diorite":13,"minecraft:wall_torch":2,"minecraft:amethyst_block":12,"minecraft:wheat":5,"minecraft:white_carpet":2,"minecraft:spruce_log":7,"minecraft:waxed_copper_block":1,"minecraft:oak_log":63,"minecraft:coal_ore":127,"minecraft:sand":19,"minecraft:waxed_oxidized_copper":1,"minecraft:gravel":14,"minecraft:dirt":12,"minecraft:smooth_basalt":3,"minecraft:netherrack":267,"minecraft:gold_ore":2,"minecraft:oak_leaves":110,"minecraft:deepslate":202},"minecraft:killed_by":{"minecraft:spider":1,"minecraft:skeleton":1}},"DataVersion":3953}