{"stats":{"minecraft:dropped":{"minecraft:wheat_seeds":3,"minecraft:oak_fence":20,"minecraft:granite":2,"minecraft:stick":10,"minecraft:wooden_axe":1,"minecraft:string":11,"minecraft:bone":4,"minecraft:stone_axe":1,"minecraft:tuff":3,"minecraft:rotten_flesh":8,"minecraft:oak_planks":31,"minecraft:oak_sapling":5,"minecraft:arrow":5,"minecraft:bow":1,"minecraft:wooden_pickaxe":1,"minecraft:stone_pickaxe":1,"minecraft:netherrack":3},"minecraft:custom":{"minecraft:mob_kills":110,"minecraft:animals_bred":2,"minecraft:interact_with_crafting_table":53,"minecraft:open_barrel":12,"minecraft:leave_game":1,"minecraft:time_since_death":47793,"minecraft:climb_one_cm":2515,"minecraft:sprint_one_cm":676182,"minecraft:walk_one_cm":345078,"minecraft:damage_blocked_by_shield":660,"minecraft:drop":41,"minecraft:play_time":204435,"minecraft:deaths":3,"minecraft:sneak_time":11590,"minecraft:walk_under_water_one_cm":18832,"minecraft:boat_one_cm":216086,"minecraft:jump":7379,"minecraft:walk_on_water_one_cm":23649,"minecraft:total_world_time":204435,"minecraft:interact_with_furnace":64,"minecraft:sleep_in_bed":3,"minecraft:time_since_rest":47820,"minecraft:damage_taken":5255,"minecraft:damage_dealt":17245,"minecraft:swim_one_cm":55546,"minecraft:fly_one_cm":1570736,"minecraft:open_chest":78,"minecraft:crouch_one_cm":28514,"minecraft:interact_with_smoker":51,"minecraft:fish_caught":7,"minecraft:fall_one_cm":213096},"minecraft:crafted":{"minecraft:golden_carrot":6,"minecraft:oak_planks":232,"minecraft:cooked_chicken":2,"minecraft:furnace":3,"minecraft:white_carpet":3,"minecraft:flint_and_steel":1,"minecraft:iron_boots":2,"minecraft:iron_axe":2,"minecraft:stone_pickaxe":1,"minecraft:chest":2,"minecraft:oak_fence":18,"minecraft:smoker":1,"minecraft:cooked_beef":42,"minecraft:cooked_cod":6,"minecraft:diamond_sword":1,"minecraft:cooked_porkchop":14,"minecraft:crafting_table":3,"minecraft:spruce_planks":28,"minecraft:iron_helmet":2,"minecraft:wooden_pickaxe":1,"minecraft:baked_potato":14,"minecraft:spruce_door":3,"minecraft:cooked_salmon":1,"minecraft:bucket":4,"minecraft:stone_axe":1,"minecraft:air":0,"minecraft:oak_fence_gate":1,"minecraft:oak_boat":2,"minecraft:iron_chestplate":1,"minecraft:diamond_pickaxe":1,"minecraft:gold_nugget":54,"minecraft:shield":2,"minecraft:stick":56,"minecraft:iron_ingot":82,"minecraft:iron_pickaxe":2,"minecraft:wooden_axe":1,"minecraft:gold_ingot":6,"minecraft:iron_shovel":2,"minecraft:iron_leggings":1,"minecraft:white_bed":1,"minecraft:torch":28,"minecraft:shears":1},"minecraft:used":{"minecraft:oak_fence":23,"minecraft:tuff_bricks":18,"minecraft:iron_shovel":21,"minecraft:flint_and_steel":1,"minecraft:decorated_pot":14,"minecraft:chest":2,"minecraft:shield":13,"minecraft:cooked_salmon":1,"minecraft:cooked_chicken":2,"minecraft:rotten_flesh":5,"minecraft:netherrack":200,"minecraft:torch":32,"minecraft:dirt":10,"minecraft:white_carpet":5,"minecraft:carrot":91,"minecraft:waxed_copper_grate":2,"minecraft:tuff":1,"minecraft:oak_fence_gate":1,"minecraft:obsidian":10,"minecraft:wooden_axe":12,"minecraft:waxed_oxidized_copper":1,"minecraft:iron_axe":220,"minecraft:iron_helmet":2,"minecraft:iron_boots":1,"minecraft:golden_carrot":2,"minecraft:oak_sapling":1,"minecraft:furnace":6,"minecraft:cooked_cod":6,"minecraft:egg":23,"minecraft:potato":5,"minecraft:cooked_beef":14,"minecraft:cobbled_deepslate":67,"minecraft:wheat_seeds":5,"minecraft:water_bucket":69,"minecraft:diorite":12,"minecraft:spruce_door":2,"minecraft:baked_potato":14,"minecraft:stone_pickaxe":33,"minecraft:oak_planks":146,"minecraft:waxed_oxidized_cut_copper":1,"minecraft:wooden_pickaxe":8,"minecraft:sugar_cane":15,"minecraft:waxed_copper_block":1,"minecraft:oak_leaves":63,"minecraft:crafting_table":17,"minecraft:white_bed":4,"minecraft:shears":86,"minecraft:smoker":6,"minecraft:oak_log":1,"minecraft:diamond_pickaxe":610,"minecraft:iron_pickaxe":384,"minecraft:gravel":8,"minecraft:stone_axe":58,"minecraft:chiseled_tuff_bricks":1,"minecraft:diamond_sword":32,"minecraft:fishing_rod":7,"minecraft:cobblestone":183,"minecraft:cooked_porkchop":14,"minecraft:andesite":13,"minecraft:bucket":73,"minecraft:oak_boat":3},"minecraft:killed":{"minecraft:witch":1,"minecraft:spider":14,"minecraft:skeleton":10,"minecraft:drowned":1,"minecraft:piglin":1,"minecraft:pig":10,"minecraft:creeper":10,"minecraft:zombie":34,"minecraft:ghast":1,"minecraft:cow":27},"minecraft:picked_up":{"minecraft:crafting_table":15,"minecraft:waxed_oxidized_cut_copper":1,"minecraft:iron_chestplate":2,"minecraft:wheat":5,"minecraft:chicken":2,"minecraft:string":20,"minecraft:iron_axe":2,"minecraft:iron_leggings":2,"minecraft:white_carpet":2,"minecraft:iron_shovel":1,"minecraft:cobbled_deepslate":106,"minecraft:beef":50,"minecraft:oak_boat":2,"minecraft:sugar_cane":23,"minecraft:furnace":5,"minecraft:waxed_oxidized_copper":1,"minecraft:egg":23,"minecraft:stick":3,"minecraft:raw_iron":173,"minecraft:oak_fence":25,"minecraft:torch":5,"minecraft:porkchop":17,"minecraft:waxed_copper_grate":2,"minecraft:diorite":12,"minecraft:carrot":137,"minecraft:redstone":257,"minecraft:arrow":30,"minecraft:rotten_flesh":17,"minecraft:decorated_pot":14,"minecraft:tuff_bricks":18,"minecraft:obsidian":10,"minecraft:cobblestone":228,"minecraft:cod":6,"minecraft:white_wool":5,"minecraft:andesite":13,"minecraft:water_bucket":1,"minecraft:salmon":1,"minecraft:leather":29,"minecraft:smoker":5,"minecraft:potato":19,"minecraft:flint":5,"minecraft:tuff":4,"minecraft:oak_log":63,"minecraft:waxed_copper_block":1,"minecraft:gunpowder":10,"minecraft:lapis_lazuli":57,"minecraft:dirt":10,"minecraft:bone":5,"minecraft:bow":2,"minecraft:wheat_seeds":23,"minecraft:raw_gold":14,"minecraft:iron_ingot":3,"minecraft:glowstone_dust":1,"minecraft:oak_planks":68,"minecraft:ghast_tear":1,"minecraft:quartz":8,"minecraft:gravel":8,"minecraft:white_bed":3,"minecraft:spruce_log":7,"minecraft:spruce_door":2,"minecraft:spider_eye":2,"minecraft:diamond":34,"minecraft:granite":2,"minecraft:emerald":12,"minecraft:oak_sapling":6,"minecraft:chiseled_tuff_bricks":1,"minecraft:netherrack":309,"minecraft:coal":212,"minecraft:oak_leaves":78,"minecraft:diamond_pickaxe":2,"minecraft:ender_pearl":1},"minecraft:mined":{"minecraft:tuff":8,"minecraft:white_bed":3,"minecraft:deepslate_diamond_ore":34,"minecraft:granite":2,"minecraft:obsidian":10,"minecraft:grass_block":2,"minecraft:decorated_pot":16,"minecraft:spruce_leaves":4,"minecraft:chiseled_tuff_bricks":1,"minecraft:tuff_bricks":18,"minecraft:redstone_ore":15,"minecraft:waxed_oxidized_cut_copper":1,"minecraft:furnace":5,"minecraft:carrots":26,"minecraft:waxed_copper_grate":2,"minecraft:iron_ore":80,"minecraft:cobbled_deepslate":3,"minecraft:fire":36,"minecraft:andesite":13,"minecraft:deepslate_lapis_ore":6,"minecraft:potatoes":5,"minecraft:deepslate_iron_ore":72,"minecraft:stone":177,"minecraft:deepslate_redstone_ore":42,"minecraft:smoker":5,"minecraft:spruce_door":2,"minecraft:oak_fence":9,"minecraft:crafting_table":15,"minecraft:torch":3,"minecraft:short_grass":30,"minecraft:nether_quartz_ore":8,"minecraft:tall_grass":7,"minecraft:cobblestone":30,"minecraft:lapis_ore":3,"minecraft:deepslate_gold_ore":12,"minecraft:sugar_cane":13,"minecraft:oak_planks":36,"minecraft:diorite":12,"minecraft:wall_torch":1,"minecraft:wheat":5,"minecraft:white_carpet":2,"minecraft:spruce_log":7,"minecraft:waxed_copper_block":1,"minecraft:oak_log":63,"minecraft:coal_ore":113,"minecraft:waxed_oxidized_copper":1,"minecraft:gravel":13,"minecraft:dirt":8,"minecraft:netherrack":267,"minecraft:gold_ore":2,"minecraft:oak_leaves":110,"minecraft:deepslate":90},"minecraft:killed_by":{"minecraft:spider":1,"minecraft:skeleton":1}},"DataVersion":3953}