{"stats":{"minecraft:dropped":{"minecraft:jungle_planks":1,"minecraft:mutton":1,"minecraft:bone_meal":10,"minecraft:sand":18,"minecraft:bone":6,"minecraft:gravel":1,"minecraft:stone_axe":1,"minecraft:rotten_flesh":22,"minecraft:oak_planks":31,"minecraft:arrow":5,"minecraft:netherrack":3,"minecraft:wheat_seeds":6,"minecraft:oak_fence":20,"minecraft:granite":4,"minecraft:stick":13,"minecraft:torch":1,"minecraft:wooden_axe":1,"minecraft:string":15,"minecraft:tuff":5,"minecraft:shears":1,"minecraft:iron_chestplate":1,"minecraft:oak_sapling":5,"minecraft:spider_eye":1,"minecraft:bow":1,"minecraft:stone_pickaxe":1,"minecraft:wooden_pickaxe":1},"minecraft:custom":{"minecraft:animals_bred":2,"minecraft:interact_with_crafting_table":85,"minecraft:open_barrel":12,"minecraft:leave_game":2,"minecraft:time_since_death":2767,"minecraft:sprint_one_cm":1069000,"minecraft:damage_blocked_by_shield":975,"minecraft:drop":67,"minecraft:play_noteblock":1,"minecraft:play_time":368796,"minecraft:deaths":4,"minecraft:jump":11661,"minecraft:walk_on_water_one_cm":39897,"minecraft:interact_with_furnace":115,"minecraft:sleep_in_bed":4,"minecraft:damage_dealt":31030,"minecraft:crouch_one_cm":49934,"minecraft:interact_with_smoker":62,"minecraft:mob_kills":191,"minecraft:climb_one_cm":9148,"minecraft:walk_one_cm":642159,"minecraft:sneak_time":20312,"minecraft:walk_under_water_one_cm":42843,"minecraft:boat_one_cm":230780,"minecraft:total_world_time":368796,"minecraft:time_since_rest":2795,"minecraft:damage_taken":8317,"minecraft:swim_one_cm":71190,"minecraft:fly_one_cm":2450750,"minecraft:open_chest":209,"minecraft:fish_caught":7,"minecraft:fall_one_cm":332507},"minecraft:crafted":{"minecraft:oak_planks":232,"minecraft:cobblestone_slab":18,"minecraft:cooked_chicken":2,"minecraft:lever":1,"minecraft:hopper":10,"minecraft:glass":10,"minecraft:repeater":4,"minecraft:iron_boots":2,"minecraft:chest":32,"minecraft:oak_fence":18,"minecraft:raw_iron_block":28,"minecraft:smoker":1,"minecraft:cooked_porkchop":14,"minecraft:crafting_table":4,"minecraft:spruce_planks":392,"minecraft:baked_potato":14,"minecraft:wooden_pickaxe":1,"minecraft:iron_helmet":2,"minecraft:spruce_door":3,"minecraft:tnt":1,"minecraft:spruce_trapdoor":4,"minecraft:iron_chestplate":1,"minecraft:diamond_pickaxe":1,"minecraft:shield":2,"minecraft:stick":104,"minecraft:iron_ingot":404,"minecraft:iron_pickaxe":2,"minecraft:gold_ingot":6,"minecraft:redstone_torch":8,"minecraft:shears":3,"minecraft:golden_carrot":6,"minecraft:raw_iron":288,"minecraft:furnace":7,"minecraft:stone_button":1,"minecraft:piston":3,"minecraft:bone_meal":18,"minecraft:white_carpet":3,"minecraft:flint_and_steel":1,"minecraft:iron_axe":2,"minecraft:ladder":6,"minecraft:stone_pickaxe":1,"minecraft:spruce_boat":1,"minecraft:redstone_block":25,"minecraft:observer":8,"minecraft:cooked_beef":68,"minecraft:cooked_cod":6,"minecraft:diamond_sword":1,"minecraft:spruce_sign":3,"minecraft:cooked_salmon":1,"minecraft:bucket":22,"minecraft:stone_axe":1,"minecraft:air":0,"minecraft:oak_fence_gate":1,"minecraft:oak_boat":2,"minecraft:gold_nugget":54,"minecraft:white_dye":3,"minecraft:wooden_axe":1,"minecraft:iron_shovel":4,"minecraft:iron_leggings":1,"minecraft:white_bed":1,"minecraft:note_block":3,"minecraft:torch":76,"minecraft:diamond_chestplate":1},"minecraft:used":{"minecraft:tuff_bricks":18,"minecraft:iron_shovel":703,"minecraft:ladder":4,"minecraft:shield":18,"minecraft:decorated_pot":14,"minecraft:chest":22,"minecraft:rotten_flesh":9,"minecraft:lily_of_the_valley":1,"minecraft:carrot":130,"minecraft:waxed_copper_grate":2,"minecraft:tuff":16,"minecraft:azure_bluet":2,"minecraft:obsidian":11,"minecraft:spruce_boat":1,"minecraft:glass":10,"minecraft:waxed_oxidized_copper":1,"minecraft:lava_bucket":22,"minecraft:iron_helmet":3,"minecraft:repeater":4,"minecraft:furnace":12,"minecraft:oak_sapling":1,"minecraft:cooked_cod":6,"minecraft:egg":26,"minecraft:potato":5,"minecraft:diorite":13,"minecraft:spruce_door":2,"minecraft:stone_pickaxe":33,"minecraft:oak_planks":146,"minecraft:wooden_pickaxe":8,"minecraft:sugar_cane":23,"minecraft:oak_leaves":123,"minecraft:sand":1,"minecraft:note_block":3,"minecraft:shears":164,"minecraft:lever":1,"minecraft:stone_button":1,"minecraft:gravel":8,"minecraft:chiseled_tuff_bricks":1,"minecraft:diamond_sword":230,"minecraft:andesite":13,"minecraft:oak_boat":3,"minecraft:bone_meal":5,"minecraft:oak_fence":23,"minecraft:flint_and_steel":1,"minecraft:redstone":4,"minecraft:spruce_planks":1,"minecraft:cooked_salmon":1,"minecraft:cooked_chicken":2,"minecraft:netherrack":200,"minecraft:torch":85,"minecraft:dirt":131,"minecraft:white_carpet":5,"minecraft:hopper":11,"minecraft:granite":3,"minecraft:oak_fence_gate":1,"minecraft:wooden_axe":12,"minecraft:iron_axe":334,"minecraft:iron_boots":1,"minecraft:smooth_basalt":3,"minecraft:bamboo":10,"minecraft:diamond_chestplate":2,"minecraft:golden_carrot":6,"minecraft:beef":8,"minecraft:cooked_beef":40,"minecraft:cobbled_deepslate":217,"minecraft:observer":8,"minecraft:calcite":8,"minecraft:wheat_seeds":5,"minecraft:water_bucket":209,"minecraft:amethyst_block":12,"minecraft:baked_potato":14,"minecraft:waxed_oxidized_cut_copper":1,"minecraft:spruce_sign":5,"minecraft:white_dye":3,"minecraft:cobblestone_slab":15,"minecraft:waxed_copper_block":1,"minecraft:tnt":1,"minecraft:crafting_table":22,"minecraft:white_bed":4,"minecraft:smoker":6,"minecraft:oak_log":1,"minecraft:piston":3,"minecraft:diamond_pickaxe":1375,"minecraft:iron_pickaxe":384,"minecraft:spruce_trapdoor":5,"minecraft:spruce_sapling":6,"minecraft:stone_axe":58,"minecraft:fishing_rod":7,"minecraft:cobblestone":287,"minecraft:cooked_porkchop":14,"minecraft:porkchop":3,"minecraft:bucket":235,"minecraft:dandelion":12},"minecraft:broken":{"minecraft:iron_shovel":2},"minecraft:killed":{"minecraft:cave_spider":1,"minecraft:witch":1,"minecraft:spider":24,"minecraft:skeleton":20,"minecraft:piglin":3,"minecraft:pig":10,"minecraft:zombie_villager":1,"minecraft:creeper":21,"minecraft:zombie":62,"minecraft:ghast":1,"minecraft:cow":41,"minecraft:phantom":4,"minecraft:drowned":1},"minecraft:picked_up":{"minecraft:iron_chestplate":2,"minecraft:wheat":5,"minecraft:diamond_sword":1,"minecraft:amethyst_block":12,"minecraft:string":24,"minecraft:iron_leggings":3,"minecraft:cobbled_deepslate":225,"minecraft:bucket":2,"minecraft:spruce_planks":50,"minecraft:cobblestone_slab":7,"minecraft:calcite":8,"minecraft:iron_boots":1,"minecraft:furnace":7,"minecraft:stick":19,"minecraft:oak_fence":25,"minecraft:torch":10,"minecraft:porkchop":17,"minecraft:waxed_copper_grate":2,"minecraft:diorite":13,"minecraft:rotten_flesh":45,"minecraft:obsidian":11,"minecraft:cod":6,"minecraft:cobblestone":517,"minecraft:water_bucket":2,"minecraft:andesite":13,"minecraft:smoker":5,"minecraft:potato":19,"minecraft:flint":5,"minecraft:tuff":21,"minecraft:dirt":633,"minecraft:lapis_lazuli":113,"minecraft:bone":12,"minecraft:bow":2,"minecraft:wheat_seeds":42,"minecraft:raw_gold":17,"minecraft:glowstone_dust":1,"minecraft:bamboo":9,"minecraft:oak_planks":68,"minecraft:ghast_tear":1,"minecraft:sand":34,"minecraft:jungle_planks":1,"minecraft:lily_of_the_valley":1,"minecraft:diamond":46,"minecraft:granite":7,"minecraft:spruce_sign":2,"minecraft:emerald":14,"minecraft:oak_sapling":6,"minecraft:netherrack":309,"minecraft:oak_leaves":154,"minecraft:diamond_pickaxe":3,"minecraft:waxed_oxidized_cut_copper":1,"minecraft:crafting_table":18,"minecraft:azure_bluet":2,"minecraft:chicken":2,"minecraft:shield":1,"minecraft:iron_axe":3,"minecraft:white_carpet":2,"minecraft:iron_shovel":2,"minecraft:beef":76,"minecraft:oak_boat":2,"minecraft:sugar_cane":23,"minecraft:egg":26,"minecraft:spruce_trapdoor":1,"minecraft:phantom_membrane":2,"minecraft:waxed_oxidized_copper":1,"minecraft:raw_iron":397,"minecraft:sandstone":7,"minecraft:stone":32,"minecraft:carrot":226,"minecraft:redstone":500,"minecraft:arrow":39,"minecraft:diamond_chestplate":1,"minecraft:decorated_pot":14,"minecraft:shears":1,"minecraft:tuff_bricks":18,"minecraft:mutton":1,"minecraft:white_wool":5,"minecraft:salmon":1,"minecraft:leather":45,"minecraft:oak_log":63,"minecraft:waxed_copper_block":1,"minecraft:gunpowder":17,"minecraft:iron_ingot":3,"minecraft:smooth_basalt":3,"minecraft:pumpkin":11,"minecraft:quartz":8,"minecraft:dandelion":16,"minecraft:raw_iron_block":4,"minecraft:gravel":9,"minecraft:spruce_sapling":7,"minecraft:white_bed":3,"minecraft:spruce_log":98,"minecraft:spider_eye":8,"minecraft:spruce_door":2,"minecraft:iron_helmet":1,"minecraft:coal":266,"minecraft:chiseled_tuff_bricks":1,"minecraft:hopper":2,"minecraft:ender_pearl":2},"minecraft:mined":{"minecraft:spruce_planks":1,"minecraft:white_bed":3,"minecraft:obsidian":11,"minecraft:spruce_trapdoor":1,"minecraft:granite":9,"minecraft:grass_block":575,"minecraft:chiseled_tuff_bricks":1,"minecraft:hopper":2,"minecraft:tuff_bricks":18,"minecraft:raw_iron_block":4,"minecraft:fire":44,"minecraft:iron_ore":124,"minecraft:cobbled_deepslate":6,"minecraft:pumpkin":11,"minecraft:deepslate_lapis_ore":8,"minecraft:deepslate_redstone_ore":95,"minecraft:smoker":5,"minecraft:torch":4,"minecraft:calcite":8,"minecraft:nether_quartz_ore":8,"minecraft:cobblestone":38,"minecraft:oak_planks":36,"minecraft:sugar_cane":13,"minecraft:wall_torch":2,"minecraft:spruce_sign":2,"minecraft:amethyst_block":12,"minecraft:wheat":5,"minecraft:waxed_copper_block":1,"minecraft:oak_log":63,"minecraft:waxed_oxidized_copper":1,"minecraft:sand":35,"minecraft:dirt":63,"minecraft:smooth_basalt":3,"minecraft:netherrack":267,"minecraft:oak_leaves":191,"minecraft:deepslate":202,"minecraft:tuff":25,"minecraft:deepslate_diamond_ore":46,"minecraft:decorated_pot":16,"minecraft:jungle_planks":1,"minecraft:redstone_wire":1,"minecraft:spruce_leaves":17,"minecraft:sandstone":7,"minecraft:redstone_ore":16,"minecraft:waxed_oxidized_cut_copper":1,"minecraft:spruce_sapling":1,"minecraft:furnace":7,"minecraft:carrots":42,"minecraft:waxed_copper_grate":2,"minecraft:andesite":13,"minecraft:potatoes":5,"minecraft:deepslate_iron_ore":255,"minecraft:cobblestone_slab":2,"minecraft:bamboo":1,"minecraft:stone":409,"minecraft:lily_of_the_valley":1,"minecraft:dandelion":2,"minecraft:spruce_door":2,"minecraft:oak_fence":9,"minecraft:crafting_table":18,"minecraft:short_grass":70,"minecraft:tall_grass":8,"minecraft:deepslate_gold_ore":15,"minecraft:lapis_ore":9,"minecraft:diorite":13,"minecraft:white_carpet":2,"minecraft:spruce_log":98,"minecraft:coal_ore":151,"minecraft:gravel":15,"minecraft:gold_ore":2},"minecraft:killed_by":{"minecraft:spider":1,"minecraft:skeleton":1}},"DataVersion":3953}