{"stats":{"minecraft:used":{"minecraft:stone_pickaxe":40,"minecraft:spruce_planks":2,"minecraft:wooden_pickaxe":12,"minecraft:stone_axe":20,"minecraft:dirt":11,"minecraft:cobblestone":10,"minecraft:crafting_table":1,"minecraft:furnace":1,"minecraft:cooked_beef":2,"minecraft:snowball":13,"minecraft:pumpkin":1},"minecraft:crafted":{"minecraft:cooked_beef":2,"minecraft:crafting_table":1,"minecraft:spruce_planks":28,"minecraft:stick":8,"minecraft:wooden_pickaxe":1,"minecraft:stone_pickaxe":1,"minecraft:furnace":1,"minecraft:air":0,"minecraft:stone_axe":1},"minecraft:custom":{"minecraft:time_since_rest":6294,"minecraft:interact_with_furnace":5,"minecraft:sprint_one_cm":54448,"minecraft:damage_taken":328,"minecraft:walk_one_cm":39104,"minecraft:mob_kills":9,"minecraft:drop":1,"minecraft:damage_dealt":941,"minecraft:swim_one_cm":2205,"minecraft:interact_with_crafting_table":4,"minecraft:fly_one_cm":94416,"minecraft:open_chest":1,"minecraft:crouch_one_cm":7408,"minecraft:play_time":31017,"minecraft:deaths":1,"minecraft:sneak_time":2187,"minecraft:walk_under_water_one_cm":4387,"minecraft:jump":469,"minecraft:leave_game":1,"minecraft:time_since_death":6269,"minecraft:walk_on_water_one_cm":2649,"minecraft:total_world_time":31017,"minecraft:fall_one_cm":15911},"minecraft:mined":{"minecraft:large_fern":1,"minecraft:brown_mushroom":3,"minecraft:furnace":1,"minecraft:spruce_log":8,"minecraft:pumpkin":2,"minecraft:crafting_table":1,"minecraft:glow_lichen":1,"minecraft:grass":1,"minecraft:grass_block":6,"minecraft:coal_ore":8,"minecraft:chest":1,"minecraft:gravel":4,"minecraft:dirt":6,"minecraft:spruce_leaves":2,"minecraft:stone":39,"minecraft:netherrack":4,"minecraft:sugar_cane":6,"minecraft:fern":1},"minecraft:dropped":{"minecraft:wooden_pickaxe":1},"minecraft:killed_by":{"minecraft:skeleton":1},"minecraft:killed":{"minecraft:sheep":3,"minecraft:zombie":1,"minecraft:cow":5},"minecraft:picked_up":{"minecraft:stick":2,"minecraft:crafting_table":2,"minecraft:cooked_beef":1,"minecraft:pumpkin":3,"minecraft:leather":8,"minecraft:brown_mushroom":6,"minecraft:gravel":2,"minecraft:flint":4,"minecraft:golden_axe":1,"minecraft:spruce_log":7,"minecraft:dirt":22,"minecraft:flint_and_steel":1,"minecraft:rotten_flesh":2,"minecraft:stone_axe":1,"minecraft:spruce_planks":15,"minecraft:beef":19,"minecraft:stone_pickaxe":1,"minecraft:iron_nugget":3,"minecraft:sugar_cane":13,"minecraft:mutton":5,"minecraft:netherrack":2,"minecraft:chest":1,"minecraft:snowball":33,"minecraft:coal":23,"minecraft:white_wool":3,"minecraft:cobblestone":53,"minecraft:furnace":1}},"DataVersion":3463}