{"stats":{"minecraft:used":{"minecraft:flint_and_steel":7,"minecraft:spruce_planks":2,"minecraft:chest":1,"minecraft:shield":2,"minecraft:torch":12,"minecraft:dirt":20,"minecraft:spruce_fence":13,"minecraft:axolotl_bucket":1,"minecraft:snowball":29,"minecraft:iron_axe":53,"minecraft:iron_helmet":1,"minecraft:bow":3,"minecraft:sweet_berries":1,"minecraft:furnace":5,"minecraft:cooked_beef":9,"minecraft:cobbled_deepslate":1,"minecraft:pumpkin":1,"minecraft:wheat_seeds":1,"minecraft:water_bucket":10,"minecraft:cobblestone_stairs":1,"minecraft:stone_pickaxe":76,"minecraft:wooden_pickaxe":12,"minecraft:sugar_cane":23,"minecraft:white_wool":1,"minecraft:sand":1,"minecraft:crafting_table":5,"minecraft:blast_furnace":1,"minecraft:smoker":1,"minecraft:spruce_log":2,"minecraft:bread":3,"minecraft:iron_pickaxe":34,"minecraft:gravel":2,"minecraft:stone_axe":70,"minecraft:cobblestone":27,"minecraft:purple_bed":1,"minecraft:bucket":17,"minecraft:tropical_fish_bucket":5},"minecraft:crafted":{"minecraft:furnace":1,"minecraft:spruce_fence":48,"minecraft:white_carpet":6,"minecraft:iron_axe":1,"minecraft:stone_pickaxe":1,"minecraft:cooked_beef":5,"minecraft:crafting_table":1,"minecraft:spruce_planks":220,"minecraft:wooden_pickaxe":1,"minecraft:bucket":1,"minecraft:stone_axe":1,"minecraft:air":0,"minecraft:shield":1,"minecraft:stick":68,"minecraft:iron_ingot":19,"minecraft:iron_pickaxe":1,"minecraft:torch":8},"minecraft:custom":{"minecraft:mob_kills":29,"minecraft:interact_with_crafting_table":12,"minecraft:open_barrel":3,"minecraft:leave_game":1,"minecraft:time_since_death":16248,"minecraft:climb_one_cm":439,"minecraft:sprint_one_cm":212015,"minecraft:walk_one_cm":131728,"minecraft:damage_blocked_by_shield":20,"minecraft:drop":17,"minecraft:play_time":73017,"minecraft:deaths":2,"minecraft:sneak_time":4476,"minecraft:walk_under_water_one_cm":6525,"minecraft:jump":1463,"minecraft:interact_with_blast_furnace":7,"minecraft:walk_on_water_one_cm":14495,"minecraft:total_world_time":73017,"minecraft:interact_with_furnace":21,"minecraft:sleep_in_bed":1,"minecraft:time_since_rest":3377,"minecraft:damage_taken":1250,"minecraft:damage_dealt":4053,"minecraft:swim_one_cm":12265,"minecraft:fly_one_cm":312042,"minecraft:open_chest":25,"minecraft:crouch_one_cm":15084,"minecraft:interact_with_smoker":1,"minecraft:fall_one_cm":41008},"minecraft:mined":{"minecraft:mossy_cobblestone":1,"minecraft:cobblestone_stairs":2,"minecraft:glow_lichen":1,"minecraft:spruce_fence":1,"minecraft:grass_block":6,"minecraft:spruce_leaves":18,"minecraft:large_fern":9,"minecraft:furnace":4,"minecraft:iron_ore":21,"minecraft:pumpkin":2,"minecraft:stone":40,"minecraft:white_wool":1,"minecraft:deepslate_redstone_ore":2,"minecraft:brown_mushroom":43,"minecraft:smoker":1,"minecraft:crafting_table":4,"minecraft:torch":5,"minecraft:blast_furnace":1,"minecraft:chest":1,"minecraft:cobblestone":1,"minecraft:deepslate_gold_ore":7,"minecraft:sugar_cane":11,"minecraft:wall_torch":2,"minecraft:purple_bed":1,"minecraft:birch_log":2,"minecraft:wheat":1,"minecraft:sweet_berry_bush":2,"minecraft:spruce_log":56,"minecraft:grass":4,"minecraft:coal_ore":19,"minecraft:dirt":6,"minecraft:gravel":4,"minecraft:sand":1,"minecraft:netherrack":4,"minecraft:deepslate":6,"minecraft:fern":10},"minecraft:dropped":{"minecraft:moss_block":2,"minecraft:wheat_seeds":4,"minecraft:mossy_cobblestone":1,"minecraft:golden_axe":1,"minecraft:cobblestone_stairs":2,"minecraft:dirt":1,"minecraft:snowball":20,"minecraft:flowering_azalea":1,"minecraft:azalea":3,"minecraft:stone_pickaxe":1,"minecraft:wooden_pickaxe":1,"minecraft:netherrack":2},"minecraft:killed_by":{"minecraft:skeleton":1},"minecraft:killed":{"minecraft:spider":4,"minecraft:skeleton":2,"minecraft:sheep":8,"minecraft:zombie":8,"minecraft:cow":6},"minecraft:broken":{"minecraft:stone_axe":1},"minecraft:picked_up":{"minecraft:crafting_table":6,"minecraft:wheat":1,"minecraft:brown_mushroom":91,"minecraft:shield":1,"minecraft:string":4,"minecraft:moss_carpet":4,"minecraft:flint_and_steel":2,"minecraft:cobbled_deepslate":12,"minecraft:spruce_planks":22,"minecraft:beef":28,"minecraft:azalea":3,"minecraft:iron_nugget":30,"minecraft:iron_pickaxe":1,"minecraft:chest":2,"minecraft:sugar_cane":40,"minecraft:furnace":5,"minecraft:raw_iron":52,"minecraft:stick":6,"minecraft:torch":10,"minecraft:spruce_fence":1,"minecraft:golden_axe":1,"minecraft:redstone":16,"minecraft:golden_chestplate":1,"minecraft:arrow":3,"minecraft:rotten_flesh":15,"minecraft:mutton":30,"minecraft:snowball":49,"minecraft:white_wool":17,"minecraft:cobblestone":55,"minecraft:birch_log":2,"minecraft:cooked_beef":1,"minecraft:leather":17,"minecraft:smoker":1,"minecraft:flint":8,"minecraft:cobblestone_stairs":3,"minecraft:dirt":22,"minecraft:bone":2,"minecraft:bow":2,"minecraft:wheat_seeds":7,"minecraft:raw_gold":12,"minecraft:stone_pickaxe":1,"minecraft:iron_ingot":5,"minecraft:moss_block":2,"minecraft:flowering_azalea":1,"minecraft:tropical_fish_bucket":1,"minecraft:pumpkin":4,"minecraft:sweet_berries":9,"minecraft:gravel":2,"minecraft:sand":1,"minecraft:blast_furnace":1,"minecraft:spruce_log":53,"minecraft:spider_eye":6,"minecraft:mossy_cobblestone":1,"minecraft:purple_bed":1,"minecraft:stone_axe":1,"minecraft:netherrack":2,"minecraft:coal":68}},"DataVersion":3463}