{"stats":{"minecraft:crafted":{"minecraft:oak_planks":36},"minecraft:custom":{"minecraft:time_since_rest":22498,"minecraft:crouch_one_cm":1466,"minecraft:play_time":22498,"minecraft:sprint_one_cm":10799,"minecraft:damage_taken":140,"minecraft:walk_one_cm":7668,"minecraft:sneak_time":569,"minecraft:walk_under_water_one_cm":42,"minecraft:jump":83,"minecraft:time_since_death":22498,"minecraft:walk_on_water_one_cm":375,"minecraft:total_world_time":22498,"minecraft:swim_one_cm":1529,"minecraft:fall_one_cm":2424,"minecraft:fly_one_cm":11312},"minecraft:mined":{"minecraft:oak_log":9,"minecraft:sand":9,"minecraft:birch_leaves":1,"minecraft:oak_leaves":24},"minecraft:picked_up":{"minecraft:sand":9,"minecraft:oak_log":9,"minecraft:oak_sapling":1},"minecraft:used":{"minecraft:sand":2,"minecraft:oak_sapling":1,"minecraft:oak_planks":16}},"DataVersion":3953}