{"stats":{"minecraft:used":{"minecraft:pumpkin":1},"minecraft:custom":{"minecraft:jump":32,"minecraft:time_since_rest":7017,"minecraft:damage_dealt":10,"minecraft:crouch_one_cm":660,"minecraft:leave_game":1,"minecraft:play_time":7017,"minecraft:sprint_one_cm":2896,"minecraft:time_since_death":7017,"minecraft:walk_one_cm":2263,"minecraft:sneak_time":155,"minecraft:total_world_time":7017,"minecraft:fall_one_cm":267,"minecraft:fly_one_cm":6809},"minecraft:mined":{"minecraft:spruce_log":1,"minecraft:pumpkin":1},"minecraft:picked_up":{"minecraft:pumpkin":1}},"DataVersion":3463}