{"stats":{"minecraft:used":{"minecraft:iron_shovel":21,"minecraft:flint_and_steel":7,"minecraft:ladder":6,"minecraft:spruce_planks":114,"minecraft:chest":1,"minecraft:shield":15,"minecraft:torch":14,"minecraft:dirt":39,"minecraft:white_carpet":6,"minecraft:spruce_fence":39,"minecraft:axolotl_bucket":1,"minecraft:snowball":29,"minecraft:spruce_boat":2,"minecraft:iron_axe":160,"minecraft:iron_helmet":1,"minecraft:iron_boots":1,"minecraft:bow":3,"minecraft:sweet_berries":1,"minecraft:furnace":5,"minecraft:minecart":3,"minecraft:potato":39,"minecraft:cooked_beef":9,"minecraft:cobbled_deepslate":1,"minecraft:pumpkin":1,"minecraft:wheat_seeds":10,"minecraft:cooked_mutton":1,"minecraft:water_bucket":10,"minecraft:diorite":9,"minecraft:cobblestone_stairs":1,"minecraft:stone_pickaxe":76,"minecraft:cartography_table":1,"minecraft:wooden_pickaxe":12,"minecraft:blue_bed":3,"minecraft:sugar_cane":25,"minecraft:white_wool":1,"minecraft:sand":1,"minecraft:rail":73,"minecraft:crafting_table":7,"minecraft:blast_furnace":1,"minecraft:white_bed":2,"minecraft:smoker":1,"minecraft:spruce_log":2,"minecraft:bread":18,"minecraft:iron_pickaxe":503,"minecraft:spruce_sapling":2,"minecraft:gravel":2,"minecraft:stone_axe":70,"minecraft:cobblestone":49,"minecraft:purple_bed":1,"minecraft:bucket":18,"minecraft:tropical_fish_bucket":6,"minecraft:bone_meal":42},"minecraft:crafted":{"minecraft:furnace":1,"minecraft:bone_meal":45,"minecraft:spruce_fence":48,"minecraft:white_carpet":6,"minecraft:cooked_mutton":0,"minecraft:iron_axe":1,"minecraft:ladder":6,"minecraft:stone_pickaxe":1,"minecraft:spruce_boat":1,"minecraft:rail":32,"minecraft:minecart":1,"minecraft:cooked_beef":5,"minecraft:crafting_table":2,"minecraft:spruce_planks":272,"minecraft:wooden_pickaxe":1,"minecraft:bucket":1,"minecraft:stone_axe":1,"minecraft:air":0,"minecraft:cartography_table":1,"minecraft:paper":3,"minecraft:shield":1,"minecraft:stick":72,"minecraft:iron_ingot":22,"minecraft:iron_pickaxe":2,"minecraft:iron_shovel":1,"minecraft:white_bed":2,"minecraft:torch":8,"minecraft:shears":1},"minecraft:custom":{"minecraft:mob_kills":59,"minecraft:animals_bred":4,"minecraft:interact_with_crafting_table":21,"minecraft:open_barrel":13,"minecraft:leave_game":1,"minecraft:time_since_death":18478,"minecraft:climb_one_cm":4085,"minecraft:sprint_one_cm":352781,"minecraft:walk_one_cm":318505,"minecraft:damage_blocked_by_shield":425,"minecraft:drop":25,"minecraft:talked_to_villager":2,"minecraft:play_time":121017,"minecraft:deaths":3,"minecraft:sneak_time":9727,"minecraft:walk_under_water_one_cm":9508,"minecraft:jump":2337,"minecraft:interact_with_blast_furnace":8,"minecraft:walk_on_water_one_cm":16144,"minecraft:total_world_time":121017,"minecraft:interact_with_furnace":24,"minecraft:sleep_in_bed":2,"minecraft:time_since_rest":18508,"minecraft:damage_taken":1966,"minecraft:damage_dealt":9353,"minecraft:player_kills":1,"minecraft:swim_one_cm":12896,"minecraft:fly_one_cm":516524,"minecraft:open_chest":42,"minecraft:crouch_one_cm":41909,"minecraft:interact_with_smoker":3,"minecraft:fall_one_cm":61956},"minecraft:mined":{"minecraft:spruce_planks":6,"minecraft:mossy_cobblestone":2,"minecraft:cobblestone_stairs":2,"minecraft:spruce_trapdoor":6,"minecraft:glow_lichen":1,"minecraft:spruce_fence":10,"minecraft:grass_block":7,"minecraft:sandstone":9,"minecraft:spruce_leaves":19,"minecraft:large_fern":12,"minecraft:spruce_sapling":1,"minecraft:furnace":4,"minecraft:iron_ore":21,"minecraft:pumpkin":2,"minecraft:potatoes":11,"minecraft:rail":73,"minecraft:water_cauldron":2,"minecraft:stone":232,"minecraft:white_wool":1,"minecraft:deepslate_redstone_ore":2,"minecraft:glass_pane":3,"minecraft:brown_mushroom":45,"minecraft:smoker":1,"minecraft:spruce_door":1,"minecraft:crafting_table":5,"minecraft:torch":5,"minecraft:blast_furnace":1,"minecraft:poppy":1,"minecraft:chest":2,"minecraft:copper_ore":7,"minecraft:cobblestone":23,"minecraft:deepslate_gold_ore":7,"minecraft:grindstone":2,"minecraft:sugar_cane":49,"minecraft:diorite":161,"minecraft:blue_bed":3,"minecraft:wall_torch":2,"minecraft:purple_bed":1,"minecraft:birch_log":2,"minecraft:wheat":10,"minecraft:sweet_berry_bush":2,"minecraft:white_carpet":1,"minecraft:spruce_log":68,"minecraft:grass":6,"minecraft:coal_ore":19,"minecraft:dirt":22,"minecraft:gravel":11,"minecraft:sand":5,"minecraft:netherrack":4,"minecraft:deepslate":6,"minecraft:fern":12},"minecraft:dropped":{"minecraft:moss_block":2,"minecraft:wheat_seeds":7,"minecraft:mossy_cobblestone":1,"minecraft:golden_axe":1,"minecraft:spruce_door":1,"minecraft:cobblestone_stairs":2,"minecraft:dirt":1,"minecraft:snowball":20,"minecraft:bone_meal":3,"minecraft:flowering_azalea":1,"minecraft:sugar_cane":1,"minecraft:spruce_fence":19,"minecraft:poppy":1,"minecraft:azalea":3,"minecraft:stone_pickaxe":1,"minecraft:wooden_pickaxe":1,"minecraft:netherrack":2},"minecraft:killed_by":{"minecraft:skeleton":2},"minecraft:killed":{"minecraft:spider":12,"minecraft:skeleton":10,"minecraft:sheep":8,"minecraft:zombie":21,"minecraft:cow":6},"minecraft:broken":{"minecraft:stone_axe":1,"minecraft:iron_pickaxe":2,"minecraft:golden_chestplate":1},"minecraft:picked_up":{"minecraft:crafting_table":7,"minecraft:wheat":11,"minecraft:brown_mushroom":93,"minecraft:shield":2,"minecraft:raw_copper":26,"minecraft:string":16,"minecraft:moss_carpet":4,"minecraft:iron_axe":1,"minecraft:flint_and_steel":2,"minecraft:iron_leggings":1,"minecraft:cobbled_deepslate":12,"minecraft:spruce_planks":78,"minecraft:beef":28,"minecraft:minecart":4,"minecraft:azalea":3,"minecraft:iron_nugget":30,"minecraft:poppy":1,"minecraft:iron_pickaxe":2,"minecraft:chest":4,"minecraft:sugar_cane":77,"minecraft:spruce_trapdoor":6,"minecraft:iron_boots":1,"minecraft:furnace":5,"minecraft:raw_iron":52,"minecraft:stick":16,"minecraft:sandstone":9,"minecraft:torch":15,"minecraft:spruce_fence":34,"minecraft:golden_axe":1,"minecraft:diorite":161,"minecraft:redstone":16,"minecraft:golden_chestplate":2,"minecraft:cauldron":2,"minecraft:arrow":18,"minecraft:rotten_flesh":35,"minecraft:mutton":30,"minecraft:rail":105,"minecraft:snowball":49,"minecraft:white_wool":21,"minecraft:cobblestone":256,"minecraft:birch_log":2,"minecraft:cooked_beef":1,"minecraft:leather":17,"minecraft:smoker":1,"minecraft:potato":39,"minecraft:flint":10,"minecraft:gunpowder":2,"minecraft:cobblestone_stairs":3,"minecraft:blue_bed":3,"minecraft:dirt":61,"minecraft:leather_boots":1,"minecraft:bone":16,"minecraft:bow":3,"minecraft:wheat_seeds":35,"minecraft:raw_gold":12,"minecraft:grindstone":4,"minecraft:stone_pickaxe":1,"minecraft:iron_ingot":5,"minecraft:moss_block":2,"minecraft:flowering_azalea":1,"minecraft:tropical_fish_bucket":1,"minecraft:pumpkin":4,"minecraft:sweet_berries":9,"minecraft:gravel":7,"minecraft:sand":5,"minecraft:spruce_sapling":4,"minecraft:blast_furnace":1,"minecraft:spruce_log":66,"minecraft:leather_helmet":1,"minecraft:spruce_door":1,"minecraft:spider_eye":8,"minecraft:mossy_cobblestone":2,"minecraft:purple_bed":1,"minecraft:spruce_boat":3,"minecraft:stone_axe":1,"minecraft:iron_helmet":1,"minecraft:bread":9,"minecraft:netherrack":2,"minecraft:coal":68}},"DataVersion":3463}