{"stats":{"minecraft:dropped":{"minecraft:iron_sword":1,"minecraft:porkchop":1,"minecraft:baked_potato":4,"minecraft:cod":2,"minecraft:emerald":2,"minecraft:spruce_leaves":42,"minecraft:dirt":374,"minecraft:cornflower":2,"minecraft:sand":1,"minecraft:purple_wool":1,"minecraft:fishing_rod":1,"minecraft:white_wool":64,"minecraft:stone_axe":5,"minecraft:sugar_cane":6,"minecraft:chiseled_tuff_bricks":8,"minecraft:birch_sapling":1,"minecraft:rotten_flesh":6,"minecraft:oak_planks":1,"minecraft:golden_shovel":1,"minecraft:carrot":10,"minecraft:poppy":4,"minecraft:gunpowder":1,"minecraft:spruce_pressure_plate":1,"minecraft:ladder":2,"minecraft:chest":1,"minecraft:beef":1,"minecraft:egg":3,"minecraft:bread":2,"minecraft:golden_boots":1,"minecraft:iron_ingot":12,"minecraft:wheat_seeds":8,"minecraft:iron_helmet":5,"minecraft:feather":3,"minecraft:cobblestone":3,"minecraft:prismarine_crystals":3,"minecraft:activator_rail":11,"minecraft:copper_ingot":3,"minecraft:oxeye_daisy":1,"minecraft:milk_bucket":4,"minecraft:torch":2,"minecraft:oak_stairs":12,"minecraft:iron_axe":1,"minecraft:string":2,"minecraft:dandelion":20,"minecraft:spruce_sapling":2,"minecraft:redstone_block":1,"minecraft:moss_carpet":2,"minecraft:tuff_bricks":46,"minecraft:raw_iron":12,"minecraft:stripped_oak_log":1,"minecraft:white_terracotta":2,"minecraft:cobblestone_slab":2,"minecraft:potato":115,"minecraft:stone":16,"minecraft:shield":2,"minecraft:andesite":2,"minecraft:stone_pickaxe":5,"minecraft:wooden_pickaxe":2},"minecraft:custom":{"minecraft:animals_bred":77,"minecraft:interact_with_crafting_table":109,"minecraft:open_barrel":21,"minecraft:bell_ring":5,"minecraft:leave_game":5,"minecraft:time_since_death":39593,"minecraft:sprint_one_cm":1377161,"minecraft:damage_blocked_by_shield":5636,"minecraft:drop":198,"minecraft:talked_to_villager":25,"minecraft:play_time":590424,"minecraft:deaths":24,"minecraft:jump":8304,"minecraft:walk_on_water_one_cm":90976,"minecraft:interact_with_furnace":112,"minecraft:traded_with_villager":43,"minecraft:sleep_in_bed":5,"minecraft:damage_dealt":20764,"minecraft:player_kills":4,"minecraft:crouch_one_cm":206666,"minecraft:inspect_dispenser":9,"minecraft:horse_one_cm":34478,"minecraft:interact_with_anvil":4,"minecraft:mob_kills":109,"minecraft:climb_one_cm":25805,"minecraft:walk_one_cm":1292744,"minecraft:sneak_time":53944,"minecraft:walk_under_water_one_cm":104126,"minecraft:boat_one_cm":581181,"minecraft:total_world_time":590424,"minecraft:time_since_rest":39626,"minecraft:damage_taken":15478,"minecraft:swim_one_cm":318692,"minecraft:fly_one_cm":1632592,"minecraft:open_chest":194,"minecraft:fall_one_cm":146916},"minecraft:crafted":{"minecraft:oak_planks":632,"minecraft:cobblestone_slab":24,"minecraft:barrel":5,"minecraft:cooked_chicken":8,"minecraft:lever":2,"minecraft:cooked_mutton":5,"minecraft:spruce_pressure_plate":1,"minecraft:glass":199,"minecraft:hopper":2,"minecraft:iron_boots":1,"minecraft:chest":9,"minecraft:rail":48,"minecraft:stone_hoe":1,"minecraft:oak_fence":6,"minecraft:oak_slab":72,"minecraft:emerald":43,"minecraft:cooked_porkchop":9,"minecraft:crafting_table":7,"minecraft:spruce_planks":468,"minecraft:iron_helmet":2,"minecraft:wooden_pickaxe":1,"minecraft:baked_potato":38,"minecraft:spruce_trapdoor":10,"minecraft:iron_chestplate":1,"minecraft:shield":3,"minecraft:stick":52,"minecraft:iron_ingot":104,"minecraft:iron_pickaxe":6,"minecraft:iron_block":3,"minecraft:gold_ingot":20,"minecraft:redstone_torch":6,"minecraft:composter":1,"minecraft:shears":3,"minecraft:oak_door":3,"minecraft:stone_shovel":1,"minecraft:tripwire_hook":2,"minecraft:furnace":5,"minecraft:bone_meal":168,"minecraft:spruce_fence":3,"minecraft:white_carpet":15,"minecraft:spruce_stairs":156,"minecraft:iron_axe":5,"minecraft:ladder":6,"minecraft:spruce_slab":12,"minecraft:stone_pickaxe":3,"minecraft:cobblestone_wall":78,"minecraft:redstone_block":2,"minecraft:minecart":1,"minecraft:wheat":171,"minecraft:cooked_beef":3,"minecraft:spruce_sign":3,"minecraft:powered_rail":12,"minecraft:activator_rail":12,"minecraft:bucket":5,"minecraft:stone_axe":2,"minecraft:bread":60,"minecraft:air":0,"minecraft:oak_boat":5,"minecraft:white_wool":101,"minecraft:iron_shovel":2,"minecraft:iron_leggings":1,"minecraft:anvil":1,"minecraft:white_bed":9,"minecraft:torch":4},"minecraft:used":{"minecraft:moss_block":1,"minecraft:iron_shovel":317,"minecraft:spruce_slab":1,"minecraft:dispenser":3,"minecraft:ladder":7,"minecraft:chest":10,"minecraft:white_terracotta":22,"minecraft:shield":100,"minecraft:iron_sword":4,"minecraft:iron_chestplate":4,"minecraft:spruce_leaves":93,"minecraft:carrot":149,"minecraft:tuff":2,"minecraft:axolotl_bucket":1,"minecraft:milk_bucket":6,"minecraft:glass":202,"minecraft:lava_bucket":2,"minecraft:iron_helmet":8,"minecraft:stone_bricks":1,"minecraft:bow":3,"minecraft:oak_sapling":17,"minecraft:furnace":10,"minecraft:egg":188,"minecraft:potato":205,"minecraft:short_grass":2,"minecraft:diorite":23,"minecraft:stone_pickaxe":186,"minecraft:powered_rail":47,"minecraft:oak_planks":363,"minecraft:wooden_pickaxe":13,"minecraft:composter":1,"minecraft:redstone_block":4,"minecraft:sugar_cane":74,"minecraft:white_wool":1,"minecraft:sand":20,"minecraft:shears":160,"minecraft:redstone_torch":7,"minecraft:lever":5,"minecraft:bread":107,"minecraft:string":59,"minecraft:gravel":3,"minecraft:andesite":4,"minecraft:oak_boat":24,"minecraft:coarse_dirt":3,"minecraft:bone_meal":168,"minecraft:oak_fence":41,"minecraft:netherite_sword":3,"minecraft:stone_shovel":137,"minecraft:spruce_planks":144,"minecraft:cooked_chicken":22,"minecraft:stone_hoe":90,"minecraft:oak_door":14,"minecraft:torch":8,"minecraft:dirt":921,"minecraft:anvil":1,"minecraft:white_carpet":17,"minecraft:hopper":4,"minecraft:prismarine_bricks":2,"minecraft:spruce_stairs":152,"minecraft:cobblestone_wall":74,"minecraft:granite":11,"minecraft:golden_shovel":9,"minecraft:spruce_fence":3,"minecraft:birch_door":2,"minecraft:iron_axe":1045,"minecraft:iron_boots":4,"minecraft:barrel":7,"minecraft:tripwire_hook":3,"minecraft:minecart":13,"minecraft:iron_leggings":1,"minecraft:cooked_beef":3,"minecraft:cobbled_deepslate":10,"minecraft:golden_axe":21,"minecraft:wheat_seeds":95,"minecraft:cooked_mutton":4,"minecraft:water_bucket":123,"minecraft:baked_potato":32,"minecraft:spruce_sign":7,"minecraft:cobblestone_slab":61,"minecraft:rail":221,"minecraft:oak_slab":50,"minecraft:crafting_table":35,"minecraft:white_bed":25,"minecraft:spruce_log":322,"minecraft:oak_log":1,"minecraft:activator_rail":14,"minecraft:iron_pickaxe":1615,"minecraft:spruce_trapdoor":10,"minecraft:spruce_sapling":83,"minecraft:stone_axe":131,"minecraft:fishing_rod":6,"minecraft:cobblestone":916,"minecraft:purple_bed":2,"minecraft:cooked_porkchop":6,"minecraft:bucket":128,"minecraft:yellow_bed":7,"minecraft:kelp":6},"minecraft:broken":{"minecraft:iron_shovel":1,"minecraft:stone_shovel":1,"minecraft:shield":1,"minecraft:golden_axe":1,"minecraft:iron_axe":4,"minecraft:iron_pickaxe":6},"minecraft:killed":{"minecraft:cave_spider":1,"minecraft:witch":1,"minecraft:spider":10,"minecraft:skeleton":12,"minecraft:chicken":23,"minecraft:pig":6,"minecraft:zombie_villager":2,"minecraft:elder_guardian":1,"minecraft:iron_golem":4,"minecraft:creeper":4,"minecraft:sheep":3,"minecraft:trader_llama":2,"minecraft:zombie":28,"minecraft:cow":5,"minecraft:drowned":2,"minecraft:enderman":3},"minecraft:picked_up":{"minecraft:birch_door":2,"minecraft:iron_chestplate":13,"minecraft:wheat":118,"minecraft:redstone_block":9,"minecraft:lead":7,"minecraft:oak_stairs":33,"minecraft:golden_shovel":1,"minecraft:brewing_stand":1,"minecraft:string":1328,"minecraft:raw_copper":39,"minecraft:red_candle":7,"minecraft:activator_rail":13,"minecraft:cobbled_deepslate":47,"minecraft:bucket":6,"minecraft:spruce_planks":108,"minecraft:redstone_torch":21,"minecraft:cobblestone_slab":109,"minecraft:azalea":2,"minecraft:iron_pickaxe":22,"minecraft:furnace":11,"minecraft:iron_boots":12,"minecraft:stick":88,"minecraft:oak_fence":37,"minecraft:torch":29,"minecraft:spruce_stairs":24,"minecraft:porkchop":12,"minecraft:diorite":236,"minecraft:rotten_flesh":59,"minecraft:white_terracotta":24,"minecraft:obsidian":2,"minecraft:cod":2,"minecraft:cobblestone":2396,"minecraft:feather":20,"minecraft:water_bucket":6,"minecraft:andesite":15,"minecraft:potato":598,"minecraft:tuff":3,"minecraft:prismarine_bricks":2,"minecraft:lapis_lazuli":41,"minecraft:dirt":2152,"minecraft:name_tag":3,"minecraft:glass":90,"minecraft:bone":34,"minecraft:bow":4,"minecraft:wheat_seeds":249,"minecraft:raw_gold":50,"minecraft:grindstone":1,"minecraft:fletching_table":1,"minecraft:powered_rail":54,"minecraft:moss_block":2,"minecraft:prismarine":20,"minecraft:stone_hoe":1,"minecraft:oak_planks":319,"minecraft:cooked_porkchop":2,"minecraft:axolotl_bucket":1,"minecraft:poisonous_potato":1,"minecraft:sand":266,"minecraft:ink_sac":3,"minecraft:grass_block":1,"minecraft:barrel":2,"minecraft:mossy_cobblestone":2,"minecraft:dispenser":3,"minecraft:yellow_carpet":6,"minecraft:diamond":17,"minecraft:lever":4,"minecraft:granite":19,"minecraft:emerald":4,"minecraft:spruce_sign":13,"minecraft:bread":32,"minecraft:oak_sapling":20,"minecraft:fishing_rod":7,"minecraft:spruce_leaves":144,"minecraft:coarse_dirt":3,"minecraft:crafting_table":41,"minecraft:purple_wool":2,"minecraft:chicken":23,"minecraft:ladder":11,"minecraft:brown_mushroom":20,"minecraft:wooden_pickaxe":1,"minecraft:shield":11,"minecraft:cornflower":2,"minecraft:moss_carpet":6,"minecraft:iron_axe":24,"minecraft:white_carpet":2,"minecraft:iron_shovel":5,"minecraft:beef":17,"minecraft:oak_boat":25,"minecraft:lectern":1,"minecraft:minecart":15,"minecraft:spruce_slab":8,"minecraft:poppy":6,"minecraft:chest":11,"minecraft:sugar_cane":1091,"minecraft:birch_sapling":2,"minecraft:spruce_trapdoor":1,"minecraft:egg":202,"minecraft:raw_iron":233,"minecraft:sandstone":35,"minecraft:stone":80,"minecraft:oak_door":27,"minecraft:copper_ingot":5,"minecraft:carrot":388,"minecraft:redstone":82,"minecraft:prismarine_crystals":18,"minecraft:cooked_cod":2,"minecraft:arrow":33,"minecraft:stone_shovel":4,"minecraft:shears":3,"minecraft:hay_block":19,"minecraft:gold_ingot":40,"minecraft:tuff_bricks":46,"minecraft:mutton":17,"minecraft:wet_sponge":23,"minecraft:white_wool":78,"minecraft:rail":205,"minecraft:oxeye_daisy":1,"minecraft:stripped_oak_log":5,"minecraft:clock":1,"minecraft:tripwire_hook":1,"minecraft:leather":20,"minecraft:filled_map":5,"minecraft:waxed_copper_bulb":2,"minecraft:oak_log":212,"minecraft:waxed_copper_block":1,"minecraft:gunpowder":11,"minecraft:yellow_bed":8,"minecraft:golden_boots":2,"minecraft:cobblestone_wall":316,"minecraft:stone_bricks":1,"minecraft:kelp":33,"minecraft:iron_ingot":88,"minecraft:stone_pickaxe":3,"minecraft:cooked_chicken":17,"minecraft:stripped_oak_wood":1,"minecraft:iron_sword":2,"minecraft:book":12,"minecraft:oak_slab":8,"minecraft:milk_bucket":5,"minecraft:sweet_berries":17,"minecraft:dandelion":36,"minecraft:gravel":30,"minecraft:lava_bucket":3,"minecraft:spruce_sapling":88,"minecraft:white_bed":20,"minecraft:spruce_log":617,"minecraft:spider_eye":5,"minecraft:purple_bed":2,"minecraft:stone_axe":9,"minecraft:short_grass":2,"minecraft:iron_helmet":23,"minecraft:diamond_axe":1,"minecraft:baked_potato":4,"minecraft:coal":175,"minecraft:chiseled_tuff_bricks":8,"minecraft:hopper":8,"minecraft:ender_pearl":1},"minecraft:mined":{"minecraft:spruce_planks":24,"minecraft:white_bed":15,"minecraft:brewing_stand":1,"minecraft:spruce_trapdoor":1,"minecraft:granite":16,"minecraft:grass_block":102,"minecraft:yellow_carpet":3,"minecraft:chiseled_tuff_bricks":4,"minecraft:hopper":2,"minecraft:tuff_bricks":24,"minecraft:tall_seagrass":5,"minecraft:iron_ore":93,"minecraft:fire":3,"minecraft:barrel":2,"minecraft:fletching_table":1,"minecraft:dirt_path":8,"minecraft:oak_stairs":13,"minecraft:tripwire":30,"minecraft:deepslate_redstone_ore":6,"minecraft:kelp_plant":5,"minecraft:torch":3,"minecraft:chest":4,"minecraft:white_stained_glass_pane":4,"minecraft:mushroom_stem":5,"minecraft:spruce_wall_sign":4,"minecraft:glass":1,"minecraft:cobblestone":260,"minecraft:grindstone":1,"minecraft:prismarine":5,"minecraft:sugar_cane":675,"minecraft:oak_planks":56,"minecraft:wall_torch":1,"minecraft:seagrass":1,"minecraft:white_terracotta":25,"minecraft:waxed_copper_bulb":2,"minecraft:red_candle":2,"minecraft:powered_rail":33,"minecraft:wheat":71,"minecraft:activator_rail":14,"minecraft:waxed_copper_block":1,"minecraft:birch_door":2,"minecraft:stripped_oak_wood":1,"minecraft:yellow_stained_glass_pane":5,"minecraft:oak_log":184,"minecraft:oak_fence_gate":1,"minecraft:sand":181,"minecraft:dirt":359,"minecraft:tripwire_hook":1,"minecraft:dispenser":3,"minecraft:oak_leaves":39,"minecraft:deepslate":51,"minecraft:suspicious_gravel":1,"minecraft:diamond_ore":2,"minecraft:tuff":3,"minecraft:mossy_cobblestone":1,"minecraft:deepslate_diamond_ore":13,"minecraft:oak_door":11,"minecraft:sea_lantern":2,"minecraft:ladder":5,"minecraft:lever":2,"minecraft:brown_mushroom_block":20,"minecraft:spruce_leaves":332,"minecraft:moss_block":1,"minecraft:kelp":4,"minecraft:sandstone":7,"minecraft:hay_block":19,"minecraft:redstone_ore":7,"minecraft:spruce_sapling":1,"minecraft:furnace":7,"minecraft:carrots":86,"minecraft:andesite":12,"minecraft:bookshelf":4,"minecraft:potatoes":167,"minecraft:deepslate_iron_ore":39,"minecraft:cobblestone_slab":37,"minecraft:rail":184,"minecraft:stripped_oak_log":4,"minecraft:wet_sponge":22,"minecraft:stone":661,"minecraft:oak_slab":2,"minecraft:redstone_block":2,"minecraft:glass_pane":6,"minecraft:dandelion":9,"minecraft:oak_fence":37,"minecraft:crafting_table":29,"minecraft:cornflower":2,"minecraft:short_grass":177,"minecraft:lectern":1,"minecraft:tall_grass":30,"minecraft:lapis_ore":6,"minecraft:deepslate_gold_ore":35,"minecraft:diorite":72,"minecraft:prismarine_bricks":2,"minecraft:spruce_stairs":14,"minecraft:purple_bed":2,"minecraft:coarse_dirt":3,"minecraft:cobblestone_wall":74,"minecraft:redstone_torch":5,"minecraft:sweet_berry_bush":7,"minecraft:white_carpet":2,"minecraft:spruce_log":456,"minecraft:birch_leaves":4,"minecraft:yellow_bed":7,"minecraft:coal_ore":63,"minecraft:gravel":19,"minecraft:stone_bricks":5,"minecraft:gold_ore":15},"minecraft:killed_by":{"minecraft:zombie_villager":1,"minecraft:creeper":2,"minecraft:drowned":4,"minecraft:zombie":2,"minecraft:elder_guardian":3,"minecraft:enderman":1,"minecraft:skeleton":5,"minecraft:guardian":3}},"DataVersion":3953}