{"stats":{"minecraft:used":{"minecraft:netherite_sword":3,"minecraft:stone_pickaxe":52,"minecraft:oak_planks":11,"minecraft:shield":2,"minecraft:chest":3,"minecraft:wooden_pickaxe":13,"minecraft:sugar_cane":29,"minecraft:oak_door":6,"minecraft:torch":4,"minecraft:dirt":27,"minecraft:crafting_table":5,"minecraft:iron_axe":24,"minecraft:bread":19,"minecraft:iron_pickaxe":18,"minecraft:stone_axe":46,"minecraft:cobblestone":19,"minecraft:furnace":4,"minecraft:oak_sapling":2,"minecraft:yellow_bed":3,"minecraft:oak_boat":1,"minecraft:egg":1,"minecraft:kelp":6},"minecraft:picked_up":{"minecraft:crafting_table":5,"minecraft:wooden_pickaxe":1,"minecraft:potato":1,"minecraft:oak_stairs":21,"minecraft:oak_log":24,"minecraft:shield":1,"minecraft:yellow_bed":3,"minecraft:dirt":38,"minecraft:iron_axe":1,"minecraft:bone":2,"minecraft:kelp":6,"minecraft:wheat_seeds":14,"minecraft:iron_ingot":4,"minecraft:grindstone":1,"minecraft:beef":2,"minecraft:iron_pickaxe":1,"minecraft:fletching_table":1,"minecraft:lectern":1,"minecraft:sugar_cane":30,"minecraft:chest":1,"minecraft:oak_planks":41,"minecraft:furnace":4,"minecraft:egg":1,"minecraft:book":12,"minecraft:stick":4,"minecraft:raw_iron":12,"minecraft:oak_door":9,"minecraft:dandelion":1,"minecraft:arrow":4,"minecraft:rotten_flesh":4,"minecraft:hay_block":10,"minecraft:bread":17,"minecraft:baked_potato":4,"minecraft:oak_sapling":2,"minecraft:mutton":5,"minecraft:coal":19,"minecraft:white_wool":3,"minecraft:cobblestone":59},"minecraft:dropped":{"minecraft:bread":1,"minecraft:stone_axe":1,"minecraft:baked_potato":4,"minecraft:cobblestone":3,"minecraft:dirt":3,"minecraft:oak_stairs":2,"minecraft:stone_pickaxe":1,"minecraft:wooden_pickaxe":2,"minecraft:beef":1,"minecraft:dandelion":1},"minecraft:killed":{"minecraft:sheep":2,"minecraft:skeleton":1,"minecraft:zombie":7,"minecraft:cow":1},"minecraft:custom":{"minecraft:interact_with_furnace":6,"minecraft:mob_kills":13,"minecraft:animals_bred":2,"minecraft:interact_with_crafting_table":12,"minecraft:leave_game":2,"minecraft:time_since_death":14829,"minecraft:sleep_in_bed":3,"minecraft:time_since_rest":14868,"minecraft:sprint_one_cm":172279,"minecraft:damage_taken":1023,"minecraft:walk_one_cm":124415,"minecraft:damage_blocked_by_shield":180,"minecraft:drop":16,"minecraft:damage_dealt":2219,"minecraft:swim_one_cm":66896,"minecraft:fly_one_cm":223618,"minecraft:player_kills":1,"minecraft:open_chest":10,"minecraft:crouch_one_cm":6012,"minecraft:play_time":81178,"minecraft:deaths":1,"minecraft:sneak_time":1921,"minecraft:walk_under_water_one_cm":9757,"minecraft:boat_one_cm":142883,"minecraft:jump":1083,"minecraft:walk_on_water_one_cm":4323,"minecraft:total_world_time":81178,"minecraft:fall_one_cm":25849},"minecraft:mined":{"minecraft:oak_door":6,"minecraft:kelp_plant":2,"minecraft:dandelion":1,"minecraft:crafting_table":4,"minecraft:short_grass":57,"minecraft:grass_block":7,"minecraft:chest":1,"minecraft:lectern":1,"minecraft:tall_grass":15,"minecraft:cobblestone":5,"minecraft:oak_planks":2,"minecraft:grindstone":1,"minecraft:sugar_cane":19,"minecraft:kelp":3,"minecraft:hay_block":10,"minecraft:furnace":3,"minecraft:iron_ore":14,"minecraft:birch_leaves":3,"minecraft:fletching_table":1,"minecraft:yellow_bed":2,"minecraft:bookshelf":4,"minecraft:coal_ore":19,"minecraft:oak_log":24,"minecraft:oak_stairs":1,"minecraft:dirt":6,"minecraft:stone":40,"minecraft:oak_leaves":18},"minecraft:killed_by":{"minecraft:drowned":1},"minecraft:crafted":{"minecraft:oak_door":3,"minecraft:oak_planks":96,"minecraft:crafting_table":2,"minecraft:wooden_pickaxe":1,"minecraft:furnace":2,"minecraft:stone_axe":1,"minecraft:bread":18,"minecraft:air":0,"minecraft:oak_boat":1,"minecraft:shield":1,"minecraft:iron_axe":1,"minecraft:stick":8,"minecraft:iron_ingot":11,"minecraft:iron_pickaxe":1,"minecraft:stone_pickaxe":1,"minecraft:chest":2,"minecraft:torch":4,"minecraft:wheat":72}},"DataVersion":3953}