{"stats":{"minecraft:killed_by":{"minecraft:zombie_villager":1,"minecraft:drowned":1,"minecraft:zombie":1,"minecraft:enderman":1,"minecraft:skeleton":3},"minecraft:dropped":{"minecraft:iron_sword":1,"minecraft:baked_potato":4,"minecraft:emerald":2,"minecraft:spruce_leaves":11,"minecraft:dirt":372,"minecraft:cornflower":2,"minecraft:purple_wool":1,"minecraft:fishing_rod":1,"minecraft:white_wool":64,"minecraft:stone_axe":4,"minecraft:sugar_cane":1,"minecraft:birch_sapling":1,"minecraft:rotten_flesh":3,"minecraft:golden_shovel":1,"minecraft:carrot":10,"minecraft:poppy":4,"minecraft:gunpowder":1,"minecraft:spruce_pressure_plate":1,"minecraft:chest":1,"minecraft:beef":1,"minecraft:golden_boots":1,"minecraft:iron_ingot":12,"minecraft:bread":2,"minecraft:wheat_seeds":8,"minecraft:iron_helmet":1,"minecraft:cobblestone":3,"minecraft:activator_rail":11,"minecraft:copper_ingot":1,"minecraft:oxeye_daisy":1,"minecraft:oak_stairs":12,"minecraft:iron_axe":1,"minecraft:redstone_block":1,"minecraft:spruce_sapling":1,"minecraft:dandelion":13,"minecraft:moss_carpet":2,"minecraft:raw_iron":12,"minecraft:stripped_oak_log":1,"minecraft:white_terracotta":2,"minecraft:potato":115,"minecraft:stone":16,"minecraft:shield":2,"minecraft:andesite":2,"minecraft:stone_pickaxe":3,"minecraft:wooden_pickaxe":2},"minecraft:crafted":{"minecraft:oak_planks":480,"minecraft:cobblestone_slab":24,"minecraft:barrel":3,"minecraft:lever":1,"minecraft:spruce_pressure_plate":1,"minecraft:cooked_mutton":5,"minecraft:hopper":2,"minecraft:glass":87,"minecraft:iron_boots":1,"minecraft:chest":8,"minecraft:rail":48,"minecraft:stone_hoe":1,"minecraft:oak_slab":48,"minecraft:emerald":43,"minecraft:cooked_porkchop":9,"minecraft:crafting_table":6,"minecraft:spruce_planks":128,"minecraft:baked_potato":6,"minecraft:wooden_pickaxe":1,"minecraft:iron_helmet":2,"minecraft:spruce_trapdoor":2,"minecraft:iron_chestplate":1,"minecraft:shield":1,"minecraft:stick":28,"minecraft:iron_pickaxe":2,"minecraft:iron_ingot":90,"minecraft:iron_block":3,"minecraft:gold_ingot":20,"minecraft:redstone_torch":6,"minecraft:shears":2,"minecraft:oak_door":3,"minecraft:stone_shovel":1,"minecraft:tripwire_hook":2,"minecraft:furnace":4,"minecraft:bone_meal":168,"minecraft:white_carpet":15,"minecraft:iron_axe":4,"minecraft:ladder":6,"minecraft:spruce_slab":12,"minecraft:stone_pickaxe":1,"minecraft:cobblestone_wall":78,"minecraft:redstone_block":2,"minecraft:minecart":1,"minecraft:wheat":171,"minecraft:cooked_beef":3,"minecraft:spruce_sign":3,"minecraft:powered_rail":12,"minecraft:activator_rail":12,"minecraft:bucket":3,"minecraft:stone_axe":2,"minecraft:bread":60,"minecraft:air":0,"minecraft:oak_boat":4,"minecraft:white_wool":101,"minecraft:iron_shovel":1,"minecraft:anvil":1,"minecraft:white_bed":8,"minecraft:torch":4},"minecraft:used":{"minecraft:moss_block":1,"minecraft:iron_shovel":248,"minecraft:spruce_slab":1,"minecraft:ladder":2,"minecraft:chest":7,"minecraft:shield":15,"minecraft:white_terracotta":22,"minecraft:iron_sword":4,"minecraft:spruce_leaves":68,"minecraft:carrot":64,"minecraft:tuff":2,"minecraft:axolotl_bucket":1,"minecraft:glass":37,"minecraft:lava_bucket":1,"minecraft:iron_helmet":1,"minecraft:bow":3,"minecraft:furnace":8,"minecraft:oak_sapling":10,"minecraft:egg":45,"minecraft:potato":130,"minecraft:powered_rail":16,"minecraft:stone_pickaxe":52,"minecraft:oak_planks":280,"minecraft:wooden_pickaxe":13,"minecraft:redstone_block":2,"minecraft:sugar_cane":73,"minecraft:white_wool":1,"minecraft:sand":14,"minecraft:shears":96,"minecraft:redstone_torch":4,"minecraft:lever":3,"minecraft:bread":95,"minecraft:string":59,"minecraft:gravel":3,"minecraft:andesite":2,"minecraft:oak_boat":13,"minecraft:coarse_dirt":3,"minecraft:bone_meal":168,"minecraft:oak_fence":32,"minecraft:netherite_sword":3,"minecraft:stone_shovel":137,"minecraft:spruce_planks":83,"minecraft:stone_hoe":90,"minecraft:oak_door":9,"minecraft:torch":4,"minecraft:dirt":787,"minecraft:anvil":1,"minecraft:white_carpet":17,"minecraft:hopper":2,"minecraft:cobblestone_wall":74,"minecraft:golden_shovel":9,"minecraft:iron_axe":699,"minecraft:barrel":5,"minecraft:tripwire_hook":3,"minecraft:minecart":6,"minecraft:cooked_beef":3,"minecraft:golden_axe":21,"minecraft:wheat_seeds":51,"minecraft:cooked_mutton":4,"minecraft:water_bucket":38,"minecraft:baked_potato":7,"minecraft:spruce_sign":4,"minecraft:cobblestone_slab":35,"minecraft:rail":90,"minecraft:oak_slab":50,"minecraft:crafting_table":18,"minecraft:white_bed":11,"minecraft:spruce_log":318,"minecraft:oak_log":1,"minecraft:activator_rail":14,"minecraft:iron_pickaxe":400,"minecraft:spruce_trapdoor":2,"minecraft:spruce_sapling":54,"minecraft:stone_axe":73,"minecraft:fishing_rod":6,"minecraft:cobblestone":93,"minecraft:purple_bed":2,"minecraft:cooked_porkchop":4,"minecraft:bucket":41,"minecraft:yellow_bed":7,"minecraft:kelp":6},"minecraft:custom":{"minecraft:animals_bred":30,"minecraft:interact_with_crafting_table":73,"minecraft:open_barrel":10,"minecraft:bell_ring":5,"minecraft:leave_game":4,"minecraft:time_since_death":68210,"minecraft:sprint_one_cm":943847,"minecraft:damage_blocked_by_shield":1913,"minecraft:drop":139,"minecraft:talked_to_villager":12,"minecraft:play_time":340027,"minecraft:deaths":8,"minecraft:jump":5879,"minecraft:walk_on_water_one_cm":37545,"minecraft:interact_with_furnace":73,"minecraft:traded_with_villager":43,"minecraft:sleep_in_bed":5,"minecraft:damage_dealt":11048,"minecraft:player_kills":4,"minecraft:crouch_one_cm":116988,"minecraft:horse_one_cm":34478,"minecraft:interact_with_anvil":3,"minecraft:mob_kills":52,"minecraft:climb_one_cm":3996,"minecraft:walk_one_cm":779405,"minecraft:sneak_time":28940,"minecraft:walk_under_water_one_cm":34670,"minecraft:boat_one_cm":203431,"minecraft:total_world_time":340027,"minecraft:time_since_rest":2326,"minecraft:damage_taken":7259,"minecraft:swim_one_cm":102171,"minecraft:fly_one_cm":1120432,"minecraft:open_chest":131,"minecraft:fall_one_cm":112593},"minecraft:picked_up":{"minecraft:iron_chestplate":1,"minecraft:wheat":75,"minecraft:redstone_block":1,"minecraft:lead":7,"minecraft:oak_stairs":31,"minecraft:golden_shovel":1,"minecraft:brewing_stand":1,"minecraft:string":1320,"minecraft:activator_rail":13,"minecraft:cobbled_deepslate":8,"minecraft:bucket":3,"minecraft:spruce_planks":61,"minecraft:redstone_torch":3,"minecraft:cobblestone_slab":11,"minecraft:azalea":2,"minecraft:iron_pickaxe":9,"minecraft:iron_boots":1,"minecraft:furnace":9,"minecraft:stick":75,"minecraft:oak_fence":32,"minecraft:torch":12,"minecraft:porkchop":11,"minecraft:diorite":2,"minecraft:rotten_flesh":27,"minecraft:white_terracotta":24,"minecraft:obsidian":2,"minecraft:cobblestone":205,"minecraft:water_bucket":2,"minecraft:andesite":6,"minecraft:potato":362,"minecraft:tuff":2,"minecraft:dirt":1953,"minecraft:lapis_lazuli":41,"minecraft:glass":37,"minecraft:bone":21,"minecraft:bow":4,"minecraft:wheat_seeds":147,"minecraft:raw_gold":26,"minecraft:grindstone":1,"minecraft:fletching_table":1,"minecraft:powered_rail":7,"minecraft:moss_block":2,"minecraft:stone_hoe":1,"minecraft:oak_planks":210,"minecraft:axolotl_bucket":1,"minecraft:sand":209,"minecraft:ink_sac":3,"minecraft:grass_block":1,"minecraft:barrel":2,"minecraft:mossy_cobblestone":2,"minecraft:yellow_carpet":6,"minecraft:diamond":4,"minecraft:lever":2,"minecraft:spruce_sign":1,"minecraft:bread":32,"minecraft:emerald":4,"minecraft:oak_sapling":13,"minecraft:coarse_dirt":3,"minecraft:fishing_rod":2,"minecraft:spruce_leaves":88,"minecraft:crafting_table":20,"minecraft:purple_wool":2,"minecraft:ladder":4,"minecraft:brown_mushroom":20,"minecraft:wooden_pickaxe":1,"minecraft:shield":8,"minecraft:cornflower":2,"minecraft:moss_carpet":6,"minecraft:iron_axe":7,"minecraft:white_carpet":2,"minecraft:iron_shovel":2,"minecraft:beef":17,"minecraft:oak_boat":13,"minecraft:minecart":6,"minecraft:lectern":1,"minecraft:spruce_slab":8,"minecraft:poppy":4,"minecraft:sugar_cane":668,"minecraft:chest":3,"minecraft:birch_sapling":1,"minecraft:egg":53,"minecraft:raw_iron":172,"minecraft:stone":80,"minecraft:oak_door":19,"minecraft:copper_ingot":3,"minecraft:carrot":113,"minecraft:redstone":60,"minecraft:arrow":25,"minecraft:stone_shovel":4,"minecraft:shears":2,"minecraft:hay_block":19,"minecraft:gold_ingot":40,"minecraft:mutton":17,"minecraft:rail":49,"minecraft:white_wool":78,"minecraft:oxeye_daisy":1,"minecraft:stripped_oak_log":1,"minecraft:clock":1,"minecraft:tripwire_hook":1,"minecraft:leather":20,"minecraft:oak_log":121,"minecraft:cobblestone_wall":1,"minecraft:yellow_bed":8,"minecraft:gunpowder":1,"minecraft:kelp":21,"minecraft:iron_ingot":52,"minecraft:stone_pickaxe":3,"minecraft:iron_sword":2,"minecraft:book":12,"minecraft:oak_slab":2,"minecraft:sweet_berries":17,"minecraft:dandelion":23,"minecraft:gravel":12,"minecraft:spruce_sapling":55,"minecraft:white_bed":5,"minecraft:spruce_log":498,"minecraft:spider_eye":3,"minecraft:purple_bed":2,"minecraft:stone_axe":5,"minecraft:iron_helmet":2,"minecraft:baked_potato":4,"minecraft:coal":151},"minecraft:broken":{"minecraft:iron_shovel":1,"minecraft:stone_shovel":1,"minecraft:golden_axe":1,"minecraft:iron_axe":2,"minecraft:iron_pickaxe":1},"minecraft:killed":{"minecraft:witch":1,"minecraft:spider":6,"minecraft:skeleton":8,"minecraft:pig":5,"minecraft:zombie_villager":1,"minecraft:iron_golem":3,"minecraft:creeper":1,"minecraft:sheep":3,"minecraft:trader_llama":2,"minecraft:zombie":12,"minecraft:cow":5,"minecraft:drowned":1,"minecraft:enderman":2},"minecraft:mined":{"minecraft:spruce_planks":14,"minecraft:white_bed":3,"minecraft:brewing_stand":1,"minecraft:grass_block":95,"minecraft:yellow_carpet":3,"minecraft:tall_seagrass":2,"minecraft:iron_ore":89,"minecraft:fire":3,"minecraft:barrel":2,"minecraft:fletching_table":1,"minecraft:dirt_path":8,"minecraft:oak_stairs":11,"minecraft:tripwire":30,"minecraft:deepslate_redstone_ore":1,"minecraft:kelp_plant":2,"minecraft:chest":2,"minecraft:white_stained_glass_pane":4,"minecraft:mushroom_stem":5,"minecraft:spruce_wall_sign":1,"minecraft:glass":1,"minecraft:cobblestone":31,"minecraft:sugar_cane":413,"minecraft:grindstone":1,"minecraft:oak_planks":31,"minecraft:seagrass":1,"minecraft:white_terracotta":25,"minecraft:powered_rail":7,"minecraft:wheat":30,"minecraft:activator_rail":14,"minecraft:yellow_stained_glass_pane":5,"minecraft:oak_log":121,"minecraft:sand":166,"minecraft:dirt":221,"minecraft:tripwire_hook":1,"minecraft:oak_leaves":37,"minecraft:deepslate":7,"minecraft:diamond_ore":2,"minecraft:tuff":2,"minecraft:mossy_cobblestone":1,"minecraft:oak_door":8,"minecraft:brown_mushroom_block":20,"minecraft:spruce_leaves":208,"minecraft:moss_block":1,"minecraft:kelp":3,"minecraft:hay_block":19,"minecraft:redstone_ore":7,"minecraft:furnace":5,"minecraft:carrots":32,"minecraft:andesite":5,"minecraft:bookshelf":4,"minecraft:potatoes":96,"minecraft:cobblestone_slab":11,"minecraft:deepslate_iron_ore":3,"minecraft:rail":49,"minecraft:stone":91,"minecraft:oak_slab":2,"minecraft:glass_pane":6,"minecraft:dandelion":5,"minecraft:oak_fence":33,"minecraft:crafting_table":14,"minecraft:cornflower":2,"minecraft:short_grass":164,"minecraft:lectern":1,"minecraft:tall_grass":26,"minecraft:lapis_ore":6,"minecraft:deepslate_gold_ore":11,"minecraft:diorite":1,"minecraft:purple_bed":2,"minecraft:coarse_dirt":3,"minecraft:cobblestone_wall":2,"minecraft:redstone_torch":3,"minecraft:sweet_berry_bush":7,"minecraft:white_carpet":2,"minecraft:spruce_log":363,"minecraft:birch_leaves":4,"minecraft:yellow_bed":7,"minecraft:coal_ore":63,"minecraft:gravel":2,"minecraft:gold_ore":15}},"DataVersion":3953}