{"stats":{"minecraft:used":{"minecraft:oak_fence":32,"minecraft:netherite_sword":3,"minecraft:iron_shovel":207,"minecraft:stone_shovel":137,"minecraft:ladder":2,"minecraft:chest":5,"minecraft:spruce_planks":81,"minecraft:white_terracotta":18,"minecraft:shield":15,"minecraft:iron_sword":4,"minecraft:stone_hoe":90,"minecraft:spruce_leaves":9,"minecraft:oak_door":9,"minecraft:torch":4,"minecraft:dirt":608,"minecraft:white_carpet":17,"minecraft:carrot":45,"minecraft:golden_shovel":9,"minecraft:tuff":2,"minecraft:axolotl_bucket":1,"minecraft:glass":37,"minecraft:iron_axe":651,"minecraft:barrel":4,"minecraft:tripwire_hook":3,"minecraft:bow":3,"minecraft:oak_sapling":10,"minecraft:furnace":6,"minecraft:cooked_beef":3,"minecraft:egg":15,"minecraft:potato":86,"minecraft:golden_axe":21,"minecraft:wheat_seeds":24,"minecraft:cooked_mutton":4,"minecraft:water_bucket":37,"minecraft:stone_pickaxe":52,"minecraft:baked_potato":7,"minecraft:oak_planks":267,"minecraft:wooden_pickaxe":13,"minecraft:sugar_cane":73,"minecraft:white_wool":1,"minecraft:sand":14,"minecraft:oak_slab":50,"minecraft:crafting_table":11,"minecraft:white_bed":8,"minecraft:spruce_log":318,"minecraft:shears":29,"minecraft:oak_log":1,"minecraft:lever":3,"minecraft:iron_pickaxe":291,"minecraft:bread":75,"minecraft:string":59,"minecraft:spruce_trapdoor":2,"minecraft:gravel":3,"minecraft:spruce_sapling":54,"minecraft:stone_axe":68,"minecraft:purple_bed":2,"minecraft:fishing_rod":6,"minecraft:cobblestone":62,"minecraft:cooked_porkchop":3,"minecraft:andesite":2,"minecraft:bucket":39,"minecraft:yellow_bed":7,"minecraft:oak_boat":11,"minecraft:kelp":6,"minecraft:bone_meal":168},"minecraft:picked_up":{"minecraft:fishing_rod":2,"minecraft:spruce_leaves":28,"minecraft:crafting_table":11,"minecraft:wheat":48,"minecraft:purple_wool":2,"minecraft:ladder":4,"minecraft:brown_mushroom":10,"minecraft:lead":7,"minecraft:wooden_pickaxe":1,"minecraft:oak_stairs":31,"minecraft:brewing_stand":1,"minecraft:shield":6,"minecraft:cornflower":2,"minecraft:string":1320,"minecraft:moss_carpet":4,"minecraft:iron_axe":7,"minecraft:white_carpet":2,"minecraft:iron_shovel":2,"minecraft:cobbled_deepslate":5,"minecraft:bucket":3,"minecraft:spruce_planks":61,"minecraft:beef":11,"minecraft:azalea":1,"minecraft:oak_boat":11,"minecraft:poppy":3,"minecraft:iron_pickaxe":8,"minecraft:spruce_slab":8,"minecraft:lectern":1,"minecraft:sugar_cane":407,"minecraft:chest":2,"minecraft:birch_sapling":1,"minecraft:furnace":7,"minecraft:egg":23,"minecraft:stick":73,"minecraft:raw_iron":102,"minecraft:stone":80,"minecraft:oak_door":19,"minecraft:copper_ingot":3,"minecraft:oak_fence":32,"minecraft:torch":12,"minecraft:porkchop":10,"minecraft:diorite":1,"minecraft:carrot":44,"minecraft:redstone":60,"minecraft:arrow":19,"minecraft:stone_shovel":4,"minecraft:rotten_flesh":22,"minecraft:shears":2,"minecraft:hay_block":19,"minecraft:gold_ingot":40,"minecraft:white_terracotta":20,"minecraft:mutton":16,"minecraft:white_wool":78,"minecraft:cobblestone":187,"minecraft:oxeye_daisy":1,"minecraft:stripped_oak_log":1,"minecraft:tripwire_hook":1,"minecraft:water_bucket":2,"minecraft:andesite":5,"minecraft:leather":15,"minecraft:potato":203,"minecraft:tuff":2,"minecraft:oak_log":121,"minecraft:yellow_bed":8,"minecraft:gunpowder":1,"minecraft:lapis_lazuli":41,"minecraft:dirt":1765,"minecraft:glass":37,"minecraft:bone":14,"minecraft:kelp":21,"minecraft:bow":3,"minecraft:wheat_seeds":66,"minecraft:raw_gold":26,"minecraft:grindstone":1,"minecraft:iron_ingot":33,"minecraft:stone_pickaxe":3,"minecraft:fletching_table":1,"minecraft:moss_block":1,"minecraft:iron_sword":2,"minecraft:stone_hoe":1,"minecraft:oak_planks":146,"minecraft:book":12,"minecraft:oak_slab":2,"minecraft:sweet_berries":17,"minecraft:dandelion":20,"minecraft:gravel":12,"minecraft:sand":175,"minecraft:spruce_sapling":55,"minecraft:spruce_log":498,"minecraft:white_bed":5,"minecraft:grass_block":1,"minecraft:spider_eye":3,"minecraft:barrel":2,"minecraft:mossy_cobblestone":2,"minecraft:purple_bed":2,"minecraft:yellow_carpet":6,"minecraft:diamond":4,"minecraft:stone_axe":3,"minecraft:lever":2,"minecraft:emerald":4,"minecraft:bread":31,"minecraft:baked_potato":4,"minecraft:oak_sapling":13,"minecraft:coal":117},"minecraft:dropped":{"minecraft:golden_boots":1,"minecraft:iron_ingot":2,"minecraft:bread":1,"minecraft:iron_sword":1,"minecraft:wheat_seeds":7,"minecraft:baked_potato":4,"minecraft:cobblestone":3,"minecraft:copper_ingot":1,"minecraft:emerald":2,"minecraft:spruce_leaves":11,"minecraft:oxeye_daisy":1,"minecraft:dirt":372,"minecraft:cornflower":2,"minecraft:oak_stairs":12,"minecraft:iron_axe":1,"minecraft:purple_wool":1,"minecraft:fishing_rod":1,"minecraft:white_wool":64,"minecraft:spruce_sapling":1,"minecraft:dandelion":10,"minecraft:moss_carpet":2,"minecraft:stone_axe":4,"minecraft:sugar_cane":1,"minecraft:birch_sapling":1,"minecraft:raw_iron":6,"minecraft:rotten_flesh":1,"minecraft:stripped_oak_log":1,"minecraft:white_terracotta":2,"minecraft:carrot":10,"minecraft:poppy":3,"minecraft:potato":115,"minecraft:stone":16,"minecraft:gunpowder":1,"minecraft:andesite":2,"minecraft:spruce_pressure_plate":1,"minecraft:beef":1,"minecraft:stone_pickaxe":3,"minecraft:wooden_pickaxe":2},"minecraft:killed":{"minecraft:witch":1,"minecraft:spider":5,"minecraft:skeleton":7,"minecraft:drowned":1,"minecraft:pig":5,"minecraft:zombie_villager":1,"minecraft:creeper":1,"minecraft:sheep":3,"minecraft:trader_llama":2,"minecraft:zombie":12,"minecraft:enderman":2,"minecraft:cow":5},"minecraft:custom":{"minecraft:mob_kills":47,"minecraft:animals_bred":12,"minecraft:interact_with_crafting_table":51,"minecraft:open_barrel":1,"minecraft:bell_ring":5,"minecraft:leave_game":3,"minecraft:time_since_death":53653,"minecraft:climb_one_cm":2533,"minecraft:sprint_one_cm":769252,"minecraft:damage_blocked_by_shield":1913,"minecraft:walk_one_cm":619270,"minecraft:drop":121,"minecraft:talked_to_villager":12,"minecraft:play_time":268422,"minecraft:sneak_time":18374,"minecraft:deaths":7,"minecraft:walk_under_water_one_cm":23103,"minecraft:boat_one_cm":177581,"minecraft:jump":4618,"minecraft:walk_on_water_one_cm":32077,"minecraft:total_world_time":268422,"minecraft:interact_with_furnace":42,"minecraft:traded_with_villager":43,"minecraft:sleep_in_bed":4,"minecraft:time_since_rest":53683,"minecraft:damage_taken":6052,"minecraft:damage_dealt":8027,"minecraft:player_kills":2,"minecraft:swim_one_cm":94316,"minecraft:fly_one_cm":932465,"minecraft:open_chest":78,"minecraft:crouch_one_cm":69305,"minecraft:fall_one_cm":94986,"minecraft:horse_one_cm":34478},"minecraft:mined":{"minecraft:diamond_ore":2,"minecraft:tuff":2,"minecraft:spruce_planks":14,"minecraft:white_bed":3,"minecraft:mossy_cobblestone":1,"minecraft:oak_door":8,"minecraft:brewing_stand":1,"minecraft:grass_block":92,"minecraft:yellow_carpet":3,"minecraft:brown_mushroom_block":20,"minecraft:moss_block":1,"minecraft:spruce_leaves":131,"minecraft:kelp":3,"minecraft:hay_block":19,"minecraft:redstone_ore":7,"minecraft:carrots":13,"minecraft:furnace":4,"minecraft:iron_ore":89,"minecraft:barrel":2,"minecraft:fire":3,"minecraft:andesite":5,"minecraft:fletching_table":1,"minecraft:bookshelf":4,"minecraft:potatoes":52,"minecraft:dirt_path":8,"minecraft:deepslate_iron_ore":3,"minecraft:oak_stairs":11,"minecraft:stone":89,"minecraft:tripwire":30,"minecraft:deepslate_redstone_ore":1,"minecraft:oak_slab":2,"minecraft:glass_pane":6,"minecraft:kelp_plant":2,"minecraft:dandelion":5,"minecraft:oak_fence":33,"minecraft:crafting_table":7,"minecraft:cornflower":2,"minecraft:short_grass":155,"minecraft:chest":2,"minecraft:white_stained_glass_pane":4,"minecraft:mushroom_stem":5,"minecraft:lectern":1,"minecraft:tall_grass":26,"minecraft:glass":1,"minecraft:cobblestone":22,"minecraft:diorite":1,"minecraft:deepslate_gold_ore":11,"minecraft:lapis_ore":6,"minecraft:oak_planks":23,"minecraft:grindstone":1,"minecraft:sugar_cane":282,"minecraft:white_terracotta":21,"minecraft:purple_bed":2,"minecraft:wheat":2,"minecraft:sweet_berry_bush":7,"minecraft:spruce_log":363,"minecraft:white_carpet":2,"minecraft:birch_leaves":3,"minecraft:yellow_bed":7,"minecraft:yellow_stained_glass_pane":5,"minecraft:coal_ore":63,"minecraft:oak_log":121,"minecraft:gravel":2,"minecraft:dirt":137,"minecraft:sand":166,"minecraft:tripwire_hook":1,"minecraft:gold_ore":15,"minecraft:oak_leaves":35,"minecraft:deepslate":5},"minecraft:killed_by":{"minecraft:zombie_villager":1,"minecraft:enderman":1,"minecraft:drowned":1,"minecraft:skeleton":2,"minecraft:zombie":1},"minecraft:crafted":{"minecraft:oak_door":3,"minecraft:oak_planks":464,"minecraft:stone_shovel":1,"minecraft:barrel":2,"minecraft:tripwire_hook":2,"minecraft:furnace":3,"minecraft:lever":1,"minecraft:bone_meal":168,"minecraft:white_carpet":15,"minecraft:cooked_mutton":5,"minecraft:spruce_pressure_plate":1,"minecraft:glass":55,"minecraft:iron_boots":1,"minecraft:iron_axe":3,"minecraft:ladder":6,"minecraft:spruce_slab":6,"minecraft:stone_pickaxe":1,"minecraft:chest":4,"minecraft:stone_hoe":1,"minecraft:wheat":171,"minecraft:cooked_beef":3,"minecraft:oak_slab":48,"minecraft:emerald":43,"minecraft:cooked_porkchop":9,"minecraft:iron_helmet":1,"minecraft:crafting_table":4,"minecraft:spruce_planks":116,"minecraft:baked_potato":6,"minecraft:wooden_pickaxe":1,"minecraft:bucket":1,"minecraft:stone_axe":2,"minecraft:bread":55,"minecraft:air":0,"minecraft:oak_boat":3,"minecraft:spruce_trapdoor":2,"minecraft:iron_chestplate":1,"minecraft:white_wool":101,"minecraft:shield":1,"minecraft:stick":20,"minecraft:iron_ingot":51,"minecraft:iron_pickaxe":2,"minecraft:iron_shovel":1,"minecraft:gold_ingot":20,"minecraft:white_bed":5,"minecraft:torch":4,"minecraft:shears":1},"minecraft:broken":{"minecraft:golden_axe":1,"minecraft:iron_axe":2,"minecraft:iron_pickaxe":1,"minecraft:stone_shovel":1}},"DataVersion":3953}