{"stats":{"minecraft:used":{"minecraft:oak_fence":4,"minecraft:netherite_sword":3,"minecraft:iron_shovel":111,"minecraft:stone_shovel":137,"minecraft:ladder":2,"minecraft:spruce_planks":65,"minecraft:white_terracotta":18,"minecraft:chest":3,"minecraft:shield":3,"minecraft:iron_sword":4,"minecraft:stone_hoe":90,"minecraft:oak_door":8,"minecraft:spruce_leaves":9,"minecraft:torch":4,"minecraft:dirt":590,"minecraft:carrot":13,"minecraft:tuff":2,"minecraft:glass":37,"minecraft:iron_axe":416,"minecraft:barrel":3,"minecraft:tripwire_hook":3,"minecraft:bow":3,"minecraft:oak_sapling":10,"minecraft:furnace":4,"minecraft:egg":5,"minecraft:potato":9,"minecraft:wheat_seeds":23,"minecraft:cooked_mutton":4,"minecraft:water_bucket":29,"minecraft:stone_pickaxe":52,"minecraft:oak_planks":119,"minecraft:wooden_pickaxe":13,"minecraft:sugar_cane":73,"minecraft:sand":14,"minecraft:oak_slab":50,"minecraft:crafting_table":8,"minecraft:white_bed":4,"minecraft:shears":28,"minecraft:spruce_log":194,"minecraft:lever":3,"minecraft:bread":64,"minecraft:string":59,"minecraft:iron_pickaxe":158,"minecraft:spruce_trapdoor":2,"minecraft:spruce_sapling":54,"minecraft:stone_axe":46,"minecraft:fishing_rod":6,"minecraft:cobblestone":48,"minecraft:purple_bed":2,"minecraft:andesite":2,"minecraft:bucket":30,"minecraft:yellow_bed":7,"minecraft:oak_boat":11,"minecraft:kelp":6,"minecraft:bone_meal":24},"minecraft:picked_up":{"minecraft:spruce_leaves":28,"minecraft:fishing_rod":2,"minecraft:crafting_table":8,"minecraft:wheat":32,"minecraft:purple_wool":2,"minecraft:ladder":4,"minecraft:lead":7,"minecraft:wooden_pickaxe":1,"minecraft:oak_stairs":31,"minecraft:brewing_stand":1,"minecraft:shield":5,"minecraft:cornflower":2,"minecraft:string":1028,"minecraft:iron_axe":6,"minecraft:iron_shovel":1,"minecraft:cobbled_deepslate":4,"minecraft:bucket":3,"minecraft:spruce_planks":56,"minecraft:beef":2,"minecraft:oak_boat":11,"minecraft:spruce_slab":4,"minecraft:poppy":2,"minecraft:iron_pickaxe":7,"minecraft:lectern":1,"minecraft:sugar_cane":307,"minecraft:chest":1,"minecraft:birch_sapling":1,"minecraft:egg":13,"minecraft:furnace":6,"minecraft:raw_iron":43,"minecraft:stick":62,"minecraft:stone":80,"minecraft:oak_door":16,"minecraft:copper_ingot":3,"minecraft:oak_fence":4,"minecraft:torch":6,"minecraft:redstone":52,"minecraft:stone_shovel":4,"minecraft:rotten_flesh":18,"minecraft:arrow":9,"minecraft:shears":1,"minecraft:hay_block":19,"minecraft:gold_ingot":40,"minecraft:white_terracotta":20,"minecraft:mutton":15,"minecraft:white_wool":40,"minecraft:cobblestone":154,"minecraft:oxeye_daisy":1,"minecraft:stripped_oak_log":1,"minecraft:tripwire_hook":1,"minecraft:water_bucket":1,"minecraft:andesite":4,"minecraft:leather":10,"minecraft:potato":1,"minecraft:tuff":2,"minecraft:oak_log":52,"minecraft:yellow_bed":8,"minecraft:gunpowder":1,"minecraft:lapis_lazuli":41,"minecraft:dirt":1736,"minecraft:glass":37,"minecraft:bone":6,"minecraft:kelp":21,"minecraft:bow":3,"minecraft:wheat_seeds":47,"minecraft:raw_gold":20,"minecraft:stone_pickaxe":3,"minecraft:grindstone":1,"minecraft:iron_ingot":33,"minecraft:fletching_table":1,"minecraft:iron_sword":2,"minecraft:oak_planks":134,"minecraft:book":12,"minecraft:oak_slab":2,"minecraft:sweet_berries":17,"minecraft:dandelion":19,"minecraft:gravel":9,"minecraft:sand":87,"minecraft:spruce_sapling":55,"minecraft:white_bed":5,"minecraft:grass_block":1,"minecraft:spruce_log":390,"minecraft:barrel":2,"minecraft:spider_eye":2,"minecraft:mossy_cobblestone":2,"minecraft:purple_bed":2,"minecraft:yellow_carpet":6,"minecraft:stone_axe":3,"minecraft:diamond":4,"minecraft:lever":2,"minecraft:emerald":4,"minecraft:bread":24,"minecraft:oak_sapling":12,"minecraft:baked_potato":4,"minecraft:coal":65},"minecraft:dropped":{"minecraft:iron_sword":1,"minecraft:iron_ingot":2,"minecraft:bread":1,"minecraft:wheat_seeds":3,"minecraft:baked_potato":4,"minecraft:cobblestone":3,"minecraft:copper_ingot":1,"minecraft:emerald":2,"minecraft:spruce_leaves":11,"minecraft:oxeye_daisy":1,"minecraft:dirt":372,"minecraft:cornflower":2,"minecraft:oak_stairs":12,"minecraft:iron_axe":1,"minecraft:purple_wool":1,"minecraft:fishing_rod":1,"minecraft:white_wool":64,"minecraft:spruce_sapling":1,"minecraft:dandelion":9,"minecraft:stone_axe":4,"minecraft:sugar_cane":1,"minecraft:birch_sapling":1,"minecraft:raw_iron":6,"minecraft:stripped_oak_log":1,"minecraft:white_terracotta":2,"minecraft:poppy":2,"minecraft:stone":16,"minecraft:gunpowder":1,"minecraft:spruce_pressure_plate":1,"minecraft:andesite":2,"minecraft:beef":1,"minecraft:stone_pickaxe":3,"minecraft:wooden_pickaxe":2},"minecraft:killed":{"minecraft:witch":1,"minecraft:spider":4,"minecraft:skeleton":4,"minecraft:drowned":1,"minecraft:zombie_villager":1,"minecraft:creeper":1,"minecraft:sheep":2,"minecraft:trader_llama":2,"minecraft:zombie":11,"minecraft:enderman":2,"minecraft:cow":1},"minecraft:custom":{"minecraft:mob_kills":32,"minecraft:animals_bred":7,"minecraft:interact_with_crafting_table":38,"minecraft:bell_ring":5,"minecraft:leave_game":2,"minecraft:time_since_death":19786,"minecraft:climb_one_cm":1899,"minecraft:sprint_one_cm":562056,"minecraft:walk_one_cm":469180,"minecraft:damage_blocked_by_shield":620,"minecraft:drop":63,"minecraft:talked_to_villager":9,"minecraft:play_time":213178,"minecraft:sneak_time":13518,"minecraft:deaths":6,"minecraft:walk_under_water_one_cm":21510,"minecraft:boat_one_cm":177581,"minecraft:jump":3560,"minecraft:walk_on_water_one_cm":25415,"minecraft:total_world_time":213178,"minecraft:interact_with_furnace":25,"minecraft:traded_with_villager":28,"minecraft:sleep_in_bed":4,"minecraft:time_since_rest":19835,"minecraft:damage_taken":4727,"minecraft:damage_dealt":6113,"minecraft:swim_one_cm":78250,"minecraft:player_kills":2,"minecraft:fly_one_cm":724648,"minecraft:open_chest":69,"minecraft:crouch_one_cm":49759,"minecraft:fall_one_cm":67058,"minecraft:horse_one_cm":34478},"minecraft:mined":{"minecraft:diamond_ore":2,"minecraft:tuff":2,"minecraft:spruce_planks":9,"minecraft:white_bed":3,"minecraft:mossy_cobblestone":1,"minecraft:oak_door":8,"minecraft:brewing_stand":1,"minecraft:grass_block":89,"minecraft:yellow_carpet":3,"minecraft:spruce_leaves":107,"minecraft:kelp":3,"minecraft:hay_block":19,"minecraft:redstone_ore":7,"minecraft:furnace":3,"minecraft:iron_ore":30,"minecraft:fire":3,"minecraft:barrel":2,"minecraft:andesite":4,"minecraft:fletching_table":1,"minecraft:bookshelf":4,"minecraft:deepslate_iron_ore":3,"minecraft:dirt_path":8,"minecraft:oak_stairs":11,"minecraft:stone":77,"minecraft:tripwire":30,"minecraft:deepslate_redstone_ore":1,"minecraft:oak_slab":2,"minecraft:glass_pane":6,"minecraft:kelp_plant":2,"minecraft:dandelion":5,"minecraft:oak_fence":5,"minecraft:cornflower":2,"minecraft:crafting_table":5,"minecraft:short_grass":94,"minecraft:chest":1,"minecraft:white_stained_glass_pane":4,"minecraft:lectern":1,"minecraft:glass":1,"minecraft:tall_grass":21,"minecraft:cobblestone":14,"minecraft:sugar_cane":209,"minecraft:deepslate_gold_ore":11,"minecraft:lapis_ore":6,"minecraft:grindstone":1,"minecraft:oak_planks":11,"minecraft:white_terracotta":21,"minecraft:purple_bed":2,"minecraft:sweet_berry_bush":7,"minecraft:spruce_log":260,"minecraft:birch_leaves":3,"minecraft:yellow_bed":7,"minecraft:yellow_stained_glass_pane":5,"minecraft:oak_log":52,"minecraft:coal_ore":23,"minecraft:sand":76,"minecraft:gravel":2,"minecraft:dirt":117,"minecraft:tripwire_hook":1,"minecraft:gold_ore":9,"minecraft:oak_leaves":30,"minecraft:deepslate":4},"minecraft:killed_by":{"minecraft:zombie_villager":1,"minecraft:enderman":1,"minecraft:drowned":1,"minecraft:skeleton":1,"minecraft:zombie":1},"minecraft:crafted":{"minecraft:oak_door":3,"minecraft:oak_planks":208,"minecraft:barrel":1,"minecraft:stone_shovel":1,"minecraft:tripwire_hook":2,"minecraft:furnace":2,"minecraft:lever":1,"minecraft:bone_meal":24,"minecraft:spruce_pressure_plate":1,"minecraft:cooked_mutton":5,"minecraft:glass":37,"minecraft:iron_axe":3,"minecraft:ladder":6,"minecraft:spruce_slab":6,"minecraft:stone_pickaxe":1,"minecraft:chest":2,"minecraft:stone_hoe":1,"minecraft:wheat":171,"minecraft:oak_slab":48,"minecraft:emerald":28,"minecraft:crafting_table":4,"minecraft:spruce_planks":92,"minecraft:wooden_pickaxe":1,"minecraft:bucket":1,"minecraft:stone_axe":1,"minecraft:bread":51,"minecraft:air":0,"minecraft:oak_boat":3,"minecraft:spruce_trapdoor":2,"minecraft:white_wool":101,"minecraft:shield":1,"minecraft:stick":16,"minecraft:iron_ingot":31,"minecraft:iron_pickaxe":1,"minecraft:iron_shovel":1,"minecraft:gold_ingot":20,"minecraft:white_bed":1,"minecraft:torch":4,"minecraft:shears":1},"minecraft:broken":{"minecraft:iron_axe":1,"minecraft:stone_shovel":1}},"DataVersion":3953}