{"stats":{"minecraft:used":{"minecraft:netherite_sword":3,"minecraft:stone_pickaxe":52,"minecraft:oak_planks":11,"minecraft:shield":2,"minecraft:chest":3,"minecraft:wooden_pickaxe":13,"minecraft:sugar_cane":18,"minecraft:oak_door":6,"minecraft:dirt":26,"minecraft:crafting_table":5,"minecraft:iron_axe":3,"minecraft:bread":11,"minecraft:stone_axe":46,"minecraft:cobblestone":3,"minecraft:furnace":4,"minecraft:oak_sapling":2,"minecraft:yellow_bed":3,"minecraft:oak_boat":1,"minecraft:egg":1,"minecraft:kelp":6},"minecraft:picked_up":{"minecraft:crafting_table":5,"minecraft:wooden_pickaxe":1,"minecraft:potato":1,"minecraft:oak_stairs":21,"minecraft:oak_log":24,"minecraft:shield":1,"minecraft:yellow_bed":3,"minecraft:dirt":37,"minecraft:iron_axe":1,"minecraft:bone":2,"minecraft:kelp":6,"minecraft:wheat_seeds":14,"minecraft:iron_ingot":4,"minecraft:grindstone":1,"minecraft:beef":2,"minecraft:iron_pickaxe":1,"minecraft:fletching_table":1,"minecraft:lectern":1,"minecraft:sugar_cane":19,"minecraft:chest":1,"minecraft:oak_planks":41,"minecraft:furnace":4,"minecraft:egg":1,"minecraft:book":12,"minecraft:stick":4,"minecraft:raw_iron":11,"minecraft:oak_door":9,"minecraft:dandelion":1,"minecraft:arrow":4,"minecraft:rotten_flesh":1,"minecraft:hay_block":10,"minecraft:bread":16,"minecraft:baked_potato":4,"minecraft:oak_sapling":2,"minecraft:coal":13,"minecraft:cobblestone":49},"minecraft:dropped":{"minecraft:stone_axe":1,"minecraft:baked_potato":4,"minecraft:cobblestone":3,"minecraft:dirt":3,"minecraft:oak_stairs":2,"minecraft:stone_pickaxe":1,"minecraft:wooden_pickaxe":2,"minecraft:beef":1,"minecraft:dandelion":1},"minecraft:killed":{"minecraft:skeleton":1,"minecraft:zombie":1,"minecraft:cow":1},"minecraft:custom":{"minecraft:interact_with_furnace":6,"minecraft:mob_kills":3,"minecraft:animals_bred":2,"minecraft:interact_with_crafting_table":12,"minecraft:leave_game":2,"minecraft:time_since_death":2829,"minecraft:sleep_in_bed":3,"minecraft:time_since_rest":2868,"minecraft:sprint_one_cm":125266,"minecraft:damage_taken":698,"minecraft:walk_one_cm":95446,"minecraft:damage_blocked_by_shield":180,"minecraft:drop":15,"minecraft:damage_dealt":730,"minecraft:swim_one_cm":61493,"minecraft:fly_one_cm":173532,"minecraft:player_kills":1,"minecraft:open_chest":6,"minecraft:crouch_one_cm":4655,"minecraft:play_time":69178,"minecraft:deaths":1,"minecraft:sneak_time":1479,"minecraft:walk_under_water_one_cm":8814,"minecraft:boat_one_cm":142883,"minecraft:jump":782,"minecraft:walk_on_water_one_cm":3796,"minecraft:total_world_time":69178,"minecraft:fall_one_cm":15386},"minecraft:mined":{"minecraft:oak_door":6,"minecraft:kelp_plant":2,"minecraft:dandelion":1,"minecraft:crafting_table":4,"minecraft:short_grass":57,"minecraft:grass_block":6,"minecraft:chest":1,"minecraft:lectern":1,"minecraft:tall_grass":15,"minecraft:oak_planks":2,"minecraft:grindstone":1,"minecraft:sugar_cane":9,"minecraft:kelp":3,"minecraft:hay_block":10,"minecraft:furnace":3,"minecraft:iron_ore":13,"minecraft:birch_leaves":2,"minecraft:fletching_table":1,"minecraft:yellow_bed":2,"minecraft:bookshelf":4,"minecraft:coal_ore":13,"minecraft:oak_log":24,"minecraft:oak_stairs":1,"minecraft:dirt":6,"minecraft:stone":35,"minecraft:oak_leaves":18},"minecraft:killed_by":{"minecraft:drowned":1},"minecraft:crafted":{"minecraft:oak_door":3,"minecraft:oak_planks":96,"minecraft:crafting_table":2,"minecraft:wooden_pickaxe":1,"minecraft:furnace":2,"minecraft:stone_axe":1,"minecraft:bread":18,"minecraft:air":0,"minecraft:oak_boat":1,"minecraft:shield":1,"minecraft:iron_axe":1,"minecraft:stick":8,"minecraft:iron_ingot":11,"minecraft:iron_pickaxe":1,"minecraft:stone_pickaxe":1,"minecraft:chest":2,"minecraft:wheat":72}},"DataVersion":3953}