{"stats":{"minecraft:dropped":{"minecraft:iron_sword":1,"minecraft:porkchop":1,"minecraft:cooked_beef":12,"minecraft:baked_potato":4,"minecraft:diamond":17,"minecraft:warped_roots":18,"minecraft:emerald":2,"minecraft:cod":2,"minecraft:spruce_leaves":44,"minecraft:dirt":383,"minecraft:cornflower":2,"minecraft:bone_meal":10,"minecraft:sand":5,"minecraft:purple_wool":1,"minecraft:fishing_rod":1,"minecraft:white_wool":68,"minecraft:bone":3,"minecraft:gravel":30,"minecraft:stone_axe":5,"minecraft:sugar_cane":15,"minecraft:cooked_chicken":6,"minecraft:cobbled_deepslate":8,"minecraft:lever":2,"minecraft:chiseled_tuff_bricks":8,"minecraft:wheat":1,"minecraft:birch_sapling":2,"minecraft:rotten_flesh":9,"minecraft:oak_planks":7,"minecraft:prismarine":5,"minecraft:golden_shovel":1,"minecraft:carrot":289,"minecraft:poppy":17,"minecraft:gunpowder":1,"minecraft:spruce_pressure_plate":1,"minecraft:ladder":2,"minecraft:azalea":1,"minecraft:chest":1,"minecraft:spruce_slab":9,"minecraft:arrow":1,"minecraft:beef":1,"minecraft:bread":2,"minecraft:iron_ingot":20,"minecraft:enchanted_book":1,"minecraft:egg":67,"minecraft:stone_hoe":1,"minecraft:golden_boots":1,"minecraft:oak_slab":8,"minecraft:wheat_seeds":15,"minecraft:dripstone_block":2,"minecraft:feather":7,"minecraft:oak_fence":7,"minecraft:prismarine_crystals":3,"minecraft:iron_helmet":5,"minecraft:cobblestone":10,"minecraft:book":1,"minecraft:granite":219,"minecraft:yellow_carpet":3,"minecraft:spruce_stairs":14,"minecraft:activator_rail":11,"minecraft:copper_ingot":3,"minecraft:acacia_trapdoor":4,"minecraft:grass_block":2,"minecraft:stick":5,"minecraft:oxeye_daisy":1,"minecraft:milk_bucket":4,"minecraft:diorite":17,"minecraft:torch":48,"minecraft:oak_stairs":37,"minecraft:iron_axe":2,"minecraft:paper":5,"minecraft:string":134,"minecraft:spruce_sapling":2,"minecraft:redstone_block":1,"minecraft:dandelion":30,"minecraft:furnace":1,"minecraft:moss_carpet":4,"minecraft:tuff_bricks":46,"minecraft:cobblestone_wall":68,"minecraft:tuff":9,"minecraft:raw_iron":13,"minecraft:chicken":1,"minecraft:stripped_oak_log":1,"minecraft:white_terracotta":2,"minecraft:shears":2,"minecraft:potato":587,"minecraft:cobblestone_slab":2,"minecraft:stone":16,"minecraft:shield":2,"minecraft:spruce_trapdoor":2,"minecraft:spruce_planks":7,"minecraft:andesite":3,"minecraft:yellow_bed":1,"minecraft:oak_boat":1,"minecraft:oak_sapling":1,"minecraft:redstone_torch":1,"minecraft:stone_bricks":2,"minecraft:stone_pickaxe":5,"minecraft:bow":1,"minecraft:wooden_pickaxe":2},"minecraft:broken":{"minecraft:iron_shovel":2,"minecraft:iron_boots":1,"minecraft:iron_chestplate":1,"minecraft:iron_leggings":1,"minecraft:stone_shovel":1,"minecraft:stone_sword":1,"minecraft:shield":1,"minecraft:golden_axe":1,"minecraft:iron_axe":7,"minecraft:iron_pickaxe":18,"minecraft:iron_helmet":1},"minecraft:crafted":{"minecraft:oak_planks":748,"minecraft:smooth_stone":6,"minecraft:cobblestone_slab":24,"minecraft:barrel":10,"minecraft:cooked_chicken":136,"minecraft:stone":171,"minecraft:lever":2,"minecraft:bookshelf":28,"minecraft:cooked_mutton":5,"minecraft:spruce_pressure_plate":1,"minecraft:glass":247,"minecraft:hopper":5,"minecraft:iron_boots":2,"minecraft:chest":21,"minecraft:rail":112,"minecraft:stone_hoe":1,"minecraft:oak_fence":6,"minecraft:name_tag":1,"minecraft:smoker":2,"minecraft:oak_slab":114,"minecraft:emerald":652,"minecraft:cauldron":1,"minecraft:cooked_porkchop":9,"minecraft:crafting_table":10,"minecraft:spruce_planks":996,"minecraft:baked_potato":38,"minecraft:wooden_pickaxe":1,"minecraft:iron_helmet":2,"minecraft:campfire":41,"minecraft:spruce_trapdoor":20,"minecraft:lectern":5,"minecraft:book":41,"minecraft:iron_chestplate":2,"minecraft:emerald_block":38,"minecraft:paper":831,"minecraft:diamond_pickaxe":2,"minecraft:shield":4,"minecraft:stick":88,"minecraft:iron_ingot":125,"minecraft:compass":4,"minecraft:iron_pickaxe":17,"minecraft:iron_block":3,"minecraft:gold_ingot":60,"minecraft:redstone_torch":6,"minecraft:composter":1,"minecraft:shears":5,"minecraft:oak_door":3,"minecraft:stone_shovel":1,"minecraft:tripwire_hook":4,"minecraft:furnace":9,"minecraft:blast_furnace":2,"minecraft:bone_meal":168,"minecraft:spruce_fence":3,"minecraft:white_carpet":15,"minecraft:oak_trapdoor":4,"minecraft:lantern":8,"minecraft:spruce_stairs":220,"minecraft:iron_axe":7,"minecraft:ladder":12,"minecraft:spruce_slab":42,"minecraft:stone_pickaxe":3,"minecraft:cobblestone_wall":78,"minecraft:spruce_boat":1,"minecraft:redstone_block":11,"minecraft:minecart":4,"minecraft:wheat":171,"minecraft:cooked_beef":39,"minecraft:diamond_sword":1,"minecraft:spruce_sign":3,"minecraft:enchanting_table":1,"minecraft:powered_rail":30,"minecraft:activator_rail":12,"minecraft:acacia_trapdoor":4,"minecraft:bucket":6,"minecraft:stone_axe":2,"minecraft:glowstone":34,"minecraft:enchanted_book":4,"minecraft:bread":64,"minecraft:air":0,"minecraft:oak_boat":6,"minecraft:white_wool":107,"minecraft:oak_stairs":8,"minecraft:iron_shovel":3,"minecraft:iron_leggings":1,"minecraft:stonecutter":1,"minecraft:anvil":1,"minecraft:white_bed":11,"minecraft:acacia_planks":16,"minecraft:torch":4},"minecraft:killed_by":{"minecraft:zombie_villager":1,"minecraft:zombified_piglin":1,"minecraft:wither_skeleton":2,"minecraft:creeper":4,"minecraft:drowned":4,"minecraft:blaze":1,"minecraft:zombie":5,"minecraft:elder_guardian":3,"minecraft:enderman":2,"minecraft:skeleton":9,"minecraft:guardian":3},"minecraft:used":{"minecraft:moss_block":1,"minecraft:iron_shovel":481,"minecraft:dispenser":4,"minecraft:spruce_slab":1,"minecraft:ladder":14,"minecraft:chest":30,"minecraft:white_terracotta":26,"minecraft:shield":148,"minecraft:stone":22,"minecraft:iron_sword":4,"minecraft:rotten_flesh":13,"minecraft:iron_chestplate":7,"minecraft:spruce_leaves":93,"minecraft:mutton":1,"minecraft:carrot":317,"minecraft:tuff":2,"minecraft:axolotl_bucket":1,"minecraft:milk_bucket":6,"minecraft:spruce_boat":6,"minecraft:glass":202,"minecraft:lava_bucket":7,"minecraft:iron_helmet":9,"minecraft:stone_bricks":110,"minecraft:bow":3,"minecraft:furnace":13,"minecraft:oak_sapling":17,"minecraft:egg":419,"minecraft:potato":402,"minecraft:short_grass":2,"minecraft:diorite":27,"minecraft:stone_pickaxe":186,"minecraft:acacia_trapdoor":5,"minecraft:powered_rail":73,"minecraft:oak_planks":402,"minecraft:wooden_pickaxe":13,"minecraft:redstone_block":4,"minecraft:composter":2,"minecraft:sugar_cane":81,"minecraft:white_wool":1,"minecraft:sand":20,"minecraft:blast_furnace":2,"minecraft:shears":192,"minecraft:redstone_torch":14,"minecraft:lever":13,"minecraft:string":121,"minecraft:bread":115,"minecraft:lectern":375,"minecraft:gravel":3,"minecraft:diamond_sword":176,"minecraft:grindstone":2,"minecraft:andesite":4,"minecraft:oak_boat":27,"minecraft:coarse_dirt":3,"minecraft:bone_meal":168,"minecraft:oak_fence":41,"minecraft:oak_trapdoor":4,"minecraft:netherite_sword":3,"minecraft:enchanting_table":1,"minecraft:stone_sword":5,"minecraft:stone_shovel":137,"minecraft:redstone":1,"minecraft:spruce_planks":318,"minecraft:stone_hoe":90,"minecraft:cooked_chicken":82,"minecraft:netherrack":497,"minecraft:oak_door":14,"minecraft:torch":83,"minecraft:brewing_stand":2,"minecraft:dirt":1492,"minecraft:anvil":5,"minecraft:white_carpet":17,"minecraft:hopper":11,"minecraft:prismarine_bricks":2,"minecraft:spruce_stairs":209,"minecraft:cobblestone_wall":74,"minecraft:granite":27,"minecraft:golden_shovel":9,"minecraft:spruce_fence":3,"minecraft:birch_door":2,"minecraft:bookshelf":21,"minecraft:iron_axe":1857,"minecraft:oak_stairs":8,"minecraft:iron_boots":5,"minecraft:barrel":77,"minecraft:tripwire_hook":13,"minecraft:glowstone":21,"minecraft:minecart":54,"minecraft:cooked_beef":43,"minecraft:cobbled_deepslate":28,"minecraft:iron_leggings":5,"minecraft:pointed_dripstone":2,"minecraft:golden_axe":21,"minecraft:wheat_seeds":216,"minecraft:cooked_mutton":4,"minecraft:water_bucket":134,"minecraft:baked_potato":55,"minecraft:spruce_sign":10,"minecraft:cauldron":1,"minecraft:stonecutter":3,"minecraft:fletching_table":2,"minecraft:cobblestone_slab":61,"minecraft:rail":437,"minecraft:crafting_table":46,"minecraft:oak_slab":67,"minecraft:campfire":3,"minecraft:white_bed":40,"minecraft:smoker":3,"minecraft:spruce_log":322,"minecraft:oak_log":1,"minecraft:diamond_pickaxe":1714,"minecraft:activator_rail":14,"minecraft:iron_pickaxe":4706,"minecraft:spruce_trapdoor":32,"minecraft:spruce_sapling":123,"minecraft:stone_axe":131,"minecraft:fishing_rod":6,"minecraft:cobblestone":1770,"minecraft:purple_bed":2,"minecraft:cooked_porkchop":6,"minecraft:bucket":143,"minecraft:yellow_bed":7,"minecraft:kelp":6},"minecraft:killed":{"minecraft:cave_spider":5,"minecraft:zombified_piglin":1,"minecraft:witch":1,"minecraft:spider":16,"minecraft:skeleton":28,"minecraft:chicken":103,"minecraft:magma_cube":1,"minecraft:pig":6,"minecraft:zombie_villager":6,"minecraft:elder_guardian":1,"minecraft:iron_golem":5,"minecraft:creeper":11,"minecraft:sheep":4,"minecraft:trader_llama":2,"minecraft:zombie":50,"minecraft:blaze":3,"minecraft:cow":23,"minecraft:phantom":2,"minecraft:drowned":2,"minecraft:wither_skeleton":15,"minecraft:villager":6,"minecraft:enderman":10},"minecraft:mined":{"minecraft:spruce_planks":41,"minecraft:white_bed":28,"minecraft:brewing_stand":2,"minecraft:spruce_trapdoor":13,"minecraft:granite":360,"minecraft:grass_block":152,"minecraft:yellow_carpet":3,"minecraft:chiseled_tuff_bricks":4,"minecraft:composter":1,"minecraft:hopper":6,"minecraft:tuff_bricks":24,"minecraft:spawner":2,"minecraft:tall_seagrass":5,"minecraft:glowstone":48,"minecraft:cobbled_deepslate":5,"minecraft:barrel":68,"minecraft:iron_ore":94,"minecraft:fire":7,"minecraft:anvil":3,"minecraft:fletching_table":2,"minecraft:twisting_vines":1,"minecraft:pointed_dripstone":4,"minecraft:dirt_path":68,"minecraft:oak_stairs":15,"minecraft:tripwire":73,"minecraft:deepslate_redstone_ore":21,"minecraft:kelp_plant":5,"minecraft:twisting_vines_plant":1,"minecraft:smoker":1,"minecraft:torch":12,"minecraft:poppy":1,"minecraft:chest":15,"minecraft:white_stained_glass_pane":4,"minecraft:mushroom_stem":5,"minecraft:spruce_wall_sign":6,"minecraft:glass":1,"minecraft:cobblestone":538,"minecraft:sugar_cane":1210,"minecraft:grindstone":2,"minecraft:prismarine":5,"minecraft:oak_planks":87,"minecraft:wall_torch":3,"minecraft:seagrass":1,"minecraft:white_terracotta":29,"minecraft:waxed_copper_bulb":2,"minecraft:red_candle":2,"minecraft:warped_nylium":36,"minecraft:powered_rail":50,"minecraft:wheat":192,"minecraft:activator_rail":14,"minecraft:waxed_copper_block":1,"minecraft:birch_door":2,"minecraft:stripped_oak_wood":1,"minecraft:yellow_stained_glass_pane":5,"minecraft:oak_log":191,"minecraft:oak_fence_gate":1,"minecraft:sand":185,"minecraft:dirt":478,"minecraft:dispenser":3,"minecraft:tripwire_hook":10,"minecraft:stonecutter":2,"minecraft:netherrack":848,"minecraft:oak_leaves":51,"minecraft:deepslate":244,"minecraft:suspicious_gravel":1,"minecraft:nether_gold_ore":13,"minecraft:diamond_ore":2,"minecraft:tuff":28,"minecraft:mossy_cobblestone":1,"minecraft:deepslate_diamond_ore":68,"minecraft:oak_door":11,"minecraft:sea_lantern":2,"minecraft:nether_bricks":2,"minecraft:lever":4,"minecraft:ladder":6,"minecraft:redstone_wire":1,"minecraft:brown_mushroom_block":20,"minecraft:spruce_leaves":382,"minecraft:kelp":4,"minecraft:moss_block":1,"minecraft:sandstone":7,"minecraft:hay_block":19,"minecraft:redstone_ore":7,"minecraft:furnace":10,"minecraft:spruce_sapling":1,"minecraft:carrots":227,"minecraft:acacia_trapdoor":4,"minecraft:andesite":44,"minecraft:bookshelf":7,"minecraft:potatoes":364,"minecraft:cobblestone_slab":37,"minecraft:deepslate_iron_ore":40,"minecraft:rail":348,"minecraft:stripped_oak_log":4,"minecraft:wet_sponge":22,"minecraft:stone":3126,"minecraft:oak_slab":15,"minecraft:redstone_block":4,"minecraft:glass_pane":6,"minecraft:dandelion":9,"minecraft:oak_fence":37,"minecraft:crafting_table":37,"minecraft:cornflower":2,"minecraft:short_grass":234,"minecraft:emerald_ore":1,"minecraft:warped_roots":4,"minecraft:lectern":370,"minecraft:campfire":1,"minecraft:tall_grass":46,"minecraft:copper_ore":24,"minecraft:deepslate_gold_ore":61,"minecraft:lapis_ore":6,"minecraft:diorite":107,"minecraft:prismarine_bricks":2,"minecraft:spruce_stairs":15,"minecraft:purple_bed":2,"minecraft:coarse_dirt":3,"minecraft:cobblestone_wall":74,"minecraft:redstone_torch":9,"minecraft:sweet_berry_bush":7,"minecraft:white_carpet":2,"minecraft:spruce_log":585,"minecraft:birch_leaves":4,"minecraft:yellow_bed":8,"minecraft:coal_ore":220,"minecraft:gravel":39,"minecraft:dripstone_block":3,"minecraft:cobweb":36,"minecraft:stone_bricks":12,"minecraft:gold_ore":20},"minecraft:picked_up":{"minecraft:iron_chestplate":24,"minecraft:birch_door":2,"minecraft:wheat":246,"minecraft:redstone_block":15,"minecraft:anvil":4,"minecraft:lead":9,"minecraft:diamond_sword":6,"minecraft:oak_stairs":58,"minecraft:enchanted_book":3,"minecraft:golden_shovel":1,"minecraft:brewing_stand":3,"minecraft:music_disc_cat":1,"minecraft:string":8149,"minecraft:raw_copper":143,"minecraft:cooked_salmon":3,"minecraft:iron_leggings":8,"minecraft:red_candle":14,"minecraft:activator_rail":13,"minecraft:gold_nugget":188,"minecraft:cobbled_deepslate":245,"minecraft:bucket":13,"minecraft:spruce_planks":163,"minecraft:redstone_torch":37,"minecraft:cobblestone_slab":109,"minecraft:azalea":3,"minecraft:iron_pickaxe":35,"minecraft:iron_boots":17,"minecraft:furnace":18,"minecraft:stick":129,"minecraft:composter":1,"minecraft:oak_fence":46,"minecraft:torch":146,"minecraft:spruce_stairs":47,"minecraft:porkchop":12,"minecraft:pointed_dripstone":11,"minecraft:diorite":327,"minecraft:stone_sword":7,"minecraft:rotten_flesh":190,"minecraft:glowstone":13,"minecraft:bookshelf":4,"minecraft:white_terracotta":28,"minecraft:blaze_rod":6,"minecraft:obsidian":4,"minecraft:cod":2,"minecraft:cobblestone":6537,"minecraft:feather":157,"minecraft:cooked_beef":27,"minecraft:water_bucket":6,"minecraft:andesite":21,"minecraft:smoker":1,"minecraft:potato":1305,"minecraft:flint":8,"minecraft:tuff":13,"minecraft:prismarine_bricks":2,"minecraft:wither_skeleton_skull":2,"minecraft:lapis_lazuli":82,"minecraft:dirt":3159,"minecraft:name_tag":4,"minecraft:glass":143,"minecraft:bone":175,"minecraft:stonecutter":2,"minecraft:bow":6,"minecraft:wheat_seeds":594,"minecraft:raw_gold":138,"minecraft:grindstone":2,"minecraft:fletching_table":3,"minecraft:glowstone_dust":156,"minecraft:powered_rail":89,"minecraft:moss_block":2,"minecraft:prismarine":30,"minecraft:stone_hoe":2,"minecraft:oak_planks":446,"minecraft:cooked_porkchop":2,"minecraft:music_disc_13":1,"minecraft:axolotl_bucket":2,"minecraft:poisonous_potato":12,"minecraft:sand":330,"minecraft:ink_sac":9,"minecraft:grass_block":3,"minecraft:barrel":72,"minecraft:mossy_cobblestone":2,"minecraft:dispenser":5,"minecraft:yellow_carpet":9,"minecraft:diamond":100,"minecraft:spruce_boat":11,"minecraft:lever":14,"minecraft:granite":512,"minecraft:bone_meal":30,"minecraft:spruce_sign":16,"minecraft:bread":58,"minecraft:emerald":124,"minecraft:oak_sapling":21,"minecraft:netherrack":1325,"minecraft:diamond_pickaxe":9,"minecraft:spruce_leaves":146,"minecraft:fishing_rod":7,"minecraft:charcoal":6,"minecraft:coarse_dirt":3,"minecraft:crafting_table":52,"minecraft:purple_wool":2,"minecraft:chicken":162,"minecraft:ladder":12,"minecraft:brown_mushroom":30,"minecraft:wooden_pickaxe":1,"minecraft:shield":18,"minecraft:cornflower":2,"minecraft:moss_carpet":8,"minecraft:iron_axe":34,"minecraft:white_carpet":2,"minecraft:iron_shovel":12,"minecraft:beef":64,"minecraft:oak_boat":30,"minecraft:lectern":372,"minecraft:poppy":22,"minecraft:spruce_slab":13,"minecraft:minecart":62,"minecraft:sugar_cane":2787,"minecraft:chest":22,"minecraft:birch_sapling":3,"minecraft:spruce_trapdoor":15,"minecraft:egg":492,"minecraft:raw_iron":237,"minecraft:sandstone":42,"minecraft:stone":80,"minecraft:oak_door":27,"minecraft:copper_ingot":5,"minecraft:carrot":1051,"minecraft:redstone":352,"minecraft:prismarine_crystals":18,"minecraft:tnt":1,"minecraft:cooked_cod":4,"minecraft:arrow":78,"minecraft:stone_shovel":4,"minecraft:nether_bricks":5,"minecraft:shears":6,"minecraft:hay_block":19,"minecraft:gold_ingot":73,"minecraft:tuff_bricks":46,"minecraft:mutton":20,"minecraft:rail":477,"minecraft:white_wool":82,"minecraft:oxeye_daisy":1,"minecraft:wet_sponge":46,"minecraft:stripped_oak_log":5,"minecraft:clock":2,"minecraft:tripwire_hook":11,"minecraft:leather":40,"minecraft:filled_map":5,"minecraft:waxed_copper_bulb":4,"minecraft:oak_log":226,"minecraft:waxed_copper_block":2,"minecraft:gunpowder":33,"minecraft:golden_boots":2,"minecraft:yellow_bed":9,"minecraft:cobblestone_wall":384,"minecraft:paper":317,"minecraft:apple":8,"minecraft:stone_bricks":10,"minecraft:kelp":48,"minecraft:acacia_trapdoor":5,"minecraft:heart_of_the_sea":1,"minecraft:iron_ingot":371,"minecraft:stone_pickaxe":3,"minecraft:cooked_chicken":50,"minecraft:stripped_oak_wood":1,"minecraft:iron_sword":2,"minecraft:book":21,"minecraft:oak_slab":50,"minecraft:warped_fungus":2,"minecraft:milk_bucket":5,"minecraft:sweet_berries":34,"minecraft:dandelion":46,"minecraft:dripstone_block":2,"minecraft:gravel":97,"minecraft:lava_bucket":3,"minecraft:spruce_sapling":134,"minecraft:white_bed":33,"minecraft:spruce_log":786,"minecraft:spider_eye":70,"minecraft:pumpkin_seeds":2,"minecraft:purple_bed":2,"minecraft:stone_axe":9,"minecraft:campfire":66,"minecraft:short_grass":2,"minecraft:iron_helmet":29,"minecraft:diamond_axe":1,"minecraft:warped_roots":23,"minecraft:baked_potato":52,"minecraft:coal":563,"minecraft:chiseled_tuff_bricks":8,"minecraft:hopper":12,"minecraft:ender_pearl":16},"minecraft:custom":{"minecraft:animals_bred":256,"minecraft:interact_with_crafting_table":186,"minecraft:open_barrel":97,"minecraft:bell_ring":5,"minecraft:leave_game":10,"minecraft:time_since_death":39754,"minecraft:sprint_one_cm":2688855,"minecraft:damage_blocked_by_shield":8966,"minecraft:drop":482,"minecraft:talked_to_villager":758,"minecraft:play_time":1153916,"minecraft:deaths":38,"minecraft:jump":14352,"minecraft:interact_with_brewingstand":1,"minecraft:walk_on_water_one_cm":129989,"minecraft:enchant_item":3,"minecraft:interact_with_furnace":169,"minecraft:traded_with_villager":731,"minecraft:sleep_in_bed":8,"minecraft:damage_dealt":42433,"minecraft:player_kills":4,"minecraft:crouch_one_cm":298115,"minecraft:interact_with_smoker":15,"minecraft:use_cauldron":2,"minecraft:inspect_dispenser":9,"minecraft:horse_one_cm":34478,"minecraft:mob_kills":303,"minecraft:interact_with_anvil":11,"minecraft:inspect_hopper":9,"minecraft:interact_with_campfire":20,"minecraft:climb_one_cm":49757,"minecraft:walk_one_cm":2846918,"minecraft:sneak_time":78330,"minecraft:walk_under_water_one_cm":112916,"minecraft:boat_one_cm":692044,"minecraft:interact_with_blast_furnace":8,"minecraft:total_world_time":1153916,"minecraft:interact_with_grindstone":3,"minecraft:interact_with_stonecutter":3,"minecraft:time_since_rest":39784,"minecraft:damage_taken":27374,"minecraft:minecart_one_cm":77131,"minecraft:swim_one_cm":333421,"minecraft:fly_one_cm":3047719,"minecraft:open_chest":451,"minecraft:fall_one_cm":281059}},"DataVersion":3953}