{"stats":{"minecraft:dropped":{"minecraft:iron_sword":1,"minecraft:porkchop":1,"minecraft:baked_potato":4,"minecraft:cod":2,"minecraft:emerald":2,"minecraft:spruce_leaves":42,"minecraft:dirt":377,"minecraft:cornflower":2,"minecraft:bone_meal":10,"minecraft:sand":5,"minecraft:purple_wool":1,"minecraft:fishing_rod":1,"minecraft:white_wool":64,"minecraft:bone":1,"minecraft:gravel":22,"minecraft:stone_axe":5,"minecraft:sugar_cane":6,"minecraft:chiseled_tuff_bricks":8,"minecraft:cobbled_deepslate":2,"minecraft:wheat":1,"minecraft:birch_sapling":1,"minecraft:rotten_flesh":8,"minecraft:oak_planks":5,"minecraft:golden_shovel":1,"minecraft:carrot":258,"minecraft:poppy":4,"minecraft:gunpowder":1,"minecraft:spruce_pressure_plate":1,"minecraft:chest":1,"minecraft:ladder":2,"minecraft:beef":1,"minecraft:egg":47,"minecraft:bread":2,"minecraft:golden_boots":1,"minecraft:iron_ingot":20,"minecraft:oak_slab":2,"minecraft:wheat_seeds":11,"minecraft:iron_helmet":5,"minecraft:feather":7,"minecraft:cobblestone":7,"minecraft:prismarine_crystals":3,"minecraft:granite":211,"minecraft:activator_rail":11,"minecraft:copper_ingot":3,"minecraft:grass_block":1,"minecraft:stick":3,"minecraft:oxeye_daisy":1,"minecraft:milk_bucket":4,"minecraft:diorite":15,"minecraft:torch":2,"minecraft:oak_stairs":12,"minecraft:iron_axe":2,"minecraft:paper":5,"minecraft:string":2,"minecraft:dandelion":20,"minecraft:spruce_sapling":2,"minecraft:redstone_block":1,"minecraft:moss_carpet":2,"minecraft:tuff_bricks":46,"minecraft:raw_iron":13,"minecraft:chicken":1,"minecraft:stripped_oak_log":1,"minecraft:white_terracotta":2,"minecraft:potato":460,"minecraft:cobblestone_slab":2,"minecraft:stone":16,"minecraft:shield":2,"minecraft:spruce_trapdoor":1,"minecraft:andesite":2,"minecraft:redstone_torch":1,"minecraft:stone_pickaxe":5,"minecraft:wooden_pickaxe":2},"minecraft:custom":{"minecraft:animals_bred":162,"minecraft:interact_with_crafting_table":144,"minecraft:open_barrel":58,"minecraft:bell_ring":5,"minecraft:leave_game":7,"minecraft:time_since_death":82459,"minecraft:sprint_one_cm":1852702,"minecraft:damage_blocked_by_shield":7414,"minecraft:drop":296,"minecraft:talked_to_villager":181,"minecraft:play_time":832742,"minecraft:deaths":30,"minecraft:jump":10695,"minecraft:walk_on_water_one_cm":106699,"minecraft:interact_with_furnace":155,"minecraft:traded_with_villager":290,"minecraft:sleep_in_bed":5,"minecraft:damage_dealt":28195,"minecraft:player_kills":4,"minecraft:crouch_one_cm":241150,"minecraft:inspect_dispenser":9,"minecraft:horse_one_cm":34478,"minecraft:interact_with_anvil":4,"minecraft:mob_kills":157,"minecraft:interact_with_campfire":20,"minecraft:climb_one_cm":43957,"minecraft:walk_one_cm":2011385,"minecraft:sneak_time":62283,"minecraft:walk_under_water_one_cm":105336,"minecraft:boat_one_cm":581181,"minecraft:total_world_time":832742,"minecraft:interact_with_stonecutter":3,"minecraft:interact_with_grindstone":2,"minecraft:time_since_rest":82489,"minecraft:damage_taken":20043,"minecraft:minecart_one_cm":19151,"minecraft:swim_one_cm":320829,"minecraft:fly_one_cm":2073624,"minecraft:open_chest":284,"minecraft:fall_one_cm":190766},"minecraft:crafted":{"minecraft:oak_planks":692,"minecraft:cobblestone_slab":24,"minecraft:barrel":8,"minecraft:cooked_chicken":8,"minecraft:stone":168,"minecraft:lever":2,"minecraft:bookshelf":24,"minecraft:cooked_mutton":5,"minecraft:spruce_pressure_plate":1,"minecraft:glass":199,"minecraft:hopper":2,"minecraft:iron_boots":1,"minecraft:chest":11,"minecraft:rail":80,"minecraft:stone_hoe":1,"minecraft:oak_fence":6,"minecraft:oak_slab":90,"minecraft:emerald":246,"minecraft:cooked_porkchop":9,"minecraft:crafting_table":8,"minecraft:spruce_planks":840,"minecraft:iron_helmet":2,"minecraft:wooden_pickaxe":1,"minecraft:baked_potato":38,"minecraft:campfire":36,"minecraft:spruce_trapdoor":16,"minecraft:lectern":3,"minecraft:iron_chestplate":1,"minecraft:book":41,"minecraft:paper":384,"minecraft:diamond_pickaxe":1,"minecraft:shield":3,"minecraft:stick":72,"minecraft:iron_ingot":125,"minecraft:iron_pickaxe":16,"minecraft:iron_block":3,"minecraft:gold_ingot":50,"minecraft:redstone_torch":6,"minecraft:composter":1,"minecraft:shears":3,"minecraft:oak_door":3,"minecraft:stone_shovel":1,"minecraft:tripwire_hook":2,"minecraft:furnace":5,"minecraft:bone_meal":168,"minecraft:spruce_fence":3,"minecraft:white_carpet":15,"minecraft:spruce_stairs":220,"minecraft:iron_axe":6,"minecraft:ladder":12,"minecraft:spruce_slab":42,"minecraft:stone_pickaxe":3,"minecraft:cobblestone_wall":78,"minecraft:redstone_block":2,"minecraft:minecart":3,"minecraft:wheat":171,"minecraft:cooked_beef":15,"minecraft:spruce_sign":3,"minecraft:enchanting_table":1,"minecraft:powered_rail":30,"minecraft:activator_rail":12,"minecraft:bucket":5,"minecraft:stone_axe":2,"minecraft:glowstone":34,"minecraft:enchanted_book":2,"minecraft:bread":64,"minecraft:air":0,"minecraft:oak_boat":5,"minecraft:white_wool":107,"minecraft:oak_stairs":8,"minecraft:iron_shovel":3,"minecraft:iron_leggings":1,"minecraft:stonecutter":1,"minecraft:anvil":1,"minecraft:white_bed":11,"minecraft:torch":4},"minecraft:used":{"minecraft:moss_block":1,"minecraft:iron_shovel":465,"minecraft:dispenser":3,"minecraft:spruce_slab":1,"minecraft:ladder":14,"minecraft:shield":130,"minecraft:chest":12,"minecraft:white_terracotta":25,"minecraft:stone":22,"minecraft:iron_sword":4,"minecraft:spruce_leaves":93,"minecraft:iron_chestplate":6,"minecraft:carrot":203,"minecraft:tuff":2,"minecraft:axolotl_bucket":1,"minecraft:milk_bucket":6,"minecraft:glass":202,"minecraft:lava_bucket":2,"minecraft:iron_helmet":9,"minecraft:stone_bricks":109,"minecraft:bow":3,"minecraft:oak_sapling":17,"minecraft:furnace":10,"minecraft:egg":252,"minecraft:potato":278,"minecraft:short_grass":2,"minecraft:diorite":27,"minecraft:stone_pickaxe":186,"minecraft:powered_rail":73,"minecraft:oak_planks":393,"minecraft:wooden_pickaxe":13,"minecraft:redstone_block":4,"minecraft:composter":2,"minecraft:sugar_cane":74,"minecraft:white_wool":1,"minecraft:sand":20,"minecraft:shears":160,"minecraft:redstone_torch":14,"minecraft:lever":5,"minecraft:string":61,"minecraft:bread":114,"minecraft:lectern":62,"minecraft:gravel":3,"minecraft:grindstone":1,"minecraft:andesite":4,"minecraft:oak_boat":25,"minecraft:coarse_dirt":3,"minecraft:bone_meal":168,"minecraft:oak_fence":41,"minecraft:netherite_sword":3,"minecraft:enchanting_table":1,"minecraft:stone_shovel":137,"minecraft:spruce_planks":317,"minecraft:stone_hoe":90,"minecraft:cooked_chicken":22,"minecraft:oak_door":14,"minecraft:torch":50,"minecraft:dirt":1448,"minecraft:anvil":1,"minecraft:white_carpet":17,"minecraft:hopper":4,"minecraft:prismarine_bricks":2,"minecraft:spruce_stairs":209,"minecraft:cobblestone_wall":74,"minecraft:golden_shovel":9,"minecraft:granite":27,"minecraft:spruce_fence":3,"minecraft:birch_door":2,"minecraft:bookshelf":19,"minecraft:iron_axe":1381,"minecraft:oak_stairs":8,"minecraft:iron_boots":5,"minecraft:barrel":42,"minecraft:tripwire_hook":3,"minecraft:glowstone":21,"minecraft:minecart":33,"minecraft:cooked_beef":21,"minecraft:golden_axe":21,"minecraft:cobbled_deepslate":27,"minecraft:iron_leggings":5,"minecraft:wheat_seeds":141,"minecraft:cooked_mutton":4,"minecraft:water_bucket":125,"minecraft:baked_potato":55,"minecraft:spruce_sign":7,"minecraft:stonecutter":2,"minecraft:cobblestone_slab":61,"minecraft:rail":357,"minecraft:crafting_table":40,"minecraft:oak_slab":50,"minecraft:white_bed":30,"minecraft:campfire":3,"minecraft:spruce_log":322,"minecraft:oak_log":1,"minecraft:activator_rail":14,"minecraft:iron_pickaxe":4237,"minecraft:spruce_trapdoor":25,"minecraft:spruce_sapling":123,"minecraft:stone_axe":131,"minecraft:fishing_rod":6,"minecraft:cobblestone":1354,"minecraft:purple_bed":2,"minecraft:cooked_porkchop":6,"minecraft:bucket":129,"minecraft:yellow_bed":7,"minecraft:kelp":6},"minecraft:broken":{"minecraft:iron_shovel":2,"minecraft:iron_boots":1,"minecraft:stone_shovel":1,"minecraft:shield":1,"minecraft:golden_axe":1,"minecraft:iron_axe":5,"minecraft:iron_pickaxe":16,"minecraft:iron_helmet":1},"minecraft:killed":{"minecraft:cave_spider":1,"minecraft:witch":1,"minecraft:spider":11,"minecraft:skeleton":21,"minecraft:chicken":25,"minecraft:pig":6,"minecraft:zombie_villager":2,"minecraft:elder_guardian":1,"minecraft:iron_golem":5,"minecraft:creeper":7,"minecraft:sheep":3,"minecraft:trader_llama":2,"minecraft:zombie":39,"minecraft:cow":23,"minecraft:phantom":1,"minecraft:drowned":2,"minecraft:villager":1,"minecraft:enderman":4},"minecraft:picked_up":{"minecraft:iron_chestplate":18,"minecraft:birch_door":2,"minecraft:wheat":165,"minecraft:redstone_block":9,"minecraft:lead":7,"minecraft:oak_stairs":33,"minecraft:golden_shovel":1,"minecraft:brewing_stand":1,"minecraft:string":5768,"minecraft:raw_copper":123,"minecraft:iron_leggings":5,"minecraft:red_candle":7,"minecraft:activator_rail":13,"minecraft:cobbled_deepslate":84,"minecraft:bucket":9,"minecraft:spruce_planks":126,"minecraft:redstone_torch":37,"minecraft:cobblestone_slab":109,"minecraft:azalea":2,"minecraft:iron_pickaxe":27,"minecraft:iron_boots":15,"minecraft:furnace":14,"minecraft:stick":113,"minecraft:composter":1,"minecraft:oak_fence":37,"minecraft:torch":101,"minecraft:spruce_stairs":25,"minecraft:porkchop":12,"minecraft:diorite":259,"minecraft:rotten_flesh":98,"minecraft:white_terracotta":27,"minecraft:obsidian":2,"minecraft:cod":2,"minecraft:cobblestone":4441,"minecraft:feather":24,"minecraft:cooked_beef":16,"minecraft:water_bucket":6,"minecraft:andesite":15,"minecraft:potato":854,"minecraft:flint":4,"minecraft:tuff":4,"minecraft:prismarine_bricks":2,"minecraft:lapis_lazuli":41,"minecraft:dirt":2829,"minecraft:name_tag":3,"minecraft:glass":90,"minecraft:bone":64,"minecraft:bow":4,"minecraft:stonecutter":1,"minecraft:wheat_seeds":375,"minecraft:raw_gold":56,"minecraft:grindstone":1,"minecraft:fletching_table":1,"minecraft:glowstone_dust":146,"minecraft:powered_rail":62,"minecraft:moss_block":2,"minecraft:prismarine":20,"minecraft:stone_hoe":1,"minecraft:oak_planks":409,"minecraft:cooked_porkchop":2,"minecraft:axolotl_bucket":1,"minecraft:poisonous_potato":9,"minecraft:sand":270,"minecraft:ink_sac":3,"minecraft:grass_block":2,"minecraft:barrel":34,"minecraft:mossy_cobblestone":2,"minecraft:dispenser":3,"minecraft:yellow_carpet":6,"minecraft:diamond":27,"minecraft:lever":4,"minecraft:granite":432,"minecraft:bone_meal":20,"minecraft:emerald":4,"minecraft:spruce_sign":13,"minecraft:bread":36,"minecraft:oak_sapling":20,"minecraft:spruce_leaves":144,"minecraft:charcoal":2,"minecraft:fishing_rod":7,"minecraft:coarse_dirt":3,"minecraft:crafting_table":46,"minecraft:purple_wool":2,"minecraft:chicken":24,"minecraft:ladder":12,"minecraft:brown_mushroom":20,"minecraft:wooden_pickaxe":1,"minecraft:shield":12,"minecraft:cornflower":2,"minecraft:moss_carpet":6,"minecraft:iron_axe":30,"minecraft:white_carpet":2,"minecraft:iron_shovel":10,"minecraft:beef":59,"minecraft:oak_boat":26,"minecraft:spruce_slab":8,"minecraft:poppy":6,"minecraft:minecart":35,"minecraft:lectern":60,"minecraft:sugar_cane":1674,"minecraft:chest":11,"minecraft:birch_sapling":2,"minecraft:spruce_trapdoor":11,"minecraft:egg":342,"minecraft:raw_iron":236,"minecraft:sandstone":35,"minecraft:stone":80,"minecraft:oak_door":27,"minecraft:copper_ingot":5,"minecraft:carrot":609,"minecraft:redstone":148,"minecraft:prismarine_crystals":18,"minecraft:arrow":46,"minecraft:stone_shovel":4,"minecraft:cooked_cod":2,"minecraft:shears":3,"minecraft:hay_block":19,"minecraft:gold_ingot":40,"minecraft:tuff_bricks":46,"minecraft:mutton":17,"minecraft:wet_sponge":23,"minecraft:rail":359,"minecraft:white_wool":78,"minecraft:oxeye_daisy":1,"minecraft:stripped_oak_log":5,"minecraft:clock":1,"minecraft:tripwire_hook":1,"minecraft:leather":40,"minecraft:filled_map":5,"minecraft:waxed_copper_bulb":2,"minecraft:oak_log":212,"minecraft:waxed_copper_block":1,"minecraft:cobblestone_wall":316,"minecraft:yellow_bed":8,"minecraft:golden_boots":2,"minecraft:gunpowder":13,"minecraft:stone_bricks":6,"minecraft:kelp":33,"minecraft:iron_ingot":237,"minecraft:stone_pickaxe":3,"minecraft:cooked_chicken":17,"minecraft:stripped_oak_wood":1,"minecraft:iron_sword":2,"minecraft:book":15,"minecraft:oak_slab":26,"minecraft:milk_bucket":5,"minecraft:sweet_berries":17,"minecraft:dandelion":36,"minecraft:gravel":64,"minecraft:lava_bucket":3,"minecraft:spruce_sapling":131,"minecraft:white_bed":23,"minecraft:spruce_log":739,"minecraft:spider_eye":8,"minecraft:purple_bed":2,"minecraft:stone_axe":9,"minecraft:short_grass":2,"minecraft:iron_helmet":26,"minecraft:diamond_axe":1,"minecraft:baked_potato":52,"minecraft:coal":294,"minecraft:chiseled_tuff_bricks":8,"minecraft:hopper":8,"minecraft:ender_pearl":1},"minecraft:mined":{"minecraft:spruce_planks":40,"minecraft:white_bed":18,"minecraft:brewing_stand":1,"minecraft:spruce_trapdoor":10,"minecraft:granite":328,"minecraft:grass_block":141,"minecraft:yellow_carpet":3,"minecraft:chiseled_tuff_bricks":4,"minecraft:composter":1,"minecraft:hopper":2,"minecraft:tuff_bricks":24,"minecraft:tall_seagrass":5,"minecraft:glowstone":48,"minecraft:iron_ore":94,"minecraft:barrel":34,"minecraft:cobbled_deepslate":5,"minecraft:fire":3,"minecraft:fletching_table":1,"minecraft:dirt_path":63,"minecraft:oak_stairs":13,"minecraft:tripwire":32,"minecraft:deepslate_redstone_ore":6,"minecraft:kelp_plant":5,"minecraft:torch":8,"minecraft:chest":4,"minecraft:white_stained_glass_pane":4,"minecraft:mushroom_stem":5,"minecraft:spruce_wall_sign":4,"minecraft:glass":1,"minecraft:cobblestone":422,"minecraft:oak_planks":77,"minecraft:sugar_cane":1005,"minecraft:grindstone":1,"minecraft:prismarine":5,"minecraft:wall_torch":3,"minecraft:white_terracotta":28,"minecraft:seagrass":1,"minecraft:waxed_copper_bulb":2,"minecraft:red_candle":2,"minecraft:powered_rail":41,"minecraft:wheat":117,"minecraft:activator_rail":14,"minecraft:stripped_oak_wood":1,"minecraft:waxed_copper_block":1,"minecraft:birch_door":2,"minecraft:yellow_stained_glass_pane":5,"minecraft:oak_log":184,"minecraft:oak_fence_gate":1,"minecraft:sand":185,"minecraft:dirt":437,"minecraft:dispenser":3,"minecraft:tripwire_hook":1,"minecraft:stonecutter":1,"minecraft:oak_leaves":39,"minecraft:deepslate":55,"minecraft:suspicious_gravel":1,"minecraft:diamond_ore":2,"minecraft:tuff":3,"minecraft:mossy_cobblestone":1,"minecraft:deepslate_diamond_ore":23,"minecraft:oak_door":11,"minecraft:sea_lantern":2,"minecraft:lever":2,"minecraft:ladder":6,"minecraft:brown_mushroom_block":20,"minecraft:spruce_leaves":371,"minecraft:kelp":4,"minecraft:moss_block":1,"minecraft:sandstone":7,"minecraft:hay_block":19,"minecraft:redstone_ore":7,"minecraft:spruce_sapling":1,"minecraft:furnace":7,"minecraft:carrots":125,"minecraft:andesite":12,"minecraft:bookshelf":5,"minecraft:potatoes":240,"minecraft:cobblestone_slab":37,"minecraft:deepslate_iron_ore":39,"minecraft:rail":260,"minecraft:stripped_oak_log":4,"minecraft:wet_sponge":22,"minecraft:stone":2565,"minecraft:oak_slab":2,"minecraft:redstone_block":2,"minecraft:glass_pane":6,"minecraft:dandelion":9,"minecraft:oak_fence":37,"minecraft:crafting_table":32,"minecraft:cornflower":2,"minecraft:short_grass":203,"minecraft:campfire":1,"minecraft:lectern":60,"minecraft:copper_ore":24,"minecraft:tall_grass":30,"minecraft:lapis_ore":6,"minecraft:deepslate_gold_ore":41,"minecraft:diorite":95,"minecraft:prismarine_bricks":2,"minecraft:spruce_stairs":15,"minecraft:purple_bed":2,"minecraft:coarse_dirt":3,"minecraft:cobblestone_wall":74,"minecraft:redstone_torch":9,"minecraft:sweet_berry_bush":7,"minecraft:white_carpet":2,"minecraft:spruce_log":551,"minecraft:birch_leaves":4,"minecraft:yellow_bed":7,"minecraft:coal_ore":134,"minecraft:gravel":38,"minecraft:stone_bricks":10,"minecraft:gold_ore":15},"minecraft:killed_by":{"minecraft:zombie_villager":1,"minecraft:creeper":2,"minecraft:drowned":4,"minecraft:zombie":3,"minecraft:elder_guardian":3,"minecraft:enderman":2,"minecraft:skeleton":9,"minecraft:guardian":3}},"DataVersion":3953}