{"stats":{"minecraft:dropped":{"minecraft:iron_sword":1,"minecraft:porkchop":5,"minecraft:cooked_beef":12,"minecraft:baked_potato":4,"minecraft:diamond":17,"minecraft:warped_roots":18,"minecraft:rail":3,"minecraft:emerald":2,"minecraft:cod":2,"minecraft:spruce_leaves":44,"minecraft:dirt":384,"minecraft:cornflower":2,"minecraft:mutton":1,"minecraft:bone_meal":10,"minecraft:sand":5,"minecraft:purple_wool":1,"minecraft:fishing_rod":1,"minecraft:white_wool":71,"minecraft:bone":5,"minecraft:gravel":30,"minecraft:stone_axe":5,"minecraft:sugar_cane":15,"minecraft:cooked_chicken":6,"minecraft:cobbled_deepslate":8,"minecraft:lever":2,"minecraft:chiseled_tuff_bricks":8,"minecraft:wheat":1,"minecraft:birch_sapling":2,"minecraft:rotten_flesh":9,"minecraft:oak_planks":7,"minecraft:prismarine":5,"minecraft:golden_shovel":1,"minecraft:carrot":289,"minecraft:poppy":19,"minecraft:gunpowder":1,"minecraft:spruce_pressure_plate":1,"minecraft:ladder":2,"minecraft:azalea":1,"minecraft:chest":1,"minecraft:spruce_slab":9,"minecraft:powered_rail":4,"minecraft:arrow":5,"minecraft:beef":1,"minecraft:bread":2,"minecraft:iron_ingot":20,"minecraft:enchanted_book":1,"minecraft:egg":137,"minecraft:stone_hoe":1,"minecraft:golden_boots":1,"minecraft:oak_slab":8,"minecraft:wheat_seeds":15,"minecraft:minecart":1,"minecraft:dripstone_block":2,"minecraft:feather":7,"minecraft:oak_fence":13,"minecraft:prismarine_crystals":3,"minecraft:iron_helmet":5,"minecraft:cobblestone":10,"minecraft:book":1,"minecraft:granite":219,"minecraft:yellow_carpet":3,"minecraft:spruce_stairs":14,"minecraft:activator_rail":11,"minecraft:copper_ingot":3,"minecraft:acacia_trapdoor":4,"minecraft:grass_block":2,"minecraft:stick":7,"minecraft:oxeye_daisy":1,"minecraft:milk_bucket":4,"minecraft:diorite":17,"minecraft:torch":48,"minecraft:oak_stairs":37,"minecraft:iron_axe":2,"minecraft:paper":5,"minecraft:string":135,"minecraft:spruce_sapling":2,"minecraft:redstone_block":1,"minecraft:dandelion":30,"minecraft:furnace":1,"minecraft:moss_carpet":4,"minecraft:tuff_bricks":46,"minecraft:stone_sword":1,"minecraft:cobblestone_wall":68,"minecraft:tuff":9,"minecraft:raw_iron":13,"minecraft:chicken":7,"minecraft:stripped_oak_log":1,"minecraft:white_terracotta":2,"minecraft:spruce_fence":11,"minecraft:shears":3,"minecraft:potato":587,"minecraft:cobblestone_slab":2,"minecraft:stone":16,"minecraft:shield":2,"minecraft:spruce_trapdoor":10,"minecraft:spruce_planks":37,"minecraft:andesite":3,"minecraft:yellow_bed":1,"minecraft:oak_boat":1,"minecraft:oak_sapling":1,"minecraft:redstone_torch":1,"minecraft:birch_sign":1,"minecraft:stone_bricks":5,"minecraft:stone_pickaxe":5,"minecraft:bow":1,"minecraft:wooden_pickaxe":2},"minecraft:broken":{"minecraft:iron_shovel":2,"minecraft:iron_boots":1,"minecraft:iron_chestplate":1,"minecraft:iron_leggings":1,"minecraft:stone_shovel":1,"minecraft:stone_sword":1,"minecraft:shield":1,"minecraft:golden_axe":1,"minecraft:iron_axe":7,"minecraft:iron_pickaxe":18,"minecraft:iron_helmet":1},"minecraft:crafted":{"minecraft:oak_planks":748,"minecraft:smooth_stone":6,"minecraft:cobblestone_slab":24,"minecraft:barrel":10,"minecraft:cooked_chicken":136,"minecraft:stone":235,"minecraft:lever":2,"minecraft:bookshelf":28,"minecraft:cooked_mutton":5,"minecraft:spruce_pressure_plate":1,"minecraft:glass":247,"minecraft:hopper":7,"minecraft:iron_boots":2,"minecraft:chest":25,"minecraft:rail":112,"minecraft:stone_hoe":1,"minecraft:oak_fence":6,"minecraft:name_tag":1,"minecraft:smoker":2,"minecraft:oak_slab":114,"minecraft:emerald":652,"minecraft:cauldron":1,"minecraft:cooked_porkchop":9,"minecraft:crafting_table":11,"minecraft:spruce_planks":1288,"minecraft:baked_potato":38,"minecraft:wooden_pickaxe":1,"minecraft:iron_helmet":2,"minecraft:campfire":41,"minecraft:spruce_trapdoor":30,"minecraft:lectern":5,"minecraft:book":41,"minecraft:iron_chestplate":2,"minecraft:emerald_block":38,"minecraft:paper":831,"minecraft:diamond_pickaxe":2,"minecraft:shield":4,"minecraft:stick":132,"minecraft:iron_ingot":125,"minecraft:compass":4,"minecraft:iron_pickaxe":17,"minecraft:iron_block":3,"minecraft:gold_ingot":60,"minecraft:redstone_torch":6,"minecraft:composter":1,"minecraft:shears":5,"minecraft:oak_door":3,"minecraft:stone_shovel":1,"minecraft:tripwire_hook":4,"minecraft:iron_nugget":162,"minecraft:furnace":9,"minecraft:blast_furnace":2,"minecraft:piston":8,"minecraft:bone_meal":168,"minecraft:spruce_fence":69,"minecraft:white_carpet":15,"minecraft:oak_trapdoor":4,"minecraft:lantern":19,"minecraft:spruce_stairs":228,"minecraft:iron_axe":8,"minecraft:ladder":12,"minecraft:iron_hoe":1,"minecraft:spruce_slab":42,"minecraft:stone_pickaxe":3,"minecraft:cobblestone_wall":78,"minecraft:spruce_boat":1,"minecraft:redstone_block":11,"minecraft:observer":8,"minecraft:minecart":4,"minecraft:wheat":171,"minecraft:cooked_beef":39,"minecraft:diamond_sword":1,"minecraft:spruce_sign":3,"minecraft:enchanting_table":1,"minecraft:powered_rail":30,"minecraft:activator_rail":12,"minecraft:acacia_trapdoor":4,"minecraft:bucket":6,"minecraft:stone_axe":2,"minecraft:glowstone":34,"minecraft:enchanted_book":4,"minecraft:bread":64,"minecraft:air":0,"minecraft:oak_boat":6,"minecraft:white_wool":107,"minecraft:oak_stairs":8,"minecraft:iron_shovel":3,"minecraft:iron_leggings":1,"minecraft:stonecutter":1,"minecraft:anvil":1,"minecraft:white_bed":11,"minecraft:acacia_planks":16,"minecraft:torch":28},"minecraft:killed_by":{"minecraft:zombie_villager":1,"minecraft:zombified_piglin":1,"minecraft:wither_skeleton":2,"minecraft:creeper":4,"minecraft:drowned":5,"minecraft:blaze":1,"minecraft:zombie":5,"minecraft:elder_guardian":3,"minecraft:enderman":2,"minecraft:skeleton":9,"minecraft:guardian":3},"minecraft:used":{"minecraft:moss_block":1,"minecraft:iron_shovel":481,"minecraft:dispenser":4,"minecraft:spruce_slab":1,"minecraft:ladder":14,"minecraft:chest":32,"minecraft:white_terracotta":26,"minecraft:shield":150,"minecraft:stone":22,"minecraft:iron_sword":4,"minecraft:rotten_flesh":13,"minecraft:iron_chestplate":7,"minecraft:spruce_leaves":93,"minecraft:mutton":1,"minecraft:carrot":445,"minecraft:tuff":2,"minecraft:axolotl_bucket":2,"minecraft:milk_bucket":6,"minecraft:spruce_boat":8,"minecraft:glass":202,"minecraft:lava_bucket":10,"minecraft:lantern":11,"minecraft:iron_helmet":9,"minecraft:stone_bricks":112,"minecraft:bow":3,"minecraft:furnace":13,"minecraft:oak_sapling":17,"minecraft:egg":419,"minecraft:potato":473,"minecraft:short_grass":2,"minecraft:diorite":27,"minecraft:stone_pickaxe":186,"minecraft:acacia_trapdoor":5,"minecraft:powered_rail":73,"minecraft:oak_planks":402,"minecraft:wooden_pickaxe":13,"minecraft:redstone_block":4,"minecraft:composter":2,"minecraft:sugar_cane":81,"minecraft:white_wool":1,"minecraft:sand":20,"minecraft:blast_furnace":2,"minecraft:shears":196,"minecraft:redstone_torch":14,"minecraft:lever":13,"minecraft:string":131,"minecraft:bread":115,"minecraft:lectern":375,"minecraft:gravel":3,"minecraft:diamond_sword":192,"minecraft:grindstone":2,"minecraft:andesite":4,"minecraft:oak_boat":27,"minecraft:coarse_dirt":3,"minecraft:bone_meal":168,"minecraft:oak_fence":42,"minecraft:oak_trapdoor":4,"minecraft:netherite_sword":3,"minecraft:enchanting_table":1,"minecraft:stone_sword":5,"minecraft:stone_shovel":137,"minecraft:redstone":9,"minecraft:spruce_planks":379,"minecraft:stone_hoe":90,"minecraft:cooked_chicken":94,"minecraft:netherrack":537,"minecraft:oak_door":14,"minecraft:torch":83,"minecraft:brewing_stand":2,"minecraft:dirt":1500,"minecraft:anvil":5,"minecraft:white_carpet":17,"minecraft:hopper":13,"minecraft:prismarine_bricks":2,"minecraft:spruce_stairs":217,"minecraft:cobblestone_wall":74,"minecraft:granite":27,"minecraft:golden_shovel":9,"minecraft:spruce_fence":69,"minecraft:birch_door":4,"minecraft:iron_hoe":177,"minecraft:bookshelf":21,"minecraft:iron_axe":1983,"minecraft:oak_stairs":8,"minecraft:iron_boots":5,"minecraft:barrel":78,"minecraft:tripwire_hook":19,"minecraft:glowstone":21,"minecraft:minecart":54,"minecraft:observer":8,"minecraft:cooked_beef":43,"minecraft:cobbled_deepslate":28,"minecraft:iron_leggings":5,"minecraft:pointed_dripstone":2,"minecraft:golden_axe":21,"minecraft:wheat_seeds":304,"minecraft:cooked_mutton":4,"minecraft:water_bucket":146,"minecraft:baked_potato":55,"minecraft:spruce_sign":10,"minecraft:cauldron":1,"minecraft:stonecutter":3,"minecraft:fletching_table":2,"minecraft:cobblestone_slab":61,"minecraft:rail":437,"minecraft:crafting_table":47,"minecraft:oak_slab":67,"minecraft:campfire":3,"minecraft:white_bed":40,"minecraft:smoker":3,"minecraft:spruce_log":324,"minecraft:oak_log":1,"minecraft:piston":8,"minecraft:diamond_pickaxe":2095,"minecraft:activator_rail":14,"minecraft:iron_pickaxe":4706,"minecraft:spruce_trapdoor":41,"minecraft:spruce_sapling":123,"minecraft:stone_axe":131,"minecraft:fishing_rod":6,"minecraft:cobblestone":1929,"minecraft:purple_bed":2,"minecraft:cooked_porkchop":6,"minecraft:bucket":159,"minecraft:yellow_bed":7,"minecraft:kelp":94},"minecraft:killed":{"minecraft:cave_spider":5,"minecraft:zombified_piglin":1,"minecraft:witch":1,"minecraft:spider":16,"minecraft:skeleton":32,"minecraft:chicken":104,"minecraft:magma_cube":1,"minecraft:pig":6,"minecraft:zombie_villager":6,"minecraft:elder_guardian":1,"minecraft:iron_golem":5,"minecraft:creeper":13,"minecraft:sheep":5,"minecraft:trader_llama":2,"minecraft:zombie":52,"minecraft:blaze":3,"minecraft:cow":24,"minecraft:phantom":2,"minecraft:drowned":2,"minecraft:wither_skeleton":15,"minecraft:villager":6,"minecraft:enderman":10},"minecraft:mined":{"minecraft:spruce_planks":45,"minecraft:white_bed":28,"minecraft:brewing_stand":2,"minecraft:spruce_trapdoor":14,"minecraft:granite":360,"minecraft:grass_block":153,"minecraft:yellow_carpet":3,"minecraft:chiseled_tuff_bricks":4,"minecraft:composter":1,"minecraft:hopper":6,"minecraft:tuff_bricks":24,"minecraft:spawner":2,"minecraft:tall_seagrass":5,"minecraft:glowstone":48,"minecraft:barrel":69,"minecraft:iron_ore":94,"minecraft:cobbled_deepslate":5,"minecraft:fire":7,"minecraft:fletching_table":2,"minecraft:anvil":3,"minecraft:twisting_vines":1,"minecraft:pointed_dripstone":4,"minecraft:dirt_path":68,"minecraft:oak_stairs":15,"minecraft:tripwire":79,"minecraft:deepslate_redstone_ore":21,"minecraft:kelp_plant":51,"minecraft:twisting_vines_plant":1,"minecraft:smoker":1,"minecraft:torch":16,"minecraft:poppy":1,"minecraft:chest":15,"minecraft:white_stained_glass_pane":4,"minecraft:mushroom_stem":5,"minecraft:spruce_wall_sign":6,"minecraft:nether_quartz_ore":4,"minecraft:glass":1,"minecraft:cobblestone":564,"minecraft:sugar_cane":1210,"minecraft:grindstone":2,"minecraft:prismarine":5,"minecraft:oak_planks":87,"minecraft:wall_torch":5,"minecraft:seagrass":1,"minecraft:white_terracotta":29,"minecraft:waxed_copper_bulb":2,"minecraft:red_candle":2,"minecraft:warped_nylium":36,"minecraft:powered_rail":54,"minecraft:wheat":206,"minecraft:activator_rail":14,"minecraft:waxed_copper_block":1,"minecraft:birch_door":3,"minecraft:stripped_oak_wood":1,"minecraft:yellow_stained_glass_pane":5,"minecraft:oak_log":191,"minecraft:oak_fence_gate":1,"minecraft:sand":185,"minecraft:dirt":482,"minecraft:tripwire_hook":16,"minecraft:stonecutter":2,"minecraft:dispenser":3,"minecraft:netherrack":873,"minecraft:oak_leaves":51,"minecraft:deepslate":244,"minecraft:suspicious_gravel":1,"minecraft:nether_gold_ore":13,"minecraft:diamond_ore":2,"minecraft:tuff":28,"minecraft:mossy_cobblestone":1,"minecraft:deepslate_diamond_ore":68,"minecraft:oak_door":12,"minecraft:sea_lantern":2,"minecraft:nether_bricks":2,"minecraft:lever":4,"minecraft:ladder":6,"minecraft:spruce_fence":25,"minecraft:redstone_wire":1,"minecraft:brown_mushroom_block":20,"minecraft:spruce_leaves":382,"minecraft:kelp":14,"minecraft:moss_block":1,"minecraft:sandstone":7,"minecraft:hay_block":19,"minecraft:redstone_ore":7,"minecraft:spruce_sapling":1,"minecraft:furnace":10,"minecraft:carrots":259,"minecraft:acacia_trapdoor":4,"minecraft:andesite":44,"minecraft:bookshelf":7,"minecraft:potatoes":398,"minecraft:cobblestone_slab":37,"minecraft:deepslate_iron_ore":40,"minecraft:rail":350,"minecraft:stripped_oak_log":4,"minecraft:wet_sponge":22,"minecraft:stone":3418,"minecraft:oak_slab":15,"minecraft:redstone_block":4,"minecraft:glass_pane":6,"minecraft:dandelion":9,"minecraft:oak_fence":48,"minecraft:crafting_table":37,"minecraft:cornflower":2,"minecraft:short_grass":240,"minecraft:emerald_ore":1,"minecraft:warped_roots":4,"minecraft:lectern":370,"minecraft:campfire":1,"minecraft:copper_ore":24,"minecraft:tall_grass":46,"minecraft:deepslate_gold_ore":61,"minecraft:lapis_ore":6,"minecraft:diorite":107,"minecraft:prismarine_bricks":2,"minecraft:spruce_stairs":15,"minecraft:purple_bed":2,"minecraft:coarse_dirt":3,"minecraft:cobblestone_wall":74,"minecraft:redstone_torch":9,"minecraft:sweet_berry_bush":7,"minecraft:white_carpet":2,"minecraft:spruce_log":663,"minecraft:birch_leaves":4,"minecraft:yellow_bed":8,"minecraft:coal_ore":239,"minecraft:gravel":39,"minecraft:dripstone_block":3,"minecraft:cobweb":36,"minecraft:stone_bricks":18,"minecraft:gold_ore":20},"minecraft:picked_up":{"minecraft:birch_door":4,"minecraft:iron_chestplate":25,"minecraft:wheat":260,"minecraft:redstone_block":15,"minecraft:anvil":4,"minecraft:lead":9,"minecraft:diamond_sword":7,"minecraft:oak_stairs":58,"minecraft:enchanted_book":3,"minecraft:golden_shovel":1,"minecraft:brewing_stand":3,"minecraft:music_disc_cat":1,"minecraft:string":8157,"minecraft:raw_copper":143,"minecraft:cooked_salmon":3,"minecraft:iron_leggings":8,"minecraft:red_candle":14,"minecraft:activator_rail":13,"minecraft:gold_nugget":188,"minecraft:cobbled_deepslate":245,"minecraft:bucket":14,"minecraft:spruce_planks":203,"minecraft:redstone_torch":37,"minecraft:cobblestone_slab":109,"minecraft:azalea":3,"minecraft:iron_pickaxe":35,"minecraft:iron_boots":17,"minecraft:furnace":18,"minecraft:stick":151,"minecraft:composter":1,"minecraft:oak_fence":53,"minecraft:torch":152,"minecraft:spruce_stairs":47,"minecraft:porkchop":16,"minecraft:pointed_dripstone":11,"minecraft:diorite":327,"minecraft:stone_sword":8,"minecraft:rotten_flesh":190,"minecraft:glowstone":13,"minecraft:bookshelf":4,"minecraft:white_terracotta":28,"minecraft:blaze_rod":6,"minecraft:obsidian":4,"minecraft:cod":2,"minecraft:cobblestone":6848,"minecraft:feather":157,"minecraft:cooked_beef":27,"minecraft:water_bucket":6,"minecraft:andesite":21,"minecraft:smoker":1,"minecraft:potato":1651,"minecraft:flint":8,"minecraft:tuff":13,"minecraft:prismarine_bricks":2,"minecraft:wither_skeleton_skull":3,"minecraft:lapis_lazuli":82,"minecraft:dirt":3163,"minecraft:name_tag":4,"minecraft:glass":143,"minecraft:bone":186,"minecraft:bow":6,"minecraft:stonecutter":2,"minecraft:wheat_seeds":701,"minecraft:raw_gold":138,"minecraft:grindstone":2,"minecraft:fletching_table":3,"minecraft:glowstone_dust":156,"minecraft:powered_rail":93,"minecraft:moss_block":2,"minecraft:prismarine":30,"minecraft:stone_hoe":2,"minecraft:oak_planks":446,"minecraft:cooked_porkchop":2,"minecraft:music_disc_13":1,"minecraft:axolotl_bucket":2,"minecraft:poisonous_potato":20,"minecraft:sand":330,"minecraft:ink_sac":9,"minecraft:grass_block":3,"minecraft:barrel":73,"minecraft:mossy_cobblestone":2,"minecraft:dispenser":5,"minecraft:yellow_carpet":9,"minecraft:diamond":100,"minecraft:spruce_boat":13,"minecraft:lever":15,"minecraft:granite":512,"minecraft:bone_meal":30,"minecraft:emerald":186,"minecraft:spruce_sign":16,"minecraft:bread":58,"minecraft:oak_sapling":21,"minecraft:netherrack":1488,"minecraft:diamond_pickaxe":10,"minecraft:spruce_leaves":146,"minecraft:fishing_rod":7,"minecraft:charcoal":6,"minecraft:crafting_table":52,"minecraft:coarse_dirt":3,"minecraft:purple_wool":2,"minecraft:chicken":168,"minecraft:ladder":12,"minecraft:brown_mushroom":30,"minecraft:wooden_pickaxe":1,"minecraft:shield":19,"minecraft:cornflower":2,"minecraft:moss_carpet":8,"minecraft:iron_axe":35,"minecraft:white_carpet":2,"minecraft:iron_shovel":12,"minecraft:beef":64,"minecraft:oak_boat":30,"minecraft:minecart":63,"minecraft:spruce_slab":13,"minecraft:poppy":24,"minecraft:lectern":372,"minecraft:chest":22,"minecraft:sugar_cane":3029,"minecraft:birch_sapling":3,"minecraft:spruce_trapdoor":22,"minecraft:egg":562,"minecraft:raw_iron":237,"minecraft:sandstone":42,"minecraft:stone":80,"minecraft:oak_door":27,"minecraft:copper_ingot":5,"minecraft:spruce_fence":22,"minecraft:carrot":1301,"minecraft:redstone":352,"minecraft:prismarine_crystals":18,"minecraft:tnt":1,"minecraft:cooked_cod":4,"minecraft:arrow":96,"minecraft:stone_shovel":4,"minecraft:nether_bricks":5,"minecraft:shears":7,"minecraft:hay_block":19,"minecraft:gold_ingot":73,"minecraft:tuff_bricks":46,"minecraft:mutton":21,"minecraft:white_wool":84,"minecraft:rail":480,"minecraft:wet_sponge":46,"minecraft:oxeye_daisy":1,"minecraft:stripped_oak_log":5,"minecraft:clock":2,"minecraft:tripwire_hook":17,"minecraft:leather":42,"minecraft:filled_map":5,"minecraft:waxed_copper_bulb":4,"minecraft:oak_log":226,"minecraft:waxed_copper_block":2,"minecraft:cobblestone_wall":384,"minecraft:golden_boots":2,"minecraft:yellow_bed":9,"minecraft:gunpowder":37,"minecraft:paper":317,"minecraft:apple":8,"minecraft:stone_bricks":18,"minecraft:kelp":342,"minecraft:acacia_trapdoor":5,"minecraft:stone_pickaxe":3,"minecraft:heart_of_the_sea":1,"minecraft:iron_ingot":383,"minecraft:cooked_chicken":105,"minecraft:stripped_oak_wood":1,"minecraft:iron_sword":2,"minecraft:book":21,"minecraft:oak_slab":50,"minecraft:milk_bucket":5,"minecraft:warped_fungus":2,"minecraft:sweet_berries":34,"minecraft:quartz":14,"minecraft:dandelion":47,"minecraft:dripstone_block":2,"minecraft:gravel":97,"minecraft:lava_bucket":3,"minecraft:spruce_sapling":134,"minecraft:white_bed":33,"minecraft:spruce_log":927,"minecraft:spider_eye":70,"minecraft:pumpkin_seeds":2,"minecraft:purple_bed":2,"minecraft:stone_axe":9,"minecraft:campfire":66,"minecraft:short_grass":2,"minecraft:iron_helmet":29,"minecraft:diamond_axe":1,"minecraft:birch_sign":1,"minecraft:warped_roots":23,"minecraft:baked_potato":52,"minecraft:coal":601,"minecraft:chiseled_tuff_bricks":8,"minecraft:hopper":12,"minecraft:ender_pearl":16},"minecraft:custom":{"minecraft:animals_bred":263,"minecraft:interact_with_crafting_table":200,"minecraft:open_barrel":102,"minecraft:bell_ring":5,"minecraft:leave_game":11,"minecraft:time_since_death":48945,"minecraft:sprint_one_cm":2833773,"minecraft:damage_blocked_by_shield":9086,"minecraft:drop":517,"minecraft:talked_to_villager":761,"minecraft:play_time":1215415,"minecraft:deaths":39,"minecraft:jump":15010,"minecraft:interact_with_brewingstand":1,"minecraft:walk_on_water_one_cm":136183,"minecraft:enchant_item":3,"minecraft:interact_with_furnace":175,"minecraft:traded_with_villager":731,"minecraft:sleep_in_bed":8,"minecraft:damage_dealt":44166,"minecraft:player_kills":4,"minecraft:crouch_one_cm":300725,"minecraft:interact_with_smoker":18,"minecraft:use_cauldron":5,"minecraft:inspect_dispenser":9,"minecraft:horse_one_cm":34478,"minecraft:mob_kills":314,"minecraft:interact_with_anvil":11,"minecraft:inspect_hopper":9,"minecraft:interact_with_campfire":20,"minecraft:climb_one_cm":53271,"minecraft:walk_one_cm":3132469,"minecraft:sneak_time":79665,"minecraft:walk_under_water_one_cm":121624,"minecraft:boat_one_cm":797127,"minecraft:interact_with_blast_furnace":11,"minecraft:total_world_time":1215415,"minecraft:interact_with_grindstone":3,"minecraft:interact_with_stonecutter":3,"minecraft:time_since_rest":48993,"minecraft:damage_taken":28044,"minecraft:minecart_one_cm":77131,"minecraft:swim_one_cm":357834,"minecraft:fly_one_cm":3227168,"minecraft:open_chest":479,"minecraft:fall_one_cm":288519}},"DataVersion":3953}