{"stats":{"minecraft:used":{"minecraft:netherite_sword":3,"minecraft:bread":3,"minecraft:stone_pickaxe":15,"minecraft:wooden_pickaxe":13,"minecraft:sugar_cane":6,"minecraft:stone_axe":27,"minecraft:dirt":1,"minecraft:crafting_table":4,"minecraft:oak_sapling":1,"minecraft:oak_boat":1},"minecraft:picked_up":{"minecraft:book":12,"minecraft:crafting_table":3,"minecraft:wooden_pickaxe":1,"minecraft:oak_log":17,"minecraft:dirt":21,"minecraft:rotten_flesh":1,"minecraft:wheat_seeds":7,"minecraft:kelp":3,"minecraft:hay_block":9,"minecraft:beef":2,"minecraft:fletching_table":1,"minecraft:lectern":1,"minecraft:oak_sapling":1,"minecraft:sugar_cane":6,"minecraft:coal":13,"minecraft:cobblestone":18},"minecraft:dropped":{"minecraft:dirt":2,"minecraft:cobblestone":3,"minecraft:beef":1,"minecraft:wooden_pickaxe":2},"minecraft:killed":{"minecraft:zombie":1,"minecraft:cow":1},"minecraft:custom":{"minecraft:time_since_rest":45178,"minecraft:sprint_one_cm":41649,"minecraft:damage_taken":118,"minecraft:walk_one_cm":46636,"minecraft:mob_kills":2,"minecraft:drop":8,"minecraft:animals_bred":2,"minecraft:damage_dealt":510,"minecraft:swim_one_cm":2516,"minecraft:interact_with_crafting_table":6,"minecraft:fly_one_cm":51475,"minecraft:player_kills":1,"minecraft:open_chest":2,"minecraft:crouch_one_cm":2136,"minecraft:play_time":45178,"minecraft:sneak_time":575,"minecraft:walk_under_water_one_cm":322,"minecraft:boat_one_cm":142883,"minecraft:jump":242,"minecraft:walk_on_water_one_cm":818,"minecraft:leave_game":2,"minecraft:time_since_death":45178,"minecraft:total_world_time":45178,"minecraft:fall_one_cm":5971},"minecraft:mined":{"minecraft:hay_block":9,"minecraft:kelp_plant":1,"minecraft:birch_leaves":1,"minecraft:fletching_table":1,"minecraft:crafting_table":3,"minecraft:short_grass":27,"minecraft:bookshelf":4,"minecraft:oak_log":17,"minecraft:coal_ore":13,"minecraft:lectern":1,"minecraft:tall_grass":6,"minecraft:stone":15,"minecraft:sugar_cane":3,"minecraft:kelp":2,"minecraft:oak_leaves":14},"minecraft:crafted":{"minecraft:oak_boat":1,"minecraft:oak_planks":68,"minecraft:crafting_table":1,"minecraft:stick":8,"minecraft:wooden_pickaxe":1,"minecraft:stone_pickaxe":1,"minecraft:chest":1,"minecraft:stone_axe":1,"minecraft:bread":18,"minecraft:wheat":72}},"DataVersion":3953}