{"stats":{"minecraft:used":{"minecraft:netherite_sword":3,"minecraft:stone_shovel":57,"minecraft:chest":3,"minecraft:shield":3,"minecraft:oak_door":6,"minecraft:torch":4,"minecraft:dirt":84,"minecraft:tuff":2,"minecraft:iron_axe":127,"minecraft:oak_sapling":8,"minecraft:furnace":4,"minecraft:egg":2,"minecraft:water_bucket":17,"minecraft:stone_pickaxe":52,"minecraft:oak_planks":27,"minecraft:wooden_pickaxe":13,"minecraft:sugar_cane":54,"minecraft:oak_slab":32,"minecraft:crafting_table":5,"minecraft:spruce_log":55,"minecraft:bread":30,"minecraft:iron_pickaxe":118,"minecraft:spruce_sapling":14,"minecraft:stone_axe":46,"minecraft:cobblestone":46,"minecraft:andesite":2,"minecraft:bucket":18,"minecraft:yellow_bed":3,"minecraft:oak_boat":5,"minecraft:kelp":6,"minecraft:bone_meal":24},"minecraft:picked_up":{"minecraft:crafting_table":7,"minecraft:wooden_pickaxe":1,"minecraft:oak_stairs":21,"minecraft:brewing_stand":1,"minecraft:shield":1,"minecraft:string":2,"minecraft:iron_axe":4,"minecraft:cobbled_deepslate":4,"minecraft:bucket":2,"minecraft:beef":2,"minecraft:oak_boat":5,"minecraft:poppy":2,"minecraft:iron_pickaxe":3,"minecraft:lectern":1,"minecraft:sugar_cane":55,"minecraft:chest":1,"minecraft:egg":2,"minecraft:furnace":6,"minecraft:raw_iron":31,"minecraft:stick":31,"minecraft:oak_door":9,"minecraft:copper_ingot":1,"minecraft:redstone":36,"minecraft:stone_shovel":2,"minecraft:rotten_flesh":7,"minecraft:arrow":4,"minecraft:hay_block":14,"minecraft:mutton":15,"minecraft:white_wool":3,"minecraft:cobblestone":94,"minecraft:oxeye_daisy":1,"minecraft:andesite":4,"minecraft:potato":1,"minecraft:tuff":2,"minecraft:oak_log":34,"minecraft:yellow_bed":3,"minecraft:lapis_lazuli":41,"minecraft:dirt":213,"minecraft:bone":2,"minecraft:kelp":6,"minecraft:wheat_seeds":18,"minecraft:raw_gold":20,"minecraft:grindstone":1,"minecraft:iron_ingot":21,"minecraft:fletching_table":1,"minecraft:oak_planks":57,"minecraft:book":12,"minecraft:oak_slab":2,"minecraft:sweet_berries":17,"minecraft:dandelion":12,"minecraft:gravel":4,"minecraft:spruce_sapling":14,"minecraft:grass_block":1,"minecraft:spruce_log":115,"minecraft:diamond":2,"minecraft:bread":22,"minecraft:oak_sapling":10,"minecraft:baked_potato":4,"minecraft:coal":23},"minecraft:dropped":{"minecraft:iron_ingot":2,"minecraft:bread":1,"minecraft:wheat_seeds":2,"minecraft:baked_potato":4,"minecraft:cobblestone":3,"minecraft:copper_ingot":1,"minecraft:oxeye_daisy":1,"minecraft:dirt":3,"minecraft:oak_stairs":2,"minecraft:iron_axe":1,"minecraft:dandelion":9,"minecraft:stone_axe":1,"minecraft:poppy":2,"minecraft:andesite":2,"minecraft:beef":1,"minecraft:stone_pickaxe":1,"minecraft:wooden_pickaxe":2},"minecraft:killed":{"minecraft:spider":1,"minecraft:skeleton":2,"minecraft:drowned":1,"minecraft:sheep":2,"minecraft:zombie":8,"minecraft:enderman":2,"minecraft:cow":1},"minecraft:custom":{"minecraft:mob_kills":19,"minecraft:animals_bred":6,"minecraft:interact_with_crafting_table":16,"minecraft:leave_game":2,"minecraft:time_since_death":6905,"minecraft:sprint_one_cm":289029,"minecraft:walk_one_cm":196927,"minecraft:damage_blocked_by_shield":620,"minecraft:drop":32,"minecraft:talked_to_villager":1,"minecraft:play_time":117178,"minecraft:sneak_time":6712,"minecraft:deaths":3,"minecraft:walk_under_water_one_cm":14628,"minecraft:boat_one_cm":162868,"minecraft:jump":1866,"minecraft:walk_on_water_one_cm":11955,"minecraft:total_world_time":117178,"minecraft:interact_with_furnace":12,"minecraft:sleep_in_bed":3,"minecraft:time_since_rest":6934,"minecraft:damage_taken":2018,"minecraft:damage_dealt":3624,"minecraft:swim_one_cm":67620,"minecraft:player_kills":1,"minecraft:fly_one_cm":363457,"minecraft:open_chest":23,"minecraft:crouch_one_cm":24227,"minecraft:fall_one_cm":39457},"minecraft:mined":{"minecraft:diamond_ore":2,"minecraft:tuff":2,"minecraft:oak_door":6,"minecraft:brewing_stand":1,"minecraft:grass_block":56,"minecraft:spruce_leaves":29,"minecraft:kelp":3,"minecraft:hay_block":14,"minecraft:redstone_ore":7,"minecraft:furnace":3,"minecraft:iron_ore":30,"minecraft:andesite":4,"minecraft:fletching_table":1,"minecraft:bookshelf":4,"minecraft:deepslate_iron_ore":3,"minecraft:dirt_path":7,"minecraft:oak_stairs":1,"minecraft:stone":63,"minecraft:deepslate_redstone_ore":1,"minecraft:oak_slab":2,"minecraft:glass_pane":1,"minecraft:kelp_plant":2,"minecraft:dandelion":1,"minecraft:crafting_table":4,"minecraft:short_grass":77,"minecraft:chest":1,"minecraft:lectern":1,"minecraft:tall_grass":16,"minecraft:cobblestone":12,"minecraft:sugar_cane":45,"minecraft:deepslate_gold_ore":11,"minecraft:lapis_ore":6,"minecraft:grindstone":1,"minecraft:oak_planks":2,"minecraft:sweet_berry_bush":7,"minecraft:spruce_log":71,"minecraft:birch_leaves":3,"minecraft:yellow_bed":2,"minecraft:oak_log":34,"minecraft:coal_ore":23,"minecraft:gravel":2,"minecraft:dirt":9,"minecraft:gold_ore":9,"minecraft:oak_leaves":21,"minecraft:deepslate":4},"minecraft:killed_by":{"minecraft:enderman":1,"minecraft:drowned":1},"minecraft:crafted":{"minecraft:oak_door":3,"minecraft:oak_planks":136,"minecraft:stone_shovel":1,"minecraft:furnace":2,"minecraft:bone_meal":24,"minecraft:iron_axe":1,"minecraft:stone_pickaxe":1,"minecraft:chest":2,"minecraft:wheat":108,"minecraft:oak_slab":30,"minecraft:crafting_table":2,"minecraft:wooden_pickaxe":1,"minecraft:bucket":1,"minecraft:stone_axe":1,"minecraft:bread":24,"minecraft:air":0,"minecraft:oak_boat":2,"minecraft:shield":1,"minecraft:stick":12,"minecraft:iron_ingot":31,"minecraft:iron_pickaxe":1,"minecraft:gold_ingot":20,"minecraft:torch":4}},"DataVersion":3953}