{"stats":{"minecraft:dropped":{"minecraft:iron_sword":1,"minecraft:porkchop":1,"minecraft:baked_potato":4,"minecraft:cod":2,"minecraft:emerald":2,"minecraft:spruce_leaves":44,"minecraft:dirt":379,"minecraft:cornflower":2,"minecraft:bone_meal":10,"minecraft:sand":5,"minecraft:purple_wool":1,"minecraft:fishing_rod":1,"minecraft:white_wool":68,"minecraft:bone":3,"minecraft:gravel":30,"minecraft:stone_axe":5,"minecraft:sugar_cane":15,"minecraft:lever":2,"minecraft:cobbled_deepslate":8,"minecraft:chiseled_tuff_bricks":8,"minecraft:wheat":1,"minecraft:birch_sapling":2,"minecraft:rotten_flesh":9,"minecraft:oak_planks":7,"minecraft:prismarine":5,"minecraft:golden_shovel":1,"minecraft:carrot":289,"minecraft:poppy":17,"minecraft:gunpowder":1,"minecraft:spruce_pressure_plate":1,"minecraft:ladder":2,"minecraft:azalea":1,"minecraft:chest":1,"minecraft:spruce_slab":9,"minecraft:arrow":1,"minecraft:beef":1,"minecraft:bread":2,"minecraft:iron_ingot":20,"minecraft:enchanted_book":1,"minecraft:egg":67,"minecraft:stone_hoe":1,"minecraft:golden_boots":1,"minecraft:oak_slab":8,"minecraft:wheat_seeds":11,"minecraft:feather":7,"minecraft:oak_fence":7,"minecraft:iron_helmet":5,"minecraft:cobblestone":10,"minecraft:prismarine_crystals":3,"minecraft:book":1,"minecraft:granite":219,"minecraft:yellow_carpet":3,"minecraft:spruce_stairs":14,"minecraft:activator_rail":11,"minecraft:copper_ingot":3,"minecraft:acacia_trapdoor":4,"minecraft:grass_block":2,"minecraft:stick":3,"minecraft:oxeye_daisy":1,"minecraft:milk_bucket":4,"minecraft:diorite":16,"minecraft:torch":2,"minecraft:oak_stairs":35,"minecraft:iron_axe":2,"minecraft:paper":5,"minecraft:string":134,"minecraft:spruce_sapling":2,"minecraft:redstone_block":1,"minecraft:dandelion":30,"minecraft:moss_carpet":4,"minecraft:tuff_bricks":46,"minecraft:cobblestone_wall":68,"minecraft:raw_iron":13,"minecraft:chicken":1,"minecraft:stripped_oak_log":1,"minecraft:white_terracotta":2,"minecraft:shears":1,"minecraft:potato":587,"minecraft:cobblestone_slab":2,"minecraft:stone":16,"minecraft:shield":2,"minecraft:spruce_trapdoor":2,"minecraft:andesite":3,"minecraft:yellow_bed":1,"minecraft:oak_boat":1,"minecraft:oak_sapling":1,"minecraft:redstone_torch":1,"minecraft:stone_bricks":2,"minecraft:bow":1,"minecraft:stone_pickaxe":5,"minecraft:wooden_pickaxe":2},"minecraft:broken":{"minecraft:iron_shovel":2,"minecraft:iron_boots":1,"minecraft:iron_chestplate":1,"minecraft:stone_shovel":1,"minecraft:shield":1,"minecraft:golden_axe":1,"minecraft:iron_axe":7,"minecraft:iron_pickaxe":18,"minecraft:iron_helmet":1},"minecraft:crafted":{"minecraft:oak_planks":748,"minecraft:smooth_stone":6,"minecraft:cobblestone_slab":24,"minecraft:barrel":10,"minecraft:cooked_chicken":136,"minecraft:stone":171,"minecraft:lever":2,"minecraft:bookshelf":28,"minecraft:cooked_mutton":5,"minecraft:spruce_pressure_plate":1,"minecraft:glass":247,"minecraft:hopper":5,"minecraft:iron_boots":2,"minecraft:chest":21,"minecraft:rail":112,"minecraft:stone_hoe":1,"minecraft:oak_fence":6,"minecraft:name_tag":1,"minecraft:smoker":2,"minecraft:oak_slab":114,"minecraft:emerald":590,"minecraft:cooked_porkchop":9,"minecraft:crafting_table":9,"minecraft:spruce_planks":948,"minecraft:wooden_pickaxe":1,"minecraft:baked_potato":38,"minecraft:iron_helmet":2,"minecraft:campfire":41,"minecraft:spruce_trapdoor":20,"minecraft:lectern":5,"minecraft:iron_chestplate":2,"minecraft:book":41,"minecraft:emerald_block":38,"minecraft:paper":831,"minecraft:diamond_pickaxe":2,"minecraft:shield":4,"minecraft:stick":88,"minecraft:iron_ingot":125,"minecraft:compass":4,"minecraft:iron_pickaxe":17,"minecraft:iron_block":3,"minecraft:gold_ingot":50,"minecraft:redstone_torch":6,"minecraft:composter":1,"minecraft:shears":3,"minecraft:oak_door":3,"minecraft:stone_shovel":1,"minecraft:tripwire_hook":2,"minecraft:furnace":9,"minecraft:blast_furnace":2,"minecraft:bone_meal":168,"minecraft:spruce_fence":3,"minecraft:white_carpet":15,"minecraft:oak_trapdoor":4,"minecraft:lantern":8,"minecraft:spruce_stairs":220,"minecraft:iron_axe":7,"minecraft:ladder":12,"minecraft:spruce_slab":42,"minecraft:stone_pickaxe":3,"minecraft:cobblestone_wall":78,"minecraft:redstone_block":2,"minecraft:minecart":3,"minecraft:wheat":171,"minecraft:cooked_beef":15,"minecraft:diamond_sword":1,"minecraft:spruce_sign":3,"minecraft:enchanting_table":1,"minecraft:powered_rail":30,"minecraft:activator_rail":12,"minecraft:acacia_trapdoor":4,"minecraft:bucket":5,"minecraft:stone_axe":2,"minecraft:glowstone":34,"minecraft:enchanted_book":4,"minecraft:bread":64,"minecraft:air":0,"minecraft:oak_boat":6,"minecraft:white_wool":107,"minecraft:oak_stairs":8,"minecraft:iron_shovel":3,"minecraft:iron_leggings":1,"minecraft:stonecutter":1,"minecraft:anvil":1,"minecraft:white_bed":11,"minecraft:acacia_planks":16,"minecraft:torch":4},"minecraft:picked_up":{"minecraft:birch_door":2,"minecraft:iron_chestplate":18,"minecraft:wheat":207,"minecraft:redstone_block":15,"minecraft:anvil":4,"minecraft:lead":9,"minecraft:oak_stairs":56,"minecraft:enchanted_book":3,"minecraft:golden_shovel":1,"minecraft:brewing_stand":3,"minecraft:music_disc_cat":1,"minecraft:string":8055,"minecraft:raw_copper":143,"minecraft:cooked_salmon":3,"minecraft:iron_leggings":7,"minecraft:red_candle":14,"minecraft:activator_rail":13,"minecraft:cobbled_deepslate":103,"minecraft:bucket":13,"minecraft:spruce_planks":131,"minecraft:redstone_torch":37,"minecraft:cobblestone_slab":109,"minecraft:azalea":3,"minecraft:iron_pickaxe":30,"minecraft:iron_boots":15,"minecraft:furnace":17,"minecraft:stick":125,"minecraft:composter":1,"minecraft:oak_fence":44,"minecraft:torch":112,"minecraft:spruce_stairs":47,"minecraft:porkchop":12,"minecraft:diorite":313,"minecraft:rotten_flesh":165,"minecraft:glowstone":13,"minecraft:bookshelf":4,"minecraft:white_terracotta":28,"minecraft:obsidian":4,"minecraft:cod":2,"minecraft:cobblestone":6437,"minecraft:feather":157,"minecraft:cooked_beef":27,"minecraft:water_bucket":6,"minecraft:andesite":21,"minecraft:smoker":1,"minecraft:potato":1083,"minecraft:flint":8,"minecraft:tuff":4,"minecraft:prismarine_bricks":2,"minecraft:dirt":3101,"minecraft:lapis_lazuli":82,"minecraft:name_tag":4,"minecraft:glass":143,"minecraft:bone":95,"minecraft:bow":6,"minecraft:stonecutter":2,"minecraft:wheat_seeds":486,"minecraft:raw_gold":56,"minecraft:grindstone":2,"minecraft:fletching_table":3,"minecraft:glowstone_dust":156,"minecraft:powered_rail":89,"minecraft:moss_block":2,"minecraft:prismarine":30,"minecraft:stone_hoe":2,"minecraft:oak_planks":444,"minecraft:cooked_porkchop":2,"minecraft:music_disc_13":1,"minecraft:axolotl_bucket":2,"minecraft:poisonous_potato":12,"minecraft:sand":330,"minecraft:ink_sac":9,"minecraft:grass_block":3,"minecraft:barrel":69,"minecraft:mossy_cobblestone":2,"minecraft:dispenser":5,"minecraft:yellow_carpet":9,"minecraft:diamond":50,"minecraft:lever":6,"minecraft:granite":512,"minecraft:bone_meal":30,"minecraft:emerald":124,"minecraft:spruce_sign":16,"minecraft:bread":36,"minecraft:oak_sapling":21,"minecraft:diamond_pickaxe":1,"minecraft:spruce_leaves":146,"minecraft:fishing_rod":7,"minecraft:charcoal":6,"minecraft:crafting_table":49,"minecraft:coarse_dirt":3,"minecraft:purple_wool":2,"minecraft:chicken":162,"minecraft:ladder":12,"minecraft:brown_mushroom":30,"minecraft:wooden_pickaxe":1,"minecraft:shield":12,"minecraft:cornflower":2,"minecraft:moss_carpet":8,"minecraft:iron_axe":32,"minecraft:white_carpet":2,"minecraft:iron_shovel":12,"minecraft:beef":64,"minecraft:oak_boat":30,"minecraft:minecart":62,"minecraft:spruce_slab":13,"minecraft:poppy":22,"minecraft:lectern":372,"minecraft:chest":22,"minecraft:sugar_cane":2787,"minecraft:birch_sapling":3,"minecraft:spruce_trapdoor":15,"minecraft:egg":482,"minecraft:raw_iron":237,"minecraft:sandstone":42,"minecraft:stone":80,"minecraft:oak_door":27,"minecraft:copper_ingot":5,"minecraft:carrot":815,"minecraft:redstone":189,"minecraft:prismarine_crystals":18,"minecraft:tnt":1,"minecraft:arrow":74,"minecraft:stone_shovel":4,"minecraft:cooked_cod":4,"minecraft:shears":6,"minecraft:hay_block":19,"minecraft:gold_ingot":73,"minecraft:tuff_bricks":46,"minecraft:mutton":18,"minecraft:rail":477,"minecraft:white_wool":82,"minecraft:wet_sponge":46,"minecraft:oxeye_daisy":1,"minecraft:stripped_oak_log":5,"minecraft:clock":2,"minecraft:tripwire_hook":1,"minecraft:leather":40,"minecraft:filled_map":5,"minecraft:waxed_copper_bulb":4,"minecraft:oak_log":226,"minecraft:waxed_copper_block":2,"minecraft:cobblestone_wall":384,"minecraft:yellow_bed":9,"minecraft:golden_boots":2,"minecraft:gunpowder":19,"minecraft:paper":317,"minecraft:apple":8,"minecraft:stone_bricks":9,"minecraft:kelp":48,"minecraft:acacia_trapdoor":5,"minecraft:stone_pickaxe":3,"minecraft:heart_of_the_sea":1,"minecraft:iron_ingot":245,"minecraft:cooked_chicken":17,"minecraft:stripped_oak_wood":1,"minecraft:iron_sword":2,"minecraft:book":21,"minecraft:oak_slab":50,"minecraft:milk_bucket":5,"minecraft:sweet_berries":34,"minecraft:dandelion":46,"minecraft:gravel":97,"minecraft:lava_bucket":3,"minecraft:spruce_sapling":134,"minecraft:white_bed":33,"minecraft:spruce_log":770,"minecraft:spider_eye":16,"minecraft:pumpkin_seeds":2,"minecraft:purple_bed":2,"minecraft:stone_axe":9,"minecraft:campfire":66,"minecraft:short_grass":2,"minecraft:iron_helmet":27,"minecraft:diamond_axe":1,"minecraft:baked_potato":52,"minecraft:coal":476,"minecraft:chiseled_tuff_bricks":8,"minecraft:hopper":12,"minecraft:ender_pearl":2},"minecraft:used":{"minecraft:moss_block":1,"minecraft:iron_shovel":481,"minecraft:dispenser":4,"minecraft:spruce_slab":1,"minecraft:ladder":14,"minecraft:chest":30,"minecraft:white_terracotta":26,"minecraft:shield":131,"minecraft:stone":22,"minecraft:iron_sword":4,"minecraft:iron_chestplate":6,"minecraft:spruce_leaves":93,"minecraft:carrot":256,"minecraft:tuff":2,"minecraft:axolotl_bucket":1,"minecraft:milk_bucket":6,"minecraft:glass":202,"minecraft:lava_bucket":3,"minecraft:iron_helmet":9,"minecraft:stone_bricks":109,"minecraft:bow":3,"minecraft:furnace":13,"minecraft:oak_sapling":17,"minecraft:egg":372,"minecraft:potato":341,"minecraft:short_grass":2,"minecraft:diorite":27,"minecraft:stone_pickaxe":186,"minecraft:acacia_trapdoor":5,"minecraft:powered_rail":73,"minecraft:oak_planks":402,"minecraft:wooden_pickaxe":13,"minecraft:redstone_block":4,"minecraft:composter":2,"minecraft:sugar_cane":81,"minecraft:white_wool":1,"minecraft:sand":20,"minecraft:blast_furnace":2,"minecraft:shears":160,"minecraft:redstone_torch":14,"minecraft:lever":5,"minecraft:string":62,"minecraft:bread":114,"minecraft:lectern":375,"minecraft:gravel":3,"minecraft:diamond_sword":19,"minecraft:grindstone":2,"minecraft:andesite":4,"minecraft:oak_boat":27,"minecraft:coarse_dirt":3,"minecraft:bone_meal":168,"minecraft:oak_fence":41,"minecraft:oak_trapdoor":4,"minecraft:netherite_sword":3,"minecraft:enchanting_table":1,"minecraft:stone_shovel":137,"minecraft:spruce_planks":317,"minecraft:stone_hoe":90,"minecraft:cooked_chicken":54,"minecraft:oak_door":14,"minecraft:torch":50,"minecraft:brewing_stand":2,"minecraft:dirt":1480,"minecraft:anvil":5,"minecraft:white_carpet":17,"minecraft:hopper":11,"minecraft:prismarine_bricks":2,"minecraft:spruce_stairs":209,"minecraft:cobblestone_wall":74,"minecraft:granite":27,"minecraft:golden_shovel":9,"minecraft:spruce_fence":3,"minecraft:birch_door":2,"minecraft:bookshelf":21,"minecraft:iron_axe":1842,"minecraft:oak_stairs":8,"minecraft:iron_boots":5,"minecraft:barrel":74,"minecraft:tripwire_hook":3,"minecraft:glowstone":21,"minecraft:minecart":54,"minecraft:cooked_beef":36,"minecraft:cobbled_deepslate":27,"minecraft:iron_leggings":5,"minecraft:golden_axe":21,"minecraft:wheat_seeds":177,"minecraft:cooked_mutton":4,"minecraft:water_bucket":126,"minecraft:baked_potato":55,"minecraft:spruce_sign":10,"minecraft:stonecutter":3,"minecraft:fletching_table":2,"minecraft:cobblestone_slab":61,"minecraft:rail":437,"minecraft:crafting_table":43,"minecraft:oak_slab":67,"minecraft:campfire":3,"minecraft:white_bed":40,"minecraft:smoker":3,"minecraft:spruce_log":322,"minecraft:oak_log":1,"minecraft:diamond_pickaxe":163,"minecraft:activator_rail":14,"minecraft:iron_pickaxe":4706,"minecraft:spruce_trapdoor":32,"minecraft:spruce_sapling":123,"minecraft:stone_axe":131,"minecraft:fishing_rod":6,"minecraft:cobblestone":1767,"minecraft:purple_bed":2,"minecraft:cooked_porkchop":6,"minecraft:bucket":131,"minecraft:yellow_bed":7,"minecraft:kelp":6},"minecraft:custom":{"minecraft:animals_bred":234,"minecraft:interact_with_crafting_table":178,"minecraft:open_barrel":92,"minecraft:bell_ring":5,"minecraft:leave_game":9,"minecraft:time_since_death":178540,"minecraft:sprint_one_cm":2304632,"minecraft:damage_blocked_by_shield":7504,"minecraft:drop":427,"minecraft:talked_to_villager":754,"minecraft:play_time":1034283,"minecraft:deaths":32,"minecraft:jump":12786,"minecraft:interact_with_brewingstand":1,"minecraft:walk_on_water_one_cm":122305,"minecraft:enchant_item":3,"minecraft:interact_with_furnace":168,"minecraft:traded_with_villager":669,"minecraft:sleep_in_bed":8,"minecraft:damage_dealt":31747,"minecraft:player_kills":4,"minecraft:crouch_one_cm":269417,"minecraft:interact_with_smoker":12,"minecraft:inspect_dispenser":9,"minecraft:horse_one_cm":34478,"minecraft:mob_kills":253,"minecraft:interact_with_anvil":11,"minecraft:inspect_hopper":9,"minecraft:interact_with_campfire":20,"minecraft:climb_one_cm":48892,"minecraft:walk_one_cm":2535807,"minecraft:sneak_time":69793,"minecraft:walk_under_water_one_cm":109420,"minecraft:boat_one_cm":581189,"minecraft:interact_with_blast_furnace":3,"minecraft:total_world_time":1034283,"minecraft:interact_with_grindstone":3,"minecraft:interact_with_stonecutter":3,"minecraft:time_since_rest":9218,"minecraft:damage_taken":23184,"minecraft:minecart_one_cm":77131,"minecraft:swim_one_cm":330643,"minecraft:fly_one_cm":2583460,"minecraft:open_chest":425,"minecraft:fall_one_cm":244049},"minecraft:killed":{"minecraft:cave_spider":1,"minecraft:witch":1,"minecraft:spider":12,"minecraft:skeleton":23,"minecraft:chicken":103,"minecraft:pig":6,"minecraft:zombie_villager":5,"minecraft:elder_guardian":1,"minecraft:iron_golem":5,"minecraft:creeper":7,"minecraft:sheep":4,"minecraft:trader_llama":2,"minecraft:zombie":44,"minecraft:cow":23,"minecraft:phantom":2,"minecraft:drowned":2,"minecraft:villager":6,"minecraft:enderman":4},"minecraft:killed_by":{"minecraft:zombie_villager":1,"minecraft:creeper":2,"minecraft:drowned":4,"minecraft:zombie":5,"minecraft:elder_guardian":3,"minecraft:enderman":2,"minecraft:skeleton":9,"minecraft:guardian":3},"minecraft:mined":{"minecraft:spruce_planks":40,"minecraft:white_bed":28,"minecraft:brewing_stand":2,"minecraft:spruce_trapdoor":13,"minecraft:granite":328,"minecraft:grass_block":145,"minecraft:yellow_carpet":3,"minecraft:chiseled_tuff_bricks":4,"minecraft:composter":1,"minecraft:hopper":6,"minecraft:tuff_bricks":24,"minecraft:tall_seagrass":5,"minecraft:glowstone":48,"minecraft:barrel":65,"minecraft:iron_ore":94,"minecraft:cobbled_deepslate":5,"minecraft:fire":4,"minecraft:fletching_table":2,"minecraft:anvil":3,"minecraft:dirt_path":68,"minecraft:oak_stairs":15,"minecraft:tripwire":32,"minecraft:deepslate_redstone_ore":6,"minecraft:kelp_plant":5,"minecraft:smoker":1,"minecraft:torch":8,"minecraft:poppy":1,"minecraft:chest":15,"minecraft:white_stained_glass_pane":4,"minecraft:mushroom_stem":5,"minecraft:spruce_wall_sign":6,"minecraft:glass":1,"minecraft:cobblestone":535,"minecraft:sugar_cane":1210,"minecraft:grindstone":2,"minecraft:prismarine":5,"minecraft:oak_planks":87,"minecraft:wall_torch":3,"minecraft:seagrass":1,"minecraft:white_terracotta":29,"minecraft:waxed_copper_bulb":2,"minecraft:red_candle":2,"minecraft:powered_rail":50,"minecraft:wheat":153,"minecraft:activator_rail":14,"minecraft:stripped_oak_wood":1,"minecraft:waxed_copper_block":1,"minecraft:birch_door":2,"minecraft:yellow_stained_glass_pane":5,"minecraft:oak_log":191,"minecraft:oak_fence_gate":1,"minecraft:sand":185,"minecraft:dirt":457,"minecraft:tripwire_hook":1,"minecraft:stonecutter":2,"minecraft:dispenser":3,"minecraft:oak_leaves":39,"minecraft:deepslate":55,"minecraft:suspicious_gravel":1,"minecraft:diamond_ore":2,"minecraft:tuff":3,"minecraft:mossy_cobblestone":1,"minecraft:deepslate_diamond_ore":23,"minecraft:oak_door":11,"minecraft:sea_lantern":2,"minecraft:lever":2,"minecraft:ladder":6,"minecraft:brown_mushroom_block":20,"minecraft:spruce_leaves":376,"minecraft:kelp":4,"minecraft:moss_block":1,"minecraft:sandstone":7,"minecraft:hay_block":19,"minecraft:redstone_ore":7,"minecraft:spruce_sapling":1,"minecraft:furnace":10,"minecraft:carrots":166,"minecraft:acacia_trapdoor":4,"minecraft:andesite":12,"minecraft:bookshelf":7,"minecraft:potatoes":303,"minecraft:rail":348,"minecraft:cobblestone_slab":37,"minecraft:deepslate_iron_ore":39,"minecraft:stripped_oak_log":4,"minecraft:wet_sponge":22,"minecraft:stone":2875,"minecraft:oak_slab":15,"minecraft:redstone_block":4,"minecraft:glass_pane":6,"minecraft:dandelion":9,"minecraft:oak_fence":37,"minecraft:crafting_table":35,"minecraft:cornflower":2,"minecraft:short_grass":223,"minecraft:emerald_ore":1,"minecraft:lectern":370,"minecraft:campfire":1,"minecraft:copper_ore":24,"minecraft:tall_grass":43,"minecraft:deepslate_gold_ore":41,"minecraft:lapis_ore":6,"minecraft:diorite":95,"minecraft:prismarine_bricks":2,"minecraft:spruce_stairs":15,"minecraft:purple_bed":2,"minecraft:coarse_dirt":3,"minecraft:cobblestone_wall":74,"minecraft:redstone_torch":9,"minecraft:sweet_berry_bush":7,"minecraft:white_carpet":2,"minecraft:spruce_log":579,"minecraft:birch_leaves":4,"minecraft:yellow_bed":8,"minecraft:coal_ore":220,"minecraft:gravel":38,"minecraft:stone_bricks":11,"minecraft:gold_ore":15}},"DataVersion":3953}