{"stats":{"minecraft:used":{"minecraft:apple":1,"minecraft:stone_pickaxe":67,"minecraft:wooden_pickaxe":4,"minecraft:stone_axe":54,"minecraft:cobblestone":3,"minecraft:crafting_table":2,"minecraft:furnace":1,"minecraft:cooked_beef":2},"minecraft:crafted":{"minecraft:cooked_beef":3,"minecraft:crafting_table":2,"minecraft:spruce_planks":20,"minecraft:stick":8,"minecraft:wooden_pickaxe":1,"minecraft:stone_pickaxe":1,"minecraft:furnace":1,"minecraft:stone_axe":1,"minecraft:air":0},"minecraft:custom":{"minecraft:time_since_rest":13884,"minecraft:interact_with_furnace":2,"minecraft:sprint_one_cm":56276,"minecraft:damage_taken":735,"minecraft:walk_one_cm":30137,"minecraft:mob_kills":8,"minecraft:damage_dealt":805,"minecraft:interact_with_crafting_table":3,"minecraft:swim_one_cm":883,"minecraft:fly_one_cm":67043,"minecraft:crouch_one_cm":327,"minecraft:play_time":29865,"minecraft:deaths":3,"minecraft:sneak_time":94,"minecraft:walk_under_water_one_cm":5424,"minecraft:jump":314,"minecraft:walk_on_water_one_cm":705,"minecraft:leave_game":1,"minecraft:time_since_death":13809,"minecraft:total_world_time":29865,"minecraft:fall_one_cm":9295},"minecraft:mined":{"minecraft:large_fern":4,"minecraft:furnace":1,"minecraft:spruce_log":5,"minecraft:birch_leaves":1,"minecraft:crafting_table":1,"minecraft:grass":1,"minecraft:oak_log":6,"minecraft:grass_block":3,"minecraft:coal_ore":29,"minecraft:gravel":7,"minecraft:dirt":6,"minecraft:cobblestone":3,"minecraft:spruce_leaves":12,"minecraft:stone":27,"minecraft:sugar_cane":3,"minecraft:oak_leaves":19},"minecraft:killed_by":{"minecraft:skeleton":1,"minecraft:stray":1},"minecraft:killed":{"minecraft:skeleton":1,"minecraft:zombie":1,"minecraft:pig":2,"minecraft:chicken":3,"minecraft:cow":1},"minecraft:picked_up":{"minecraft:crafting_table":1,"minecraft:feather":5,"minecraft:chicken":3,"minecraft:leather":1,"minecraft:gravel":6,"minecraft:porkchop":3,"minecraft:flint":1,"minecraft:oak_log":6,"minecraft:spruce_sapling":1,"minecraft:spruce_log":5,"minecraft:dirt":10,"minecraft:apple":1,"minecraft:beef":3,"minecraft:oak_sapling":1,"minecraft:sugar_cane":4,"minecraft:coal":29,"minecraft:cobblestone":29,"minecraft:furnace":1}},"DataVersion":3463}