{"stats":{"minecraft:used":{"minecraft:water_bucket":3,"minecraft:stone_pickaxe":131,"minecraft:wooden_pickaxe":4,"minecraft:torch":4,"minecraft:dirt":4,"minecraft:crafting_table":3,"minecraft:apple":1,"minecraft:stone_axe":76,"minecraft:cobblestone":7,"minecraft:furnace":2,"minecraft:bucket":4,"minecraft:cooked_beef":3},"minecraft:crafted":{"minecraft:cooked_beef":3,"minecraft:oak_planks":24,"minecraft:crafting_table":2,"minecraft:spruce_planks":20,"minecraft:wooden_pickaxe":1,"minecraft:furnace":1,"minecraft:bucket":1,"minecraft:stone_axe":1,"minecraft:air":0,"minecraft:shield":1,"minecraft:stick":8,"minecraft:iron_ingot":4,"minecraft:stone_pickaxe":1,"minecraft:torch":4},"minecraft:custom":{"minecraft:interact_with_furnace":7,"minecraft:mob_kills":14,"minecraft:interact_with_crafting_table":6,"minecraft:leave_game":1,"minecraft:time_since_death":25809,"minecraft:time_since_rest":25884,"minecraft:sprint_one_cm":91972,"minecraft:damage_taken":895,"minecraft:walk_one_cm":53415,"minecraft:damage_dealt":1275,"minecraft:swim_one_cm":11675,"minecraft:fly_one_cm":81320,"minecraft:crouch_one_cm":327,"minecraft:play_time":41865,"minecraft:deaths":3,"minecraft:sneak_time":94,"minecraft:walk_under_water_one_cm":7069,"minecraft:jump":487,"minecraft:walk_on_water_one_cm":8912,"minecraft:total_world_time":41865,"minecraft:fall_one_cm":13568},"minecraft:mined":{"minecraft:flowering_azalea":1,"minecraft:crafting_table":2,"minecraft:grass_block":3,"minecraft:tall_grass":2,"minecraft:cobblestone":4,"minecraft:spruce_leaves":12,"minecraft:sugar_cane":3,"minecraft:moss_block":2,"minecraft:diorite":1,"minecraft:large_fern":8,"minecraft:furnace":2,"minecraft:iron_ore":18,"minecraft:sweet_berry_bush":5,"minecraft:spruce_log":5,"minecraft:birch_leaves":1,"minecraft:moss_carpet":1,"minecraft:grass":2,"minecraft:coal_ore":32,"minecraft:pointed_dripstone":1,"minecraft:oak_log":6,"minecraft:cave_vines":1,"minecraft:gravel":8,"minecraft:dirt":6,"minecraft:azalea":1,"minecraft:stone":56,"minecraft:oak_leaves":19,"minecraft:deepslate":2},"minecraft:killed_by":{"minecraft:skeleton":1,"minecraft:stray":1},"minecraft:killed":{"minecraft:pig":4,"minecraft:salmon":1,"minecraft:spider":1,"minecraft:skeleton":1,"minecraft:zombie":1,"minecraft:chicken":5,"minecraft:cow":1},"minecraft:picked_up":{"minecraft:crafting_table":2,"minecraft:feather":8,"minecraft:chicken":5,"minecraft:leather":1,"minecraft:flint":1,"minecraft:oak_log":6,"minecraft:dirt":10,"minecraft:moss_carpet":3,"minecraft:apple":1,"minecraft:wheat_seeds":3,"minecraft:cobbled_deepslate":2,"minecraft:beef":3,"minecraft:azalea":1,"minecraft:sugar_cane":4,"minecraft:flowering_azalea":1,"minecraft:furnace":2,"minecraft:raw_iron":23,"minecraft:sweet_berries":13,"minecraft:gravel":7,"minecraft:porkchop":8,"minecraft:golden_axe":1,"minecraft:spruce_sapling":1,"minecraft:pointed_dripstone":1,"minecraft:diorite":1,"minecraft:spruce_log":5,"minecraft:oak_sapling":1,"minecraft:glow_berries":1,"minecraft:coal":35,"minecraft:cobblestone":58}},"DataVersion":3463}