{"stats":{"minecraft:custom":{"minecraft:time_since_rest":1884,"minecraft:crouch_one_cm":327,"minecraft:sprint_one_cm":9662,"minecraft:play_time":17865,"minecraft:deaths":3,"minecraft:damage_taken":515,"minecraft:walk_one_cm":11227,"minecraft:sneak_time":94,"minecraft:walk_under_water_one_cm":188,"minecraft:mob_kills":1,"minecraft:jump":130,"minecraft:damage_dealt":183,"minecraft:leave_game":1,"minecraft:time_since_death":1809,"minecraft:walk_on_water_one_cm":266,"minecraft:total_world_time":17865,"minecraft:fall_one_cm":2606,"minecraft:fly_one_cm":26944},"minecraft:mined":{"minecraft:grass_block":1,"minecraft:spruce_leaves":11,"minecraft:spruce_log":5},"minecraft:killed_by":{"minecraft:skeleton":1,"minecraft:stray":1},"minecraft:killed":{"minecraft:skeleton":1},"minecraft:picked_up":{"minecraft:spruce_sapling":1,"minecraft:spruce_log":5,"minecraft:dirt":1}},"DataVersion":3463}