{"stats":{"minecraft:used":{"minecraft:armor_stand":1,"minecraft:stone_shovel":74,"minecraft:chest":1,"minecraft:spruce_planks":2,"minecraft:shield":3,"minecraft:cooked_chicken":1,"minecraft:torch":4,"minecraft:oak_door":1,"minecraft:dirt":69,"minecraft:white_carpet":1,"minecraft:axolotl_bucket":3,"minecraft:spruce_fence":28,"minecraft:barrel":4,"minecraft:furnace":4,"minecraft:cooked_beef":3,"minecraft:golden_axe":42,"minecraft:water_bucket":12,"minecraft:stone_pickaxe":132,"minecraft:wooden_pickaxe":4,"minecraft:blue_bed":1,"minecraft:sugar_cane":6,"minecraft:glow_berries":2,"minecraft:crafting_table":9,"minecraft:white_bed":1,"minecraft:apple":1,"minecraft:bread":5,"minecraft:iron_pickaxe":77,"minecraft:stone_axe":166,"minecraft:cobblestone":30,"minecraft:purple_bed":1,"minecraft:porkchop":8,"minecraft:bucket":16,"minecraft:oak_boat":1},"minecraft:crafted":{"minecraft:oak_door":3,"minecraft:oak_planks":24,"minecraft:stone_shovel":1,"minecraft:cooked_chicken":1,"minecraft:furnace":1,"minecraft:spruce_fence":33,"minecraft:stone_pickaxe":1,"minecraft:chest":1,"minecraft:stone_hoe":1,"minecraft:cooked_beef":3,"minecraft:arrow":4,"minecraft:crafting_table":4,"minecraft:spruce_planks":96,"minecraft:wooden_pickaxe":1,"minecraft:bucket":1,"minecraft:stone_axe":2,"minecraft:air":0,"minecraft:oak_boat":1,"minecraft:shield":1,"minecraft:stick":44,"minecraft:iron_ingot":19,"minecraft:iron_pickaxe":1,"minecraft:torch":4},"minecraft:custom":{"minecraft:mob_kills":17,"minecraft:interact_with_crafting_table":18,"minecraft:open_barrel":4,"minecraft:leave_game":1,"minecraft:time_since_death":67809,"minecraft:sprint_one_cm":240931,"minecraft:walk_one_cm":126824,"minecraft:damage_blocked_by_shield":75,"minecraft:drop":25,"minecraft:play_time":83865,"minecraft:deaths":3,"minecraft:sneak_time":151,"minecraft:walk_under_water_one_cm":12622,"minecraft:boat_one_cm":26980,"minecraft:jump":978,"minecraft:walk_on_water_one_cm":14166,"minecraft:total_world_time":83865,"minecraft:interact_with_furnace":16,"minecraft:interact_with_grindstone":1,"minecraft:sleep_in_bed":2,"minecraft:time_since_rest":1842,"minecraft:damage_taken":1107,"minecraft:damage_dealt":3652,"minecraft:swim_one_cm":22956,"minecraft:fly_one_cm":170363,"minecraft:open_chest":10,"minecraft:crouch_one_cm":327,"minecraft:fall_one_cm":23056},"minecraft:mined":{"minecraft:spruce_planks":3,"minecraft:white_bed":1,"minecraft:cobblestone_stairs":1,"minecraft:grass_block":53,"minecraft:spruce_leaves":18,"minecraft:moss_block":2,"minecraft:composter":1,"minecraft:large_fern":13,"minecraft:furnace":3,"minecraft:carrots":7,"minecraft:iron_ore":18,"minecraft:barrel":4,"minecraft:moss_carpet":1,"minecraft:pointed_dripstone":1,"minecraft:potatoes":32,"minecraft:cave_vines":3,"minecraft:deepslate_iron_ore":2,"minecraft:lantern":10,"minecraft:azalea":1,"minecraft:stone":60,"minecraft:flowering_azalea":1,"minecraft:brown_mushroom":3,"minecraft:crafting_table":6,"minecraft:tall_grass":2,"minecraft:cobblestone":19,"minecraft:deepslate_gold_ore":6,"minecraft:lapis_ore":3,"minecraft:sugar_cane":4,"minecraft:diorite":1,"minecraft:blue_bed":1,"minecraft:purple_bed":1,"minecraft:birch_log":9,"minecraft:sweet_berry_bush":5,"minecraft:wheat":7,"minecraft:spruce_log":17,"minecraft:birch_leaves":1,"minecraft:grass":6,"minecraft:oak_log":6,"minecraft:coal_ore":32,"minecraft:sand":4,"minecraft:gravel":9,"minecraft:dirt":36,"minecraft:oak_leaves":19,"minecraft:deepslate":15,"minecraft:fern":1},"minecraft:dropped":{"minecraft:stone_axe":1,"minecraft:spruce_fence":24},"minecraft:killed_by":{"minecraft:stray":1,"minecraft:skeleton":1},"minecraft:killed":{"minecraft:spider":1,"minecraft:skeleton":1,"minecraft:chicken":6,"minecraft:pig":4,"minecraft:salmon":1,"minecraft:iron_golem":2,"minecraft:zombie":1,"minecraft:cow":1},"minecraft:broken":{"minecraft:golden_axe":1,"minecraft:stone_axe":1},"minecraft:picked_up":{"minecraft:crafting_table":5,"minecraft:iron_chestplate":1,"minecraft:chicken":6,"minecraft:brown_mushroom":4,"minecraft:moss_carpet":3,"minecraft:armor_stand":1,"minecraft:white_carpet":1,"minecraft:cobbled_deepslate":15,"minecraft:spruce_planks":3,"minecraft:beef":3,"minecraft:azalea":1,"minecraft:poppy":3,"minecraft:sugar_cane":6,"minecraft:furnace":3,"minecraft:raw_iron":25,"minecraft:stick":5,"minecraft:spruce_fence":19,"minecraft:porkchop":8,"minecraft:golden_axe":1,"minecraft:pointed_dripstone":1,"minecraft:diorite":1,"minecraft:carrot":5,"minecraft:glow_berries":2,"minecraft:cobblestone":78,"minecraft:birch_log":9,"minecraft:feather":10,"minecraft:leather":1,"minecraft:potato":29,"minecraft:flint":1,"minecraft:oak_log":6,"minecraft:cobblestone_stairs":1,"minecraft:dirt":133,"minecraft:lapis_lazuli":19,"minecraft:blue_bed":1,"minecraft:lantern":10,"minecraft:apple":1,"minecraft:wheat_seeds":9,"minecraft:raw_gold":7,"minecraft:iron_ingot":8,"minecraft:flowering_azalea":1,"minecraft:sweet_berries":13,"minecraft:gravel":8,"minecraft:sand":4,"minecraft:spruce_sapling":9,"minecraft:white_bed":1,"minecraft:spruce_log":18,"minecraft:barrel":4,"minecraft:mossy_cobblestone":1,"minecraft:purple_bed":1,"minecraft:stone_axe":1,"minecraft:oak_sapling":1,"minecraft:coal":67}},"DataVersion":3463}