{"stats":{"minecraft:used":{"minecraft:armor_stand":1,"minecraft:stone_shovel":128,"minecraft:chest":1,"minecraft:spruce_planks":3,"minecraft:shield":7,"minecraft:stone_hoe":87,"minecraft:cooked_chicken":1,"minecraft:torch":4,"minecraft:oak_door":1,"minecraft:dirt":137,"minecraft:white_carpet":1,"minecraft:carrot":5,"minecraft:axolotl_bucket":3,"minecraft:spruce_fence":28,"minecraft:iron_axe":37,"minecraft:barrel":4,"minecraft:bow":4,"minecraft:sweet_berries":18,"minecraft:furnace":4,"minecraft:potato":26,"minecraft:cooked_beef":3,"minecraft:golden_axe":42,"minecraft:wheat_seeds":9,"minecraft:water_bucket":65,"minecraft:stone_pickaxe":132,"minecraft:wooden_pickaxe":4,"minecraft:blue_bed":1,"minecraft:sugar_cane":6,"minecraft:glow_berries":2,"minecraft:sand":22,"minecraft:crafting_table":10,"minecraft:blue_ice":1,"minecraft:white_bed":1,"minecraft:apple":1,"minecraft:bread":6,"minecraft:iron_pickaxe":77,"minecraft:spruce_trapdoor":9,"minecraft:stone_axe":191,"minecraft:cobblestone":30,"minecraft:purple_bed":1,"minecraft:porkchop":8,"minecraft:bucket":70,"minecraft:oak_boat":1,"minecraft:bone_meal":9},"minecraft:crafted":{"minecraft:oak_door":3,"minecraft:oak_planks":24,"minecraft:stone_shovel":1,"minecraft:cooked_chicken":1,"minecraft:furnace":1,"minecraft:bone_meal":6,"minecraft:spruce_fence":33,"minecraft:iron_axe":1,"minecraft:stone_pickaxe":1,"minecraft:chest":1,"minecraft:stone_hoe":1,"minecraft:cooked_beef":3,"minecraft:arrow":4,"minecraft:crafting_table":5,"minecraft:spruce_planks":96,"minecraft:wooden_pickaxe":1,"minecraft:bucket":2,"minecraft:birch_planks":36,"minecraft:stone_axe":2,"minecraft:air":0,"minecraft:oak_boat":1,"minecraft:shield":1,"minecraft:stick":44,"minecraft:iron_ingot":19,"minecraft:iron_pickaxe":1,"minecraft:torch":4},"minecraft:custom":{"minecraft:mob_kills":25,"minecraft:interact_with_crafting_table":22,"minecraft:open_barrel":6,"minecraft:leave_game":1,"minecraft:time_since_death":2536,"minecraft:sprint_one_cm":335064,"minecraft:walk_one_cm":185730,"minecraft:damage_blocked_by_shield":180,"minecraft:drop":26,"minecraft:play_time":107865,"minecraft:deaths":4,"minecraft:sneak_time":181,"minecraft:walk_under_water_one_cm":13132,"minecraft:boat_one_cm":26980,"minecraft:jump":1270,"minecraft:walk_on_water_one_cm":23941,"minecraft:total_world_time":107865,"minecraft:interact_with_furnace":16,"minecraft:interact_with_grindstone":1,"minecraft:sleep_in_bed":2,"minecraft:time_since_rest":2668,"minecraft:damage_taken":1496,"minecraft:damage_dealt":5114,"minecraft:swim_one_cm":28107,"minecraft:fly_one_cm":234875,"minecraft:open_chest":11,"minecraft:crouch_one_cm":327,"minecraft:use_cauldron":2,"minecraft:fall_one_cm":28113},"minecraft:mined":{"minecraft:spruce_planks":4,"minecraft:white_bed":1,"minecraft:cobblestone_stairs":1,"minecraft:spruce_trapdoor":9,"minecraft:grass_block":54,"minecraft:spruce_leaves":18,"minecraft:moss_block":2,"minecraft:composter":1,"minecraft:large_fern":13,"minecraft:furnace":3,"minecraft:carrots":7,"minecraft:iron_ore":18,"minecraft:barrel":4,"minecraft:moss_carpet":1,"minecraft:pointed_dripstone":1,"minecraft:potatoes":32,"minecraft:cave_vines":3,"minecraft:deepslate_iron_ore":2,"minecraft:lantern":10,"minecraft:azalea":1,"minecraft:stone":60,"minecraft:flowering_azalea":1,"minecraft:brown_mushroom":3,"minecraft:crafting_table":6,"minecraft:chest":1,"minecraft:tall_grass":2,"minecraft:cobblestone":19,"minecraft:deepslate_gold_ore":6,"minecraft:lapis_ore":3,"minecraft:sugar_cane":4,"minecraft:diorite":1,"minecraft:blue_bed":1,"minecraft:purple_bed":1,"minecraft:birch_log":9,"minecraft:sweet_berry_bush":6,"minecraft:wheat":7,"minecraft:blue_ice":1,"minecraft:spruce_log":17,"minecraft:birch_leaves":1,"minecraft:grass":6,"minecraft:oak_log":6,"minecraft:coal_ore":32,"minecraft:sand":61,"minecraft:gravel":9,"minecraft:dirt":46,"minecraft:oak_leaves":19,"minecraft:deepslate":15,"minecraft:fern":1},"minecraft:dropped":{"minecraft:stone_axe":2,"minecraft:spruce_fence":24},"minecraft:killed_by":{"minecraft:player":1,"minecraft:stray":1,"minecraft:skeleton":1},"minecraft:killed":{"minecraft:spider":3,"minecraft:skeleton":3,"minecraft:chicken":6,"minecraft:pig":4,"minecraft:salmon":1,"minecraft:iron_golem":2,"minecraft:zombie":5,"minecraft:cow":1},"minecraft:broken":{"minecraft:golden_axe":1,"minecraft:stone_axe":1},"minecraft:picked_up":{"minecraft:crafting_table":5,"minecraft:iron_chestplate":2,"minecraft:chicken":7,"minecraft:brown_mushroom":4,"minecraft:shield":1,"minecraft:string":4,"minecraft:moss_carpet":3,"minecraft:iron_axe":1,"minecraft:armor_stand":1,"minecraft:white_carpet":1,"minecraft:cobbled_deepslate":24,"minecraft:spruce_planks":7,"minecraft:beef":3,"minecraft:azalea":1,"minecraft:iron_pickaxe":1,"minecraft:poppy":4,"minecraft:sugar_cane":6,"minecraft:chest":2,"minecraft:spruce_trapdoor":9,"minecraft:furnace":3,"minecraft:raw_iron":25,"minecraft:stick":14,"minecraft:oak_door":2,"minecraft:spruce_fence":19,"minecraft:snow_block":1,"minecraft:porkchop":8,"minecraft:golden_axe":1,"minecraft:pointed_dripstone":2,"minecraft:diorite":1,"minecraft:carrot":5,"minecraft:stone_shovel":1,"minecraft:arrow":2,"minecraft:rotten_flesh":4,"minecraft:glow_berries":2,"minecraft:cobblestone":112,"minecraft:birch_log":9,"minecraft:feather":19,"minecraft:water_bucket":1,"minecraft:leather":1,"minecraft:potato":29,"minecraft:birch_planks":32,"minecraft:flint":1,"minecraft:oak_log":6,"minecraft:cobblestone_stairs":1,"minecraft:dirt":151,"minecraft:lapis_lazuli":38,"minecraft:blue_bed":1,"minecraft:lantern":20,"minecraft:bone":4,"minecraft:apple":1,"minecraft:bow":1,"minecraft:wheat_seeds":9,"minecraft:raw_gold":7,"minecraft:iron_ingot":8,"minecraft:stone_hoe":1,"minecraft:flowering_azalea":2,"minecraft:sweet_berries":22,"minecraft:axolotl_bucket":1,"minecraft:gravel":16,"minecraft:sand":100,"minecraft:spruce_sapling":18,"minecraft:white_bed":1,"minecraft:spruce_log":18,"minecraft:leather_helmet":1,"minecraft:barrel":4,"minecraft:mossy_cobblestone":1,"minecraft:purple_bed":1,"minecraft:stone_axe":3,"minecraft:bone_meal":6,"minecraft:oak_sapling":2,"minecraft:coal":69}},"DataVersion":3463}